order_id,order_time,delivery_time,distance_km,order_value,city
1,2024-01-02 01:31:00,2024-01-02 02:08:00,4.24,171,Mumbai
2,2024-01-22 00:10:00,2024-01-22 00:54:00,8.98,205,Mumbai
3,2024-01-06 20:41:00,2024-01-06 21:42:00,6.82,273,Hyderabad
4,2024-01-30 15:09:00,2024-01-30 15:45:00,2.83,277,Mumbai
5,2024-01-10 13:45:00,2024-01-10 14:42:00,7.07,215,Chennai
6,2024-01-10 19:38:00,2024-01-10 20:34:00,6.13,255,Bangalore
7,2024-01-27 22:38:00,2024-01-27 23:49:00,6.9,150,Bangalore
8,2024-01-19 10:05:00,2024-01-19 10:43:00,9.27,329,Mumbai
9,2024-01-31 06:51:00,2024-01-31 07:34:00,5.85,102,Mumbai
10,2024-01-04 21:18:00,2024-01-04 22:24:00,6.48,380,Mumbai
11,2024-01-22 20:56:00,2024-01-22 21:53:00,8.9,442,Bangalore
12,2024-01-10 04:00:00,2024-01-10 04:47:00,9.06,227,Mumbai
13,2024-01-23 15:48:00,2024-01-23 16:31:00,7.34,149,Chennai
14,2024-01-25 22:59:00,2024-01-26 00:03:00,9.71,283,Hyderabad
15,2024-01-30 12:12:00,2024-01-30 13:00:00,6.6,208,Delhi
16,2024-01-14 05:56:00,2024-01-14 06:34:00,5.28,392,Hyderabad
17,2024-01-04 02:39:00,2024-01-04 03:02:00,1.71,243,Bangalore
18,2024-01-19 00:56:00,2024-01-19 01:37:00,7.54,327,Chennai
19,2024-01-30 22:06:00,2024-01-30 23:08:00,3.17,459,Mumbai
20,2024-01-13 14:35:00,2024-01-13 15:22:00,7.02,196,Delhi
21,2024-01-03 01:01:00,2024-01-03 01:28:00,1.78,113,Chennai
22,2024-01-02 17:22:00,2024-01-02 18:03:00,6.01,188,Delhi
23,2024-01-09 07:47:00,2024-01-09 08:21:00,5.29,165,Mumbai
24,2024-01-20 19:29:00,2024-01-20 20:28:00,3.08,114,Mumbai
25,2024-01-21 23:41:00,2024-01-22 00:32:00,9.57,278,Chennai
26,2024-01-22 20:59:00,2024-01-22 22:15:00,9.32,440,Bangalore
27,2024-01-29 07:19:00,2024-01-29 07:48:00,1.45,110,Chennai
28,2024-01-01 12:38:00,2024-01-01 13:40:00,7.72,244,Mumbai
29,2024-01-09 07:02:00,2024-01-09 07:36:00,3.13,231,Mumbai
30,2024-01-13 11:37:00,2024-01-13 12:21:00,8.39,318,Delhi
31,2024-01-20 13:21:00,2024-01-20 14:05:00,1.73,101,Delhi
32,2024-01-18 16:29:00,2024-01-18 16:55:00,1.68,194,Chennai
33,2024-01-27 05:55:00,2024-01-27 06:43:00,8.93,481,Hyderabad
34,2024-01-28 21:16:00,2024-01-28 22:07:00,5.31,477,Mumbai
35,2024-01-07 19:32:00,2024-01-07 20:21:00,1.86,479,Delhi
36,2024-01-10 01:35:00,2024-01-10 02:09:00,4.34,471,Hyderabad
37,2024-01-17 20:25:00,2024-01-17 21:39:00,8.72,447,Bangalore
38,2024-01-03 10:22:00,2024-01-03 11:09:00,9.29,338,Hyderabad
39,2024-01-25 18:49:00,2024-01-25 19:31:00,5.27,369,Mumbai
40,2024-01-13 00:10:00,2024-01-13 00:38:00,2.82,333,Delhi
41,2024-01-17 13:27:00,2024-01-17 14:28:00,9.02,282,Mumbai
42,2024-01-17 10:32:00,2024-01-17 11:17:00,5.79,261,Hyderabad
43,2024-01-20 13:41:00,2024-01-20 14:36:00,6.35,449,Chennai
44,2024-01-02 16:50:00,2024-01-02 17:26:00,1.7,371,Delhi
45,2024-01-07 16:35:00,2024-01-07 17:01:00,1.77,100,Delhi
46,2024-01-29 04:28:00,2024-01-29 05:19:00,9.5,333,Hyderabad
47,2024-01-08 01:57:00,2024-01-08 02:30:00,6.38,121,Bangalore
48,2024-01-24 09:31:00,2024-01-24 10:01:00,5.14,466,Hyderabad
49,2024-01-08 20:38:00,2024-01-08 21:40:00,2.55,246,Bangalore
50,2024-01-01 00:09:00,2024-01-01 00:50:00,9.76,462,Bangalore
51,2024-01-05 02:46:00,2024-01-05 03:27:00,4.06,197,Chennai
52,2024-01-10 17:52:00,2024-01-10 18:21:00,2.16,180,Delhi
53,2024-01-17 15:05:00,2024-01-17 15:48:00,9.9,380,Hyderabad
54,2024-01-15 14:08:00,2024-01-15 15:09:00,7.11,215,Chennai
55,2024-01-26 09:01:00,2024-01-26 09:49:00,9.44,197,Chennai
56,2024-01-29 23:24:00,2024-01-30 00:02:00,9.22,481,Hyderabad
57,2024-01-15 12:02:00,2024-01-15 13:06:00,7.9,337,Bangalore
58,2024-01-24 21:04:00,2024-01-24 22:02:00,1.69,356,Mumbai
59,2024-01-15 00:31:00,2024-01-15 01:09:00,6.08,281,Mumbai
60,2024-01-01 18:21:00,2024-01-01 18:57:00,6.53,471,Bangalore
61,2024-01-13 18:22:00,2024-01-13 18:57:00,6.28,461,Delhi
62,2024-01-06 20:55:00,2024-01-06 22:08:00,9.58,323,Delhi
63,2024-01-01 00:26:00,2024-01-01 00:55:00,4.45,332,Mumbai
64,2024-01-06 23:32:00,2024-01-07 00:13:00,6.24,414,Chennai
65,2024-01-30 06:49:00,2024-01-30 07:40:00,8.82,459,Bangalore
66,2024-01-27 14:29:00,2024-01-27 15:18:00,2.64,154,Mumbai
67,2024-01-06 21:24:00,2024-01-06 22:30:00,4.74,470,Bangalore
68,2024-01-05 20:58:00,2024-01-05 21:54:00,2.07,412,Hyderabad
69,2024-01-21 11:26:00,2024-01-21 12:08:00,9.64,412,Mumbai
70,2024-01-20 01:10:00,2024-01-20 01:41:00,3.6,357,Bangalore
71,2024-01-28 08:06:00,2024-01-28 08:43:00,7.74,366,Hyderabad
72,2024-01-06 09:57:00,2024-01-06 10:47:00,9.92,473,Mumbai
73,2024-01-17 11:28:00,2024-01-17 12:10:00,9.51,251,Chennai
74,2024-01-06 09:22:00,2024-01-06 09:59:00,8.19,165,Mumbai
75,2024-01-23 19:51:00,2024-01-23 20:58:00,8.17,205,Mumbai
76,2024-01-03 09:58:00,2024-01-03 10:35:00,5.31,158,Delhi
77,2024-01-30 14:28:00,2024-01-30 15:17:00,7.85,118,Delhi
78,2024-01-15 11:35:00,2024-01-15 12:08:00,2.5,454,Delhi
79,2024-01-28 05:38:00,2024-01-28 06:27:00,7.78,478,Bangalore
80,2024-01-27 06:51:00,2024-01-27 07:32:00,4.76,456,Delhi
81,2024-01-02 20:11:00,2024-01-02 20:54:00,1.18,231,Bangalore
82,2024-01-17 10:40:00,2024-01-17 11:20:00,3.07,395,Chennai
83,2024-01-18 15:25:00,2024-01-18 15:57:00,6.47,204,Delhi
84,2024-01-06 22:55:00,2024-01-06 23:47:00,6.03,150,Chennai
85,2024-01-09 13:09:00,2024-01-09 13:58:00,7.35,411,Chennai
86,2024-01-07 10:32:00,2024-01-07 11:13:00,4.9,165,Mumbai
87,2024-01-10 14:17:00,2024-01-10 14:52:00,2.58,333,Bangalore
88,2024-01-09 10:47:00,2024-01-09 11:36:00,9.84,163,Hyderabad
89,2024-01-12 22:38:00,2024-01-12 23:52:00,8.59,365,Bangalore
90,2024-01-03 10:39:00,2024-01-03 11:21:00,6.61,105,Delhi
91,2024-01-29 04:10:00,2024-01-29 04:51:00,7.39,264,Mumbai
92,2024-01-21 16:11:00,2024-01-21 16:33:00,1.4,238,Mumbai
93,2024-01-23 02:49:00,2024-01-23 03:36:00,9.61,279,Mumbai
94,2024-01-02 02:44:00,2024-01-02 03:21:00,1.77,446,Hyderabad
95,2024-01-18 06:25:00,2024-01-18 07:05:00,7.37,106,Bangalore
96,2024-01-21 08:03:00,2024-01-21 08:48:00,7.29,481,Bangalore
97,2024-01-24 07:49:00,2024-01-24 08:15:00,2.82,218,Bangalore
98,2024-01-25 22:43:00,2024-01-25 23:53:00,8.59,121,Hyderabad
99,2024-01-13 17:02:00,2024-01-13 17:51:00,7.63,221,Delhi
100,2024-01-13 00:07:00,2024-01-13 00:43:00,4.19,140,Hyderabad
101,2024-01-23 03:28:00,2024-01-23 03:50:00,1.35,252,Delhi
102,2024-01-30 15:45:00,2024-01-30 16:28:00,5.98,254,Hyderabad
103,2024-01-25 17:20:00,2024-01-25 17:59:00,8.88,167,Chennai
104,2024-01-04 19:17:00,2024-01-04 20:14:00,5.1,238,Hyderabad
105,2024-01-21 23:35:00,2024-01-22 00:19:00,8.82,361,Delhi
106,2024-01-28 02:33:00,2024-01-28 03:19:00,9.39,273,Chennai
107,2024-01-07 14:47:00,2024-01-07 15:33:00,6.75,217,Bangalore
108,2024-01-16 02:39:00,2024-01-16 03:24:00,7.64,136,Hyderabad
109,2024-01-04 15:55:00,2024-01-04 16:47:00,9.86,352,Mumbai
110,2024-01-27 12:35:00,2024-01-27 13:22:00,2.25,463,Bangalore
111,2024-01-15 20:50:00,2024-01-15 21:58:00,9.41,258,Hyderabad
112,2024-01-17 09:47:00,2024-01-17 10:25:00,2.12,269,Hyderabad
113,2024-01-29 07:29:00,2024-01-29 08:03:00,3.73,184,Chennai
114,2024-01-09 06:39:00,2024-01-09 07:19:00,7.61,402,Chennai
115,2024-01-02 00:55:00,2024-01-02 01:25:00,2.4,467,Mumbai
116,2024-01-24 15:53:00,2024-01-24 16:36:00,7.75,105,Bangalore
117,2024-01-29 23:35:00,2024-01-30 00:20:00,7.81,172,Hyderabad
118,2024-01-20 06:56:00,2024-01-20 07:34:00,3.97,141,Mumbai
119,2024-01-07 14:42:00,2024-01-07 15:16:00,1.67,308,Mumbai
120,2024-01-23 07:09:00,2024-01-23 07:41:00,4.48,174,Delhi
121,2024-01-29 09:07:00,2024-01-29 09:51:00,8.64,414,Chennai
122,2024-01-23 09:47:00,2024-01-23 10:27:00,7.87,140,Chennai
123,2024-01-08 12:59:00,2024-01-08 14:07:00,9.84,395,Chennai
124,2024-01-29 01:40:00,2024-01-29 02:13:00,1.6,477,Mumbai
125,2024-01-10 07:15:00,2024-01-10 07:51:00,1.44,419,Delhi
126,2024-01-12 05:40:00,2024-01-12 06:23:00,6.42,227,Bangalore
127,2024-01-07 21:52:00,2024-01-07 22:46:00,2.54,369,Delhi
128,2024-01-04 11:31:00,2024-01-04 12:06:00,5.77,425,Hyderabad
129,2024-01-28 03:31:00,2024-01-28 04:08:00,7.72,323,Delhi
130,2024-01-28 20:01:00,2024-01-28 21:08:00,6.88,215,Delhi
131,2024-01-29 18:36:00,2024-01-29 19:07:00,3.01,176,Delhi
132,2024-01-12 03:23:00,2024-01-12 04:01:00,9.06,332,Chennai
133,2024-01-31 15:48:00,2024-01-31 16:27:00,2.63,306,Chennai
134,2024-01-07 07:27:00,2024-01-07 08:10:00,6.88,186,Mumbai
135,2024-01-30 06:39:00,2024-01-30 07:06:00,3.3,313,Delhi
136,2024-01-24 15:34:00,2024-01-24 16:12:00,8.59,386,Hyderabad
137,2024-01-24 06:37:00,2024-01-24 07:20:00,7.9,140,Chennai
138,2024-01-07 23:09:00,2024-01-07 23:50:00,3.66,129,Bangalore
139,2024-01-04 16:03:00,2024-01-04 16:48:00,7.26,252,Delhi
140,2024-01-01 15:46:00,2024-01-01 16:21:00,4.98,250,Chennai
141,2024-01-01 10:36:00,2024-01-01 11:08:00,6.21,496,Delhi
142,2024-01-04 03:09:00,2024-01-04 03:41:00,4.79,110,Chennai
143,2024-01-28 02:23:00,2024-01-28 02:54:00,2.0,290,Delhi
144,2024-01-14 02:58:00,2024-01-14 03:49:00,10.0,188,Delhi
145,2024-01-18 05:37:00,2024-01-18 06:18:00,6.86,332,Mumbai
146,2024-01-04 20:45:00,2024-01-04 21:37:00,2.74,340,Delhi
147,2024-01-29 14:16:00,2024-01-29 15:08:00,6.93,303,Hyderabad
148,2024-01-05 12:26:00,2024-01-05 13:17:00,5.59,368,Mumbai
149,2024-01-14 13:53:00,2024-01-14 14:44:00,1.93,210,Chennai
150,2024-01-31 16:54:00,2024-01-31 17:30:00,3.86,435,Bangalore
151,2024-01-17 05:15:00,2024-01-17 05:48:00,2.84,266,Bangalore
152,2024-01-15 14:44:00,2024-01-15 15:30:00,4.51,431,Hyderabad
153,2024-01-05 15:39:00,2024-01-05 16:12:00,1.87,129,Mumbai
154,2024-01-17 06:24:00,2024-01-17 07:12:00,7.1,389,Chennai
155,2024-01-26 16:10:00,2024-01-26 16:35:00,2.56,165,Hyderabad
156,2024-01-21 18:40:00,2024-01-21 19:08:00,3.72,434,Bangalore
157,2024-01-15 07:24:00,2024-01-15 08:07:00,9.69,264,Delhi
158,2024-01-03 02:27:00,2024-01-03 03:02:00,4.04,483,Delhi
159,2024-01-04 02:28:00,2024-01-04 03:11:00,5.06,333,Chennai
160,2024-01-01 16:52:00,2024-01-01 17:37:00,8.22,454,Delhi
161,2024-01-27 22:47:00,2024-01-27 23:49:00,6.32,270,Chennai
162,2024-01-08 05:59:00,2024-01-08 06:32:00,2.47,233,Delhi
163,2024-01-02 14:28:00,2024-01-02 15:22:00,5.67,450,Delhi
164,2024-01-12 15:32:00,2024-01-12 16:08:00,3.67,252,Bangalore
165,2024-01-11 18:26:00,2024-01-11 19:05:00,3.58,244,Bangalore
166,2024-01-08 06:04:00,2024-01-08 06:34:00,5.4,165,Chennai
167,2024-01-13 04:40:00,2024-01-13 05:06:00,2.24,340,Bangalore
168,2024-01-31 13:44:00,2024-01-31 14:25:00,5.25,308,Hyderabad
169,2024-01-02 12:35:00,2024-01-02 13:11:00,1.23,367,Delhi
170,2024-01-21 16:16:00,2024-01-21 16:57:00,7.89,413,Bangalore
171,2024-01-11 12:32:00,2024-01-11 13:24:00,7.61,298,Delhi
172,2024-01-10 13:13:00,2024-01-10 14:07:00,4.05,187,Bangalore
173,2024-01-08 20:44:00,2024-01-08 21:42:00,4.51,291,Mumbai
174,2024-01-16 23:16:00,2024-01-16 23:52:00,5.85,305,Delhi
175,2024-01-16 16:37:00,2024-01-16 17:19:00,4.31,293,Bangalore
176,2024-01-31 11:31:00,2024-01-31 12:08:00,3.94,456,Bangalore
177,2024-01-23 16:40:00,2024-01-23 17:29:00,8.49,106,Chennai
178,2024-01-16 01:02:00,2024-01-16 01:36:00,3.19,284,Chennai
179,2024-01-20 09:26:00,2024-01-20 10:01:00,3.0,374,Delhi
180,2024-01-27 13:48:00,2024-01-27 14:34:00,7.15,389,Hyderabad
181,2024-01-08 22:18:00,2024-01-08 23:09:00,1.15,394,Chennai
182,2024-01-09 01:45:00,2024-01-09 02:21:00,3.62,259,Bangalore
183,2024-01-12 15:08:00,2024-01-12 15:38:00,3.54,203,Delhi
184,2024-01-16 12:08:00,2024-01-16 13:00:00,4.08,118,Mumbai
185,2024-01-15 00:28:00,2024-01-15 01:02:00,4.56,344,Mumbai
186,2024-01-23 12:56:00,2024-01-23 13:48:00,4.88,372,Delhi
187,2024-01-30 15:39:00,2024-01-30 16:19:00,6.64,207,Delhi
188,2024-01-28 09:20:00,2024-01-28 10:06:00,8.02,216,Bangalore
189,2024-01-11 19:34:00,2024-01-11 20:41:00,6.71,186,Bangalore
190,2024-01-08 19:55:00,2024-01-08 21:13:00,9.94,243,Chennai
191,2024-01-25 21:15:00,2024-01-25 22:13:00,8.59,288,Delhi
192,2024-01-20 20:02:00,2024-01-20 21:02:00,7.3,387,Hyderabad
193,2024-01-14 04:01:00,2024-01-14 04:42:00,5.06,244,Chennai
194,2024-01-24 13:59:00,2024-01-24 14:38:00,4.08,354,Bangalore
195,2024-01-26 15:08:00,2024-01-26 15:50:00,6.74,359,Mumbai
196,2024-01-10 16:16:00,2024-01-10 16:55:00,6.61,422,Delhi
197,2024-01-10 19:14:00,2024-01-10 20:26:00,9.71,335,Mumbai
198,2024-01-22 17:06:00,2024-01-22 17:48:00,9.65,363,Bangalore
199,2024-01-14 16:09:00,2024-01-14 16:43:00,6.96,464,Chennai
200,2024-01-10 10:31:00,2024-01-10 11:10:00,8.35,280,Bangalore
201,2024-01-01 00:14:00,2024-01-01 00:56:00,6.13,468,Bangalore
202,2024-01-10 10:27:00,2024-01-10 11:06:00,8.6,356,Delhi
203,2024-01-18 15:41:00,2024-01-18 16:25:00,7.92,411,Bangalore
204,2024-01-22 11:53:00,2024-01-22 12:34:00,7.61,299,Delhi
205,2024-01-30 09:27:00,2024-01-30 09:53:00,2.08,385,Hyderabad
206,2024-01-15 17:08:00,2024-01-15 17:46:00,3.11,260,Delhi
207,2024-01-09 21:30:00,2024-01-09 22:34:00,9.8,385,Chennai
208,2024-01-30 16:54:00,2024-01-30 17:17:00,1.39,131,Mumbai
209,2024-01-18 05:45:00,2024-01-18 06:26:00,4.87,373,Delhi
210,2024-01-25 07:06:00,2024-01-25 07:52:00,9.05,175,Chennai
211,2024-01-02 17:28:00,2024-01-02 18:11:00,9.85,137,Bangalore
212,2024-01-12 05:56:00,2024-01-12 06:33:00,6.41,329,Chennai
213,2024-01-19 09:13:00,2024-01-19 09:43:00,4.39,485,Mumbai
214,2024-01-02 03:15:00,2024-01-02 04:06:00,8.77,394,Hyderabad
215,2024-01-12 06:47:00,2024-01-12 07:20:00,5.45,311,Delhi
216,2024-01-08 01:12:00,2024-01-08 01:40:00,1.96,281,Hyderabad
217,2024-01-19 11:44:00,2024-01-19 12:18:00,2.99,173,Bangalore
218,2024-01-31 19:08:00,2024-01-31 20:12:00,7.55,390,Mumbai
219,2024-01-01 06:50:00,2024-01-01 07:18:00,1.83,435,Mumbai
220,2024-01-02 00:17:00,2024-01-02 00:56:00,6.68,454,Bangalore
221,2024-01-07 15:32:00,2024-01-07 15:57:00,1.95,283,Delhi
222,2024-01-13 05:53:00,2024-01-13 06:32:00,5.52,322,Mumbai
223,2024-01-04 20:49:00,2024-01-04 21:56:00,5.98,436,Mumbai
224,2024-01-03 03:08:00,2024-01-03 03:54:00,9.66,294,Mumbai
225,2024-01-31 10:01:00,2024-01-31 10:28:00,2.79,145,Bangalore
226,2024-01-31 02:45:00,2024-01-31 03:17:00,5.1,176,Mumbai
227,2024-01-25 11:40:00,2024-01-25 12:30:00,8.22,188,Hyderabad
228,2024-01-24 09:41:00,2024-01-24 10:08:00,1.47,295,Delhi
229,2024-01-10 00:25:00,2024-01-10 01:09:00,9.61,110,Bangalore
230,2024-01-03 02:03:00,2024-01-03 02:42:00,7.34,123,Mumbai
231,2024-01-19 04:38:00,2024-01-19 05:08:00,2.65,280,Mumbai
232,2024-01-01 18:33:00,2024-01-01 19:10:00,1.9,478,Bangalore
233,2024-01-28 06:27:00,2024-01-28 07:09:00,6.28,166,Mumbai
234,2024-01-14 07:25:00,2024-01-14 08:14:00,8.01,469,Delhi
235,2024-01-21 20:27:00,2024-01-21 21:27:00,3.18,266,Chennai
236,2024-01-25 05:22:00,2024-01-25 05:58:00,3.43,395,Delhi
237,2024-01-10 02:07:00,2024-01-10 02:51:00,8.41,465,Chennai
238,2024-01-25 10:17:00,2024-01-25 10:48:00,3.46,355,Mumbai
239,2024-01-26 09:46:00,2024-01-26 10:28:00,4.35,358,Bangalore
240,2024-01-25 16:06:00,2024-01-25 16:38:00,2.85,222,Mumbai
241,2024-01-12 09:30:00,2024-01-12 10:11:00,4.73,449,Chennai
242,2024-01-24 08:48:00,2024-01-24 09:19:00,5.86,406,Chennai
243,2024-01-18 15:54:00,2024-01-18 16:41:00,8.17,450,Hyderabad
244,2024-01-18 11:57:00,2024-01-18 12:36:00,8.48,241,Hyderabad
245,2024-01-11 11:56:00,2024-01-11 12:34:00,3.68,273,Mumbai
246,2024-01-24 06:53:00,2024-01-24 07:44:00,9.61,181,Mumbai
247,2024-01-24 16:56:00,2024-01-24 17:39:00,8.1,278,Chennai
248,2024-01-22 13:03:00,2024-01-22 14:07:00,9.98,206,Mumbai
249,2024-01-25 05:18:00,2024-01-25 05:52:00,6.88,142,Bangalore
250,2024-01-02 16:20:00,2024-01-02 16:49:00,1.19,348,Hyderabad
251,2024-01-16 12:14:00,2024-01-16 12:59:00,1.99,121,Mumbai
252,2024-01-05 04:54:00,2024-01-05 05:34:00,6.22,479,Hyderabad
253,2024-01-10 17:13:00,2024-01-10 17:43:00,5.16,431,Mumbai
254,2024-01-12 09:34:00,2024-01-12 10:17:00,7.0,492,Chennai
255,2024-01-27 11:30:00,2024-01-27 12:05:00,5.46,320,Chennai
256,2024-01-08 23:40:00,2024-01-09 00:23:00,5.58,438,Chennai
257,2024-01-15 11:30:00,2024-01-15 12:01:00,3.03,263,Mumbai
258,2024-01-08 15:35:00,2024-01-08 16:18:00,9.02,167,Delhi
259,2024-01-17 11:40:00,2024-01-17 12:19:00,8.03,330,Mumbai
260,2024-01-13 16:46:00,2024-01-13 17:32:00,8.42,182,Chennai
261,2024-01-22 12:42:00,2024-01-22 13:35:00,4.24,117,Chennai
262,2024-01-29 14:40:00,2024-01-29 15:33:00,4.5,493,Hyderabad
263,2024-01-09 16:02:00,2024-01-09 16:28:00,3.06,133,Chennai
264,2024-01-29 07:25:00,2024-01-29 07:54:00,4.36,113,Chennai
265,2024-01-19 09:35:00,2024-01-19 10:06:00,1.88,127,Chennai
266,2024-01-16 11:30:00,2024-01-16 12:10:00,6.63,241,Delhi
267,2024-01-25 13:03:00,2024-01-25 13:53:00,8.97,100,Mumbai
268,2024-01-21 15:45:00,2024-01-21 16:28:00,4.51,131,Hyderabad
269,2024-01-28 11:38:00,2024-01-28 12:19:00,3.99,398,Delhi
270,2024-01-28 16:54:00,2024-01-28 17:34:00,6.05,130,Bangalore
271,2024-01-31 04:59:00,2024-01-31 05:50:00,8.5,351,Hyderabad
272,2024-01-15 10:53:00,2024-01-15 11:38:00,7.48,112,Hyderabad
273,2024-01-05 15:23:00,2024-01-05 15:55:00,3.38,142,Bangalore
274,2024-01-01 14:46:00,2024-01-01 15:44:00,6.41,182,Hyderabad
275,2024-01-25 14:24:00,2024-01-25 15:10:00,5.64,101,Chennai
276,2024-01-15 00:52:00,2024-01-15 01:29:00,2.82,170,Chennai
277,2024-01-02 23:10:00,2024-01-02 23:50:00,7.58,257,Chennai
278,2024-01-17 21:17:00,2024-01-17 22:13:00,1.65,184,Bangalore
279,2024-01-02 14:06:00,2024-01-02 14:56:00,6.22,112,Hyderabad
280,2024-01-22 19:12:00,2024-01-22 20:05:00,3.08,231,Hyderabad
281,2024-01-05 23:05:00,2024-01-05 23:33:00,2.47,292,Mumbai
282,2024-01-27 09:48:00,2024-01-27 10:39:00,9.29,130,Delhi
283,2024-01-14 13:57:00,2024-01-14 14:54:00,5.05,273,Bangalore
284,2024-01-13 00:22:00,2024-01-13 01:04:00,7.26,475,Delhi
285,2024-01-14 16:40:00,2024-01-14 17:09:00,2.4,314,Delhi
286,2024-01-13 06:40:00,2024-01-13 07:15:00,3.62,406,Hyderabad
287,2024-01-28 03:27:00,2024-01-28 04:02:00,7.14,404,Delhi
288,2024-01-08 04:32:00,2024-01-08 04:58:00,2.65,202,Hyderabad
289,2024-01-06 20:28:00,2024-01-06 21:30:00,4.22,150,Hyderabad
290,2024-01-22 03:41:00,2024-01-22 04:21:00,7.26,158,Chennai
291,2024-01-21 10:15:00,2024-01-21 10:41:00,2.78,350,Bangalore
292,2024-01-16 23:28:00,2024-01-17 00:02:00,7.26,243,Chennai
293,2024-01-22 13:59:00,2024-01-22 15:01:00,7.29,291,Bangalore
294,2024-01-11 05:54:00,2024-01-11 06:26:00,5.03,263,Mumbai
295,2024-01-24 22:40:00,2024-01-24 23:35:00,1.77,475,Mumbai
296,2024-01-16 03:15:00,2024-01-16 03:42:00,3.45,296,Hyderabad
297,2024-01-01 15:04:00,2024-01-01 15:41:00,7.61,126,Hyderabad
298,2024-01-02 21:31:00,2024-01-02 22:42:00,6.1,139,Delhi
299,2024-01-12 22:13:00,2024-01-12 22:55:00,1.41,187,Chennai
300,2024-01-05 03:21:00,2024-01-05 03:57:00,5.84,151,Chennai
301,2024-01-01 14:28:00,2024-01-01 15:11:00,2.1,424,Chennai
302,2024-01-15 08:32:00,2024-01-15 09:10:00,4.57,436,Delhi
303,2024-01-09 00:54:00,2024-01-09 01:34:00,4.6,109,Mumbai
304,2024-01-24 22:00:00,2024-01-24 22:53:00,5.94,416,Bangalore
305,2024-01-09 19:22:00,2024-01-09 20:19:00,1.46,308,Hyderabad
306,2024-01-03 19:51:00,2024-01-03 20:59:00,8.94,237,Hyderabad
307,2024-01-24 18:44:00,2024-01-24 19:23:00,4.68,398,Delhi
308,2024-01-22 17:59:00,2024-01-22 18:45:00,6.57,418,Delhi
309,2024-01-03 20:41:00,2024-01-03 21:42:00,7.9,187,Mumbai
310,2024-01-16 03:25:00,2024-01-16 04:03:00,8.5,438,Bangalore
311,2024-01-23 00:26:00,2024-01-23 01:03:00,7.52,169,Chennai
312,2024-01-20 04:38:00,2024-01-20 05:27:00,7.63,236,Chennai
313,2024-01-22 02:18:00,2024-01-22 02:48:00,1.42,137,Mumbai
314,2024-01-28 15:34:00,2024-01-28 16:21:00,8.25,132,Hyderabad
315,2024-01-26 12:17:00,2024-01-26 13:07:00,9.81,273,Mumbai
316,2024-01-16 08:13:00,2024-01-16 08:51:00,5.2,107,Chennai
317,2024-01-23 12:36:00,2024-01-23 13:37:00,9.96,312,Bangalore
318,2024-01-22 19:42:00,2024-01-22 20:35:00,6.86,250,Mumbai
319,2024-01-19 08:50:00,2024-01-19 09:22:00,1.5,132,Delhi
320,2024-01-27 21:43:00,2024-01-27 22:39:00,4.17,330,Bangalore
321,2024-01-19 22:10:00,2024-01-19 23:07:00,6.62,402,Mumbai
322,2024-01-14 10:45:00,2024-01-14 11:23:00,2.57,138,Mumbai
323,2024-01-11 11:37:00,2024-01-11 12:27:00,8.06,360,Hyderabad
324,2024-01-16 02:32:00,2024-01-16 03:18:00,8.3,401,Hyderabad
325,2024-01-22 12:18:00,2024-01-22 13:09:00,6.77,355,Mumbai
326,2024-01-12 03:12:00,2024-01-12 03:50:00,5.82,157,Bangalore
327,2024-01-13 10:38:00,2024-01-13 11:16:00,2.76,132,Hyderabad
328,2024-01-23 01:10:00,2024-01-23 01:33:00,1.1,383,Delhi
329,2024-01-08 07:21:00,2024-01-08 08:05:00,5.41,286,Mumbai
330,2024-01-14 05:31:00,2024-01-14 05:56:00,2.69,315,Hyderabad
331,2024-01-01 17:45:00,2024-01-01 18:23:00,6.44,120,Chennai
332,2024-01-20 01:06:00,2024-01-20 01:56:00,9.39,276,Chennai
333,2024-01-06 18:02:00,2024-01-06 18:39:00,4.33,412,Mumbai
334,2024-01-07 05:46:00,2024-01-07 06:14:00,3.11,167,Hyderabad
335,2024-01-13 02:29:00,2024-01-13 03:20:00,9.84,335,Hyderabad
336,2024-01-14 05:23:00,2024-01-14 05:49:00,1.17,161,Bangalore
337,2024-01-01 00:05:00,2024-01-01 00:30:00,1.07,188,Hyderabad
338,2024-01-25 10:32:00,2024-01-25 11:16:00,6.57,459,Mumbai
339,2024-01-08 21:45:00,2024-01-08 22:37:00,3.69,176,Hyderabad
340,2024-01-28 19:14:00,2024-01-28 20:02:00,1.98,258,Delhi
341,2024-01-07 03:39:00,2024-01-07 04:18:00,5.37,128,Mumbai
342,2024-01-02 14:47:00,2024-01-02 15:35:00,6.44,344,Mumbai
343,2024-01-21 20:41:00,2024-01-21 21:43:00,9.26,223,Bangalore
344,2024-01-16 23:22:00,2024-01-17 00:04:00,6.2,121,Chennai
345,2024-01-14 23:42:00,2024-01-15 00:28:00,8.88,212,Hyderabad
346,2024-01-18 12:10:00,2024-01-18 13:14:00,8.78,416,Delhi
347,2024-01-24 19:19:00,2024-01-24 20:27:00,4.96,144,Hyderabad
348,2024-01-29 12:50:00,2024-01-29 13:43:00,2.08,140,Chennai
349,2024-01-19 14:29:00,2024-01-19 15:17:00,8.92,244,Mumbai
350,2024-01-10 14:43:00,2024-01-10 15:45:00,7.34,295,Chennai
351,2024-01-01 05:37:00,2024-01-01 06:16:00,9.13,345,Mumbai
352,2024-01-22 16:40:00,2024-01-22 17:05:00,2.03,183,Mumbai
353,2024-01-02 06:24:00,2024-01-02 06:55:00,2.33,269,Chennai
354,2024-01-31 21:26:00,2024-01-31 22:17:00,4.59,290,Delhi
355,2024-01-21 08:41:00,2024-01-21 09:17:00,4.26,412,Mumbai
356,2024-01-13 19:40:00,2024-01-13 20:44:00,8.46,316,Mumbai
357,2024-01-08 13:12:00,2024-01-08 14:00:00,3.05,318,Chennai
358,2024-01-08 16:54:00,2024-01-08 17:41:00,7.48,322,Chennai
359,2024-01-06 10:36:00,2024-01-06 11:10:00,5.88,246,Hyderabad
360,2024-01-20 09:48:00,2024-01-20 10:22:00,4.56,341,Mumbai
361,2024-01-31 20:13:00,2024-01-31 21:21:00,8.12,258,Hyderabad
362,2024-01-08 09:16:00,2024-01-08 09:50:00,6.16,380,Hyderabad
363,2024-01-24 19:54:00,2024-01-24 20:50:00,4.01,233,Chennai
364,2024-01-18 21:40:00,2024-01-18 22:37:00,6.36,383,Chennai
365,2024-01-21 07:46:00,2024-01-21 08:11:00,2.72,366,Mumbai
366,2024-01-11 12:25:00,2024-01-11 13:15:00,3.89,121,Delhi
367,2024-01-12 20:33:00,2024-01-12 21:42:00,7.61,138,Chennai
368,2024-01-22 14:42:00,2024-01-22 15:36:00,3.22,235,Hyderabad
369,2024-01-05 14:21:00,2024-01-05 15:04:00,6.91,460,Bangalore
370,2024-01-19 19:03:00,2024-01-19 19:58:00,3.92,140,Mumbai
371,2024-01-16 23:26:00,2024-01-17 00:09:00,4.71,189,Bangalore
372,2024-01-02 05:47:00,2024-01-02 06:18:00,2.78,427,Bangalore
373,2024-01-22 02:37:00,2024-01-22 03:15:00,5.74,169,Chennai
374,2024-01-07 06:19:00,2024-01-07 06:51:00,2.1,385,Hyderabad
375,2024-01-25 09:20:00,2024-01-25 09:56:00,5.03,371,Chennai
376,2024-01-19 08:31:00,2024-01-19 09:13:00,9.54,177,Delhi
377,2024-01-23 07:21:00,2024-01-23 07:58:00,2.62,236,Mumbai
378,2024-01-23 10:21:00,2024-01-23 10:59:00,8.51,429,Bangalore
379,2024-01-28 18:31:00,2024-01-28 19:14:00,9.26,250,Mumbai
380,2024-01-20 22:23:00,2024-01-20 23:36:00,9.79,295,Mumbai
381,2024-01-07 22:45:00,2024-01-07 23:49:00,6.89,480,Bangalore
382,2024-01-04 06:18:00,2024-01-04 06:42:00,1.36,183,Bangalore
383,2024-01-11 18:00:00,2024-01-11 18:28:00,3.23,282,Delhi
384,2024-01-10 22:05:00,2024-01-10 23:10:00,5.25,182,Mumbai
385,2024-01-20 05:26:00,2024-01-20 06:14:00,8.13,176,Bangalore
386,2024-01-25 03:23:00,2024-01-25 03:48:00,2.87,437,Chennai
387,2024-01-27 15:50:00,2024-01-27 16:18:00,3.53,318,Chennai
388,2024-01-22 14:35:00,2024-01-22 15:38:00,8.75,447,Chennai
389,2024-01-17 07:06:00,2024-01-17 07:36:00,4.36,399,Mumbai
390,2024-01-25 09:17:00,2024-01-25 09:53:00,4.16,317,Mumbai
391,2024-01-06 04:53:00,2024-01-06 05:36:00,9.76,315,Bangalore
392,2024-01-04 12:19:00,2024-01-04 13:03:00,4.51,380,Chennai
393,2024-01-08 18:26:00,2024-01-08 19:06:00,4.15,129,Hyderabad
394,2024-01-24 23:30:00,2024-01-25 00:08:00,3.13,327,Bangalore
395,2024-01-11 03:05:00,2024-01-11 03:46:00,5.86,105,Delhi
396,2024-01-15 11:58:00,2024-01-15 12:39:00,6.21,211,Hyderabad
397,2024-01-10 04:03:00,2024-01-10 04:39:00,8.13,305,Mumbai
398,2024-01-04 11:20:00,2024-01-04 11:48:00,1.62,347,Mumbai
399,2024-01-20 23:15:00,2024-01-20 23:55:00,3.83,362,Mumbai
400,2024-01-22 09:58:00,2024-01-22 10:30:00,5.27,262,Delhi
401,2024-01-09 01:33:00,2024-01-09 02:13:00,3.5,424,Hyderabad
402,2024-01-08 16:07:00,2024-01-08 16:44:00,3.84,273,Hyderabad
403,2024-01-14 17:36:00,2024-01-14 18:15:00,5.0,469,Hyderabad
404,2024-01-03 14:35:00,2024-01-03 15:17:00,1.16,128,Bangalore
405,2024-01-12 21:04:00,2024-01-12 22:06:00,6.07,382,Hyderabad
406,2024-01-31 01:07:00,2024-01-31 01:47:00,5.86,342,Hyderabad
407,2024-01-12 21:24:00,2024-01-12 22:31:00,5.88,331,Mumbai
408,2024-01-24 05:36:00,2024-01-24 06:02:00,1.72,365,Mumbai
409,2024-01-18 23:39:00,2024-01-19 00:25:00,9.81,339,Delhi
410,2024-01-22 01:03:00,2024-01-22 01:36:00,5.84,120,Bangalore
411,2024-01-13 04:07:00,2024-01-13 04:42:00,2.01,314,Bangalore
412,2024-01-04 08:20:00,2024-01-04 09:03:00,9.15,381,Bangalore
413,2024-01-04 03:32:00,2024-01-04 04:11:00,5.7,242,Bangalore
414,2024-01-26 05:27:00,2024-01-26 06:04:00,8.94,196,Delhi
415,2024-01-22 12:29:00,2024-01-22 13:34:00,9.8,299,Chennai
416,2024-01-05 18:07:00,2024-01-05 18:42:00,3.57,426,Delhi
417,2024-01-10 05:19:00,2024-01-10 06:01:00,4.77,445,Chennai
418,2024-01-01 03:40:00,2024-01-01 04:26:00,9.85,287,Hyderabad
419,2024-01-12 01:43:00,2024-01-12 02:14:00,4.4,270,Bangalore
420,2024-01-07 18:17:00,2024-01-07 18:50:00,1.13,133,Delhi
421,2024-01-14 01:26:00,2024-01-14 02:07:00,7.13,398,Mumbai
422,2024-01-16 15:54:00,2024-01-16 16:31:00,4.73,487,Mumbai
423,2024-01-22 16:38:00,2024-01-22 17:10:00,4.13,136,Delhi
424,2024-01-23 06:02:00,2024-01-23 06:37:00,2.4,233,Chennai
425,2024-01-01 23:45:00,2024-01-02 00:37:00,9.91,167,Mumbai
426,2024-01-04 14:50:00,2024-01-04 15:34:00,3.98,439,Hyderabad
427,2024-01-18 07:32:00,2024-01-18 08:20:00,9.27,172,Hyderabad
428,2024-01-26 22:23:00,2024-01-26 23:31:00,6.52,185,Mumbai
429,2024-01-08 19:45:00,2024-01-08 20:54:00,7.41,497,Mumbai
430,2024-01-14 07:29:00,2024-01-14 08:09:00,9.29,143,Chennai
431,2024-01-10 21:17:00,2024-01-10 22:17:00,2.19,354,Chennai
432,2024-01-29 08:50:00,2024-01-29 09:39:00,8.92,312,Bangalore
433,2024-01-15 04:48:00,2024-01-15 05:25:00,3.67,269,Chennai
434,2024-01-26 02:30:00,2024-01-26 03:00:00,3.98,157,Hyderabad
435,2024-01-15 22:46:00,2024-01-15 23:40:00,2.01,135,Delhi
436,2024-01-22 11:47:00,2024-01-22 12:27:00,7.6,276,Mumbai
437,2024-01-02 17:47:00,2024-01-02 18:32:00,5.8,164,Bangalore
438,2024-01-04 18:30:00,2024-01-04 19:12:00,6.85,338,Mumbai
439,2024-01-15 11:12:00,2024-01-15 11:38:00,2.71,430,Delhi
440,2024-01-25 23:27:00,2024-01-25 23:57:00,3.8,113,Chennai
441,2024-01-12 20:48:00,2024-01-12 21:39:00,5.39,229,Bangalore
442,2024-01-29 06:58:00,2024-01-29 07:42:00,8.93,354,Delhi
443,2024-01-27 19:26:00,2024-01-27 20:20:00,6.81,166,Delhi
444,2024-01-23 16:45:00,2024-01-23 17:23:00,2.56,493,Delhi
445,2024-01-26 11:21:00,2024-01-26 12:00:00,8.96,119,Bangalore
446,2024-01-23 10:37:00,2024-01-23 11:06:00,3.52,119,Bangalore
447,2024-01-28 07:25:00,2024-01-28 07:52:00,2.68,254,Hyderabad
448,2024-01-14 15:55:00,2024-01-14 16:37:00,4.05,180,Bangalore
449,2024-01-03 21:07:00,2024-01-03 22:00:00,6.41,111,Hyderabad
450,2024-01-14 12:03:00,2024-01-14 12:55:00,2.72,287,Mumbai
451,2024-01-07 08:10:00,2024-01-07 08:38:00,1.26,310,Bangalore
452,2024-01-31 09:24:00,2024-01-31 10:12:00,9.29,194,Mumbai
453,2024-01-29 23:21:00,2024-01-29 23:53:00,5.06,187,Bangalore
454,2024-01-27 22:23:00,2024-01-27 23:31:00,4.82,294,Delhi
455,2024-01-09 22:57:00,2024-01-09 23:57:00,9.37,418,Delhi
456,2024-01-17 22:23:00,2024-01-17 23:22:00,7.27,464,Chennai
457,2024-01-24 20:38:00,2024-01-24 21:33:00,3.29,404,Hyderabad
458,2024-01-29 04:44:00,2024-01-29 05:15:00,3.81,366,Delhi
459,2024-01-10 21:10:00,2024-01-10 22:17:00,7.55,138,Hyderabad
460,2024-01-09 18:52:00,2024-01-09 19:14:00,1.08,453,Delhi
461,2024-01-28 09:11:00,2024-01-28 09:50:00,9.57,182,Chennai
462,2024-01-11 10:25:00,2024-01-11 11:07:00,8.8,291,Bangalore
463,2024-01-07 00:21:00,2024-01-07 01:02:00,7.45,456,Hyderabad
464,2024-01-18 15:18:00,2024-01-18 16:05:00,6.95,160,Chennai
465,2024-01-16 16:06:00,2024-01-16 16:35:00,3.36,313,Chennai
466,2024-01-28 03:09:00,2024-01-28 03:41:00,5.54,417,Bangalore
467,2024-01-31 10:16:00,2024-01-31 10:55:00,4.91,176,Delhi
468,2024-01-24 20:43:00,2024-01-24 21:46:00,6.89,182,Chennai
469,2024-01-17 11:05:00,2024-01-17 11:54:00,9.39,125,Delhi
470,2024-01-02 16:09:00,2024-01-02 16:48:00,7.2,268,Hyderabad
471,2024-01-09 01:30:00,2024-01-09 02:13:00,5.07,497,Bangalore
472,2024-01-29 03:47:00,2024-01-29 04:28:00,7.83,343,Delhi
473,2024-01-27 19:20:00,2024-01-27 20:10:00,3.08,205,Hyderabad
474,2024-01-20 14:51:00,2024-01-20 15:30:00,4.5,384,Chennai
475,2024-01-30 06:21:00,2024-01-30 06:58:00,4.28,249,Chennai
476,2024-01-24 12:44:00,2024-01-24 13:40:00,7.75,140,Chennai
477,2024-01-18 06:36:00,2024-01-18 07:24:00,8.02,168,Delhi
478,2024-01-11 05:19:00,2024-01-11 05:50:00,1.0,214,Bangalore
479,2024-01-01 09:27:00,2024-01-01 10:10:00,8.11,357,Bangalore
480,2024-01-15 02:35:00,2024-01-15 03:03:00,3.4,143,Hyderabad
481,2024-01-21 08:06:00,2024-01-21 08:39:00,6.48,374,Delhi
482,2024-01-10 13:26:00,2024-01-10 14:03:00,1.64,259,Delhi
483,2024-01-01 19:41:00,2024-01-01 20:35:00,7.02,336,Bangalore
484,2024-01-31 16:33:00,2024-01-31 17:18:00,9.3,380,Delhi
485,2024-01-07 23:41:00,2024-01-08 00:31:00,8.39,251,Mumbai
486,2024-01-03 19:17:00,2024-01-03 20:17:00,8.63,297,Mumbai
487,2024-01-26 14:28:00,2024-01-26 15:21:00,9.62,264,Bangalore
488,2024-01-25 07:31:00,2024-01-25 08:15:00,6.92,159,Hyderabad
489,2024-01-23 20:13:00,2024-01-23 21:23:00,7.96,349,Mumbai
490,2024-01-24 23:42:00,2024-01-25 00:22:00,6.42,356,Mumbai
491,2024-01-14 15:14:00,2024-01-14 15:48:00,1.61,416,Chennai
492,2024-01-23 10:43:00,2024-01-23 11:20:00,4.62,233,Chennai
493,2024-01-28 06:22:00,2024-01-28 06:54:00,5.08,322,Mumbai
494,2024-01-23 12:52:00,2024-01-23 13:44:00,3.16,105,Hyderabad
495,2024-01-04 16:59:00,2024-01-04 17:32:00,1.13,431,Bangalore
496,2024-01-12 12:30:00,2024-01-12 13:23:00,5.66,493,Hyderabad
497,2024-01-21 17:59:00,2024-01-21 18:44:00,9.79,277,Mumbai
498,2024-01-17 16:36:00,2024-01-17 17:11:00,2.25,294,Hyderabad
499,2024-01-01 03:40:00,2024-01-01 04:03:00,1.07,146,Bangalore
500,2024-01-24 04:15:00,2024-01-24 04:54:00,3.37,336,Chennai
501,2024-01-11 14:41:00,2024-01-11 15:28:00,2.25,117,Delhi
502,2024-01-06 06:29:00,2024-01-06 07:03:00,5.48,167,Hyderabad
503,2024-01-15 18:03:00,2024-01-15 18:38:00,2.6,212,Hyderabad
504,2024-01-11 19:13:00,2024-01-11 20:08:00,7.28,278,Delhi
505,2024-01-22 15:51:00,2024-01-22 16:20:00,1.82,267,Hyderabad
506,2024-01-27 03:00:00,2024-01-27 03:34:00,7.49,217,Bangalore
507,2024-01-06 00:28:00,2024-01-06 01:03:00,5.67,271,Chennai
508,2024-01-21 21:37:00,2024-01-21 22:38:00,7.85,244,Delhi
509,2024-01-17 07:24:00,2024-01-17 08:05:00,7.85,138,Bangalore
510,2024-01-20 12:02:00,2024-01-20 12:58:00,8.82,161,Mumbai
511,2024-01-18 10:49:00,2024-01-18 11:17:00,3.15,100,Chennai
512,2024-01-19 07:52:00,2024-01-19 08:29:00,1.57,400,Delhi
513,2024-01-06 17:50:00,2024-01-06 18:20:00,5.08,190,Hyderabad
514,2024-01-17 06:26:00,2024-01-17 07:05:00,9.32,399,Bangalore
515,2024-01-30 08:36:00,2024-01-30 09:12:00,5.56,430,Delhi
516,2024-01-18 16:32:00,2024-01-18 17:18:00,6.69,209,Delhi
517,2024-01-18 21:35:00,2024-01-18 22:36:00,7.04,278,Hyderabad
518,2024-01-07 06:48:00,2024-01-07 07:21:00,2.42,483,Delhi
519,2024-01-08 18:10:00,2024-01-08 18:46:00,7.49,486,Mumbai
520,2024-01-15 17:38:00,2024-01-15 18:14:00,3.95,327,Delhi
521,2024-01-28 06:11:00,2024-01-28 06:49:00,9.1,231,Delhi
522,2024-01-16 20:59:00,2024-01-16 22:01:00,5.51,258,Chennai
523,2024-01-12 16:24:00,2024-01-12 16:59:00,3.55,435,Mumbai
524,2024-01-20 03:20:00,2024-01-20 04:05:00,7.38,219,Chennai
525,2024-01-15 13:07:00,2024-01-15 14:08:00,6.57,107,Delhi
526,2024-01-17 16:58:00,2024-01-17 17:35:00,2.76,107,Chennai
527,2024-01-11 02:02:00,2024-01-11 02:42:00,3.47,160,Hyderabad
528,2024-01-03 04:43:00,2024-01-03 05:24:00,9.17,356,Delhi
529,2024-01-17 13:35:00,2024-01-17 14:11:00,1.75,448,Mumbai
530,2024-01-31 02:33:00,2024-01-31 03:06:00,1.32,430,Delhi
531,2024-01-19 06:53:00,2024-01-19 07:40:00,6.67,179,Mumbai
532,2024-01-15 02:50:00,2024-01-15 03:31:00,5.32,151,Bangalore
533,2024-01-13 08:38:00,2024-01-13 09:11:00,3.31,233,Chennai
534,2024-01-25 03:55:00,2024-01-25 04:27:00,1.36,297,Hyderabad
535,2024-01-09 00:58:00,2024-01-09 01:33:00,2.0,473,Bangalore
536,2024-01-13 04:44:00,2024-01-13 05:07:00,1.56,132,Mumbai
537,2024-01-29 04:56:00,2024-01-29 05:35:00,7.17,391,Mumbai
538,2024-01-02 02:57:00,2024-01-02 03:26:00,2.09,490,Bangalore
539,2024-01-27 16:53:00,2024-01-27 17:34:00,8.84,417,Mumbai
540,2024-01-03 05:46:00,2024-01-03 06:17:00,3.9,202,Chennai
541,2024-01-17 10:43:00,2024-01-17 11:15:00,1.16,323,Chennai
542,2024-01-09 13:43:00,2024-01-09 14:45:00,8.4,133,Mumbai
543,2024-01-02 16:31:00,2024-01-02 17:05:00,5.38,365,Mumbai
544,2024-01-31 07:56:00,2024-01-31 08:30:00,4.28,497,Hyderabad
545,2024-01-26 23:35:00,2024-01-27 00:11:00,1.62,460,Hyderabad
546,2024-01-05 23:03:00,2024-01-05 23:41:00,5.6,116,Mumbai
547,2024-01-19 02:43:00,2024-01-19 03:20:00,2.7,391,Chennai
548,2024-01-20 11:32:00,2024-01-20 12:01:00,3.88,158,Hyderabad
549,2024-01-28 22:26:00,2024-01-28 23:33:00,5.23,346,Hyderabad
550,2024-01-17 09:07:00,2024-01-17 09:56:00,8.15,315,Mumbai
551,2024-01-04 16:26:00,2024-01-04 17:03:00,6.96,350,Delhi
552,2024-01-14 23:34:00,2024-01-15 00:19:00,7.52,175,Chennai
553,2024-01-16 10:53:00,2024-01-16 11:33:00,6.02,426,Mumbai
554,2024-01-12 18:07:00,2024-01-12 18:39:00,6.0,200,Bangalore
555,2024-01-21 20:04:00,2024-01-21 20:57:00,4.25,113,Chennai
556,2024-01-06 13:50:00,2024-01-06 14:40:00,5.94,133,Hyderabad
557,2024-01-05 18:10:00,2024-01-05 18:39:00,4.63,452,Bangalore
558,2024-01-22 21:47:00,2024-01-22 22:52:00,9.67,166,Hyderabad
559,2024-01-27 09:28:00,2024-01-27 10:08:00,4.63,217,Delhi
560,2024-01-01 17:33:00,2024-01-01 18:13:00,3.93,189,Mumbai
561,2024-01-19 06:05:00,2024-01-19 06:41:00,1.85,447,Hyderabad
562,2024-01-28 17:51:00,2024-01-28 18:34:00,4.93,102,Bangalore
563,2024-01-07 08:38:00,2024-01-07 09:23:00,5.84,261,Hyderabad
564,2024-01-27 11:23:00,2024-01-27 12:13:00,9.02,346,Bangalore
565,2024-01-08 15:53:00,2024-01-08 16:31:00,9.19,363,Bangalore
566,2024-01-02 12:32:00,2024-01-02 13:30:00,7.76,433,Bangalore
567,2024-01-17 14:24:00,2024-01-17 15:13:00,1.85,456,Mumbai
568,2024-01-18 23:55:00,2024-01-19 00:31:00,2.82,182,Bangalore
569,2024-01-16 01:59:00,2024-01-16 02:39:00,4.04,276,Hyderabad
570,2024-01-23 13:33:00,2024-01-23 14:29:00,4.9,225,Hyderabad
571,2024-01-17 19:51:00,2024-01-17 20:41:00,4.94,193,Hyderabad
572,2024-01-10 02:48:00,2024-01-10 03:33:00,6.35,143,Delhi
573,2024-01-24 18:11:00,2024-01-24 18:51:00,8.03,308,Mumbai
574,2024-01-31 16:29:00,2024-01-31 17:06:00,1.62,420,Delhi
575,2024-01-05 12:15:00,2024-01-05 12:55:00,3.07,192,Bangalore
576,2024-01-25 08:01:00,2024-01-25 08:36:00,4.69,499,Delhi
577,2024-01-09 05:33:00,2024-01-09 06:04:00,4.54,221,Chennai
578,2024-01-03 12:01:00,2024-01-03 12:50:00,2.46,207,Delhi
579,2024-01-16 08:23:00,2024-01-16 09:02:00,6.29,423,Delhi
580,2024-01-19 02:57:00,2024-01-19 03:42:00,5.75,314,Chennai
581,2024-01-22 01:18:00,2024-01-22 01:56:00,8.0,196,Chennai
582,2024-01-21 12:05:00,2024-01-21 12:52:00,8.53,137,Chennai
583,2024-01-18 18:45:00,2024-01-18 19:19:00,6.6,129,Bangalore
584,2024-01-11 00:37:00,2024-01-11 01:03:00,1.08,412,Chennai
585,2024-01-01 04:59:00,2024-01-01 05:44:00,6.1,296,Delhi
586,2024-01-13 11:15:00,2024-01-13 12:03:00,8.01,330,Mumbai
587,2024-01-11 07:33:00,2024-01-11 08:06:00,2.39,236,Mumbai
588,2024-01-13 23:01:00,2024-01-13 23:32:00,1.61,118,Chennai
589,2024-01-02 13:18:00,2024-01-02 14:06:00,6.65,111,Mumbai
590,2024-01-30 04:34:00,2024-01-30 05:12:00,3.44,139,Delhi
591,2024-01-01 17:21:00,2024-01-01 18:06:00,6.15,414,Chennai
592,2024-01-25 16:30:00,2024-01-25 17:06:00,8.16,307,Chennai
593,2024-01-28 03:03:00,2024-01-28 03:44:00,9.26,129,Delhi
594,2024-01-02 20:02:00,2024-01-02 21:08:00,3.83,386,Chennai
595,2024-01-28 06:48:00,2024-01-28 07:20:00,5.06,419,Delhi
596,2024-01-21 07:13:00,2024-01-21 07:43:00,1.23,491,Hyderabad
597,2024-01-26 02:31:00,2024-01-26 03:17:00,8.29,493,Bangalore
598,2024-01-21 07:17:00,2024-01-21 08:01:00,6.94,412,Mumbai
599,2024-01-14 19:27:00,2024-01-14 20:22:00,4.14,196,Hyderabad
600,2024-01-03 02:51:00,2024-01-03 03:39:00,7.47,451,Hyderabad
601,2024-01-13 08:41:00,2024-01-13 09:15:00,5.26,235,Delhi
602,2024-01-11 20:18:00,2024-01-11 21:17:00,4.82,139,Mumbai
603,2024-01-11 00:42:00,2024-01-11 01:17:00,5.23,288,Bangalore
604,2024-01-14 05:09:00,2024-01-14 05:50:00,8.25,185,Delhi
605,2024-01-06 17:07:00,2024-01-06 17:37:00,5.05,350,Delhi
606,2024-01-30 14:16:00,2024-01-30 15:07:00,9.77,377,Mumbai
607,2024-01-20 13:57:00,2024-01-20 14:47:00,2.42,440,Chennai
608,2024-01-05 02:18:00,2024-01-05 02:58:00,8.66,163,Mumbai
609,2024-01-25 13:48:00,2024-01-25 14:40:00,3.23,224,Hyderabad
610,2024-01-26 11:32:00,2024-01-26 12:05:00,5.49,439,Hyderabad
611,2024-01-30 21:20:00,2024-01-30 22:30:00,9.43,309,Hyderabad
612,2024-01-19 20:57:00,2024-01-19 22:04:00,8.66,418,Mumbai
613,2024-01-11 18:39:00,2024-01-11 19:01:00,1.48,454,Bangalore
614,2024-01-07 05:59:00,2024-01-07 06:37:00,4.53,307,Delhi
615,2024-01-07 22:12:00,2024-01-07 23:13:00,9.79,191,Bangalore
616,2024-01-25 21:30:00,2024-01-25 22:22:00,4.69,179,Bangalore
617,2024-01-05 14:46:00,2024-01-05 15:48:00,9.39,283,Bangalore
618,2024-01-08 20:24:00,2024-01-08 21:23:00,7.62,109,Hyderabad
619,2024-01-04 04:29:00,2024-01-04 05:02:00,5.59,474,Hyderabad
620,2024-01-01 19:11:00,2024-01-01 20:19:00,4.85,444,Bangalore
621,2024-01-28 13:11:00,2024-01-28 13:54:00,1.71,169,Chennai
622,2024-01-06 08:24:00,2024-01-06 09:10:00,6.68,437,Bangalore
623,2024-01-10 01:36:00,2024-01-10 02:14:00,2.7,405,Delhi
624,2024-01-27 08:15:00,2024-01-27 08:44:00,3.25,189,Hyderabad
625,2024-01-18 01:56:00,2024-01-18 02:23:00,3.3,387,Chennai
626,2024-01-30 03:27:00,2024-01-30 04:08:00,5.64,155,Delhi
627,2024-01-15 17:11:00,2024-01-15 17:47:00,7.52,256,Delhi
628,2024-01-11 11:01:00,2024-01-11 11:44:00,8.82,178,Bangalore
629,2024-01-26 11:55:00,2024-01-26 12:23:00,3.6,492,Bangalore
630,2024-01-09 09:22:00,2024-01-09 09:55:00,4.16,469,Chennai
631,2024-01-06 06:05:00,2024-01-06 06:50:00,6.29,230,Mumbai
632,2024-01-12 01:06:00,2024-01-12 01:46:00,3.49,247,Hyderabad
633,2024-01-31 01:16:00,2024-01-31 01:48:00,6.34,409,Delhi
634,2024-01-04 15:26:00,2024-01-04 16:07:00,4.38,422,Delhi
635,2024-01-18 09:28:00,2024-01-18 10:08:00,7.92,453,Delhi
636,2024-01-29 01:45:00,2024-01-29 02:25:00,7.71,190,Hyderabad
637,2024-01-14 14:28:00,2024-01-14 15:18:00,6.28,195,Delhi
638,2024-01-24 05:34:00,2024-01-24 06:24:00,8.18,127,Delhi
639,2024-01-04 08:39:00,2024-01-04 09:10:00,2.8,292,Delhi
640,2024-01-16 05:57:00,2024-01-16 06:32:00,4.89,151,Chennai
641,2024-01-21 07:28:00,2024-01-21 08:18:00,9.6,284,Hyderabad
642,2024-01-26 16:19:00,2024-01-26 16:53:00,4.41,174,Bangalore
643,2024-01-21 02:13:00,2024-01-21 02:52:00,4.23,320,Hyderabad
644,2024-01-16 07:53:00,2024-01-16 08:37:00,7.15,474,Hyderabad
645,2024-01-03 16:50:00,2024-01-03 17:23:00,6.37,420,Hyderabad
646,2024-01-09 02:45:00,2024-01-09 03:21:00,4.78,272,Delhi
647,2024-01-27 21:56:00,2024-01-27 22:57:00,3.81,317,Bangalore
648,2024-01-01 17:39:00,2024-01-01 18:12:00,5.85,237,Bangalore
649,2024-01-06 13:20:00,2024-01-06 14:12:00,8.17,413,Mumbai
650,2024-01-30 08:13:00,2024-01-30 08:55:00,4.08,328,Bangalore
651,2024-01-27 07:05:00,2024-01-27 07:49:00,6.54,478,Hyderabad
652,2024-01-24 05:47:00,2024-01-24 06:25:00,8.57,466,Mumbai
653,2024-01-14 03:22:00,2024-01-14 03:58:00,3.4,225,Bangalore
654,2024-01-02 06:19:00,2024-01-02 06:49:00,5.45,346,Delhi
655,2024-01-10 21:31:00,2024-01-10 22:15:00,1.09,499,Delhi
656,2024-01-01 14:21:00,2024-01-01 15:04:00,2.98,107,Mumbai
657,2024-01-07 01:55:00,2024-01-07 02:38:00,6.06,412,Hyderabad
658,2024-01-03 04:44:00,2024-01-03 05:36:00,9.83,225,Chennai
659,2024-01-26 08:24:00,2024-01-26 08:54:00,1.34,277,Hyderabad
660,2024-01-08 09:29:00,2024-01-08 10:06:00,8.35,390,Chennai
661,2024-01-22 23:48:00,2024-01-23 00:15:00,1.93,294,Hyderabad
662,2024-01-31 17:20:00,2024-01-31 17:53:00,5.84,164,Chennai
663,2024-01-13 04:56:00,2024-01-13 05:40:00,6.84,279,Mumbai
664,2024-01-29 06:30:00,2024-01-29 07:06:00,6.6,212,Bangalore
665,2024-01-03 02:18:00,2024-01-03 02:54:00,4.54,253,Mumbai
666,2024-01-13 17:46:00,2024-01-13 18:19:00,1.04,470,Delhi
667,2024-01-15 02:58:00,2024-01-15 03:36:00,3.78,372,Hyderabad
668,2024-01-20 18:14:00,2024-01-20 19:06:00,9.1,299,Hyderabad
669,2024-01-03 10:38:00,2024-01-03 11:13:00,2.36,455,Hyderabad
670,2024-01-12 08:39:00,2024-01-12 09:17:00,5.97,220,Hyderabad
671,2024-01-07 14:15:00,2024-01-07 14:55:00,1.43,331,Chennai
672,2024-01-14 22:41:00,2024-01-14 23:55:00,8.92,386,Bangalore
673,2024-01-30 19:33:00,2024-01-30 20:35:00,6.77,367,Mumbai
674,2024-01-10 11:22:00,2024-01-10 12:00:00,6.47,114,Chennai
675,2024-01-11 21:23:00,2024-01-11 22:23:00,4.01,160,Delhi
676,2024-01-24 21:51:00,2024-01-24 22:52:00,5.24,117,Delhi
677,2024-01-31 20:25:00,2024-01-31 21:28:00,4.56,434,Bangalore
678,2024-01-16 04:02:00,2024-01-16 04:36:00,2.98,454,Delhi
679,2024-01-24 02:16:00,2024-01-24 02:48:00,1.09,311,Delhi
680,2024-01-03 04:34:00,2024-01-03 05:04:00,2.8,407,Delhi
681,2024-01-16 08:29:00,2024-01-16 09:09:00,7.06,335,Chennai
682,2024-01-11 04:51:00,2024-01-11 05:23:00,1.21,162,Chennai
683,2024-01-10 18:46:00,2024-01-10 19:15:00,4.8,357,Delhi
684,2024-01-08 11:56:00,2024-01-08 12:46:00,8.12,117,Mumbai
685,2024-01-26 10:28:00,2024-01-26 11:02:00,6.38,350,Chennai
686,2024-01-27 13:37:00,2024-01-27 14:24:00,6.79,138,Delhi
687,2024-01-10 23:39:00,2024-01-11 00:14:00,7.9,445,Chennai
688,2024-01-29 00:38:00,2024-01-29 01:15:00,4.56,394,Hyderabad
689,2024-01-03 08:40:00,2024-01-03 09:15:00,1.2,310,Hyderabad
690,2024-01-23 04:05:00,2024-01-23 04:47:00,6.66,352,Mumbai
691,2024-01-03 20:40:00,2024-01-03 21:49:00,6.17,333,Mumbai
692,2024-01-30 18:00:00,2024-01-30 18:33:00,2.99,496,Chennai
693,2024-01-09 19:10:00,2024-01-09 20:03:00,5.09,416,Mumbai
694,2024-01-29 05:00:00,2024-01-29 05:44:00,5.77,288,Mumbai
695,2024-01-29 06:20:00,2024-01-29 06:48:00,1.87,322,Bangalore
696,2024-01-29 00:25:00,2024-01-29 01:04:00,9.97,410,Mumbai
697,2024-01-30 23:54:00,2024-01-31 00:44:00,8.57,236,Chennai
698,2024-01-29 07:10:00,2024-01-29 07:48:00,6.6,204,Chennai
699,2024-01-23 13:22:00,2024-01-23 14:15:00,5.54,280,Delhi
700,2024-01-01 04:39:00,2024-01-01 05:18:00,8.64,305,Mumbai
701,2024-01-10 20:56:00,2024-01-10 22:01:00,3.15,430,Delhi
702,2024-01-07 17:54:00,2024-01-07 18:25:00,3.01,228,Hyderabad
703,2024-01-07 11:26:00,2024-01-07 11:49:00,1.53,389,Bangalore
704,2024-01-05 01:01:00,2024-01-05 01:44:00,6.4,344,Chennai
705,2024-01-24 07:43:00,2024-01-24 08:17:00,5.02,461,Chennai
706,2024-01-03 12:44:00,2024-01-03 13:24:00,3.97,282,Hyderabad
707,2024-01-07 13:58:00,2024-01-07 14:47:00,2.1,295,Chennai
708,2024-01-25 22:22:00,2024-01-25 23:26:00,4.08,376,Delhi
709,2024-01-20 04:27:00,2024-01-20 04:51:00,1.27,115,Hyderabad
710,2024-01-05 15:45:00,2024-01-05 16:20:00,6.01,487,Hyderabad
711,2024-01-13 23:12:00,2024-01-13 23:58:00,9.33,125,Hyderabad
712,2024-01-12 06:56:00,2024-01-12 07:41:00,7.82,384,Hyderabad
713,2024-01-23 18:50:00,2024-01-23 19:38:00,8.92,273,Delhi
714,2024-01-25 02:43:00,2024-01-25 03:19:00,8.04,130,Chennai
715,2024-01-12 04:49:00,2024-01-12 05:25:00,7.68,322,Hyderabad
716,2024-01-26 11:42:00,2024-01-26 12:31:00,7.7,213,Mumbai
717,2024-01-15 03:55:00,2024-01-15 04:25:00,4.5,474,Bangalore
718,2024-01-28 03:23:00,2024-01-28 04:13:00,8.13,320,Bangalore
719,2024-01-28 12:14:00,2024-01-28 13:16:00,9.3,395,Hyderabad
720,2024-01-19 10:59:00,2024-01-19 11:25:00,1.57,492,Delhi
721,2024-01-10 16:21:00,2024-01-10 16:57:00,3.74,340,Chennai
722,2024-01-31 01:07:00,2024-01-31 01:50:00,9.69,444,Hyderabad
723,2024-01-04 12:12:00,2024-01-04 13:04:00,7.3,282,Delhi
724,2024-01-31 08:32:00,2024-01-31 08:58:00,3.25,429,Delhi
725,2024-01-29 20:25:00,2024-01-29 21:08:00,1.37,387,Hyderabad
726,2024-01-24 05:50:00,2024-01-24 06:29:00,2.83,480,Delhi
727,2024-01-31 02:08:00,2024-01-31 02:56:00,9.77,324,Bangalore
728,2024-01-01 18:50:00,2024-01-01 19:32:00,4.06,437,Bangalore
729,2024-01-28 18:52:00,2024-01-28 19:30:00,4.25,464,Delhi
730,2024-01-05 09:45:00,2024-01-05 10:24:00,5.74,229,Chennai
731,2024-01-22 11:41:00,2024-01-22 12:17:00,5.53,194,Chennai
732,2024-01-30 18:26:00,2024-01-30 19:08:00,4.74,295,Bangalore
733,2024-01-18 17:40:00,2024-01-18 18:16:00,5.74,444,Delhi
734,2024-01-21 07:12:00,2024-01-21 07:50:00,6.85,489,Hyderabad
735,2024-01-10 04:09:00,2024-01-10 04:41:00,3.92,116,Bangalore
736,2024-01-02 16:33:00,2024-01-02 17:10:00,8.07,483,Bangalore
737,2024-01-19 08:29:00,2024-01-19 08:58:00,4.26,234,Chennai
738,2024-01-21 01:54:00,2024-01-21 02:25:00,2.39,382,Delhi
739,2024-01-29 05:50:00,2024-01-29 06:29:00,5.35,444,Delhi
740,2024-01-17 22:18:00,2024-01-17 23:13:00,5.6,431,Chennai
741,2024-01-23 00:25:00,2024-01-23 01:01:00,3.3,222,Mumbai
742,2024-01-09 13:51:00,2024-01-09 14:29:00,2.07,110,Delhi
743,2024-01-07 16:09:00,2024-01-07 16:37:00,2.54,274,Delhi
744,2024-01-29 03:43:00,2024-01-29 04:17:00,4.67,142,Mumbai
745,2024-01-26 08:00:00,2024-01-26 08:30:00,1.92,412,Hyderabad
746,2024-01-22 02:07:00,2024-01-22 02:56:00,7.65,288,Mumbai
747,2024-01-21 07:04:00,2024-01-21 07:38:00,6.47,499,Mumbai
748,2024-01-05 21:38:00,2024-01-05 22:39:00,7.78,472,Bangalore
749,2024-01-01 16:55:00,2024-01-01 17:45:00,9.65,373,Bangalore
750,2024-01-03 00:27:00,2024-01-03 01:06:00,3.74,190,Mumbai
751,2024-01-14 10:45:00,2024-01-14 11:32:00,9.91,295,Mumbai
752,2024-01-05 07:33:00,2024-01-05 08:05:00,1.56,187,Bangalore
753,2024-01-17 17:21:00,2024-01-17 17:55:00,6.48,266,Chennai
754,2024-01-27 09:58:00,2024-01-27 10:46:00,8.25,343,Chennai
755,2024-01-28 22:51:00,2024-01-28 23:48:00,4.06,112,Hyderabad
756,2024-01-17 05:29:00,2024-01-17 06:20:00,9.64,421,Hyderabad
757,2024-01-20 01:37:00,2024-01-20 02:12:00,4.1,489,Hyderabad
758,2024-01-03 10:18:00,2024-01-03 10:51:00,1.58,282,Hyderabad
759,2024-01-12 05:03:00,2024-01-12 05:39:00,2.18,331,Delhi
760,2024-01-30 00:10:00,2024-01-30 00:52:00,5.07,249,Bangalore
761,2024-01-16 07:47:00,2024-01-16 08:15:00,2.64,168,Bangalore
762,2024-01-07 15:35:00,2024-01-07 16:18:00,8.89,307,Bangalore
763,2024-01-11 14:13:00,2024-01-11 15:07:00,2.98,200,Bangalore
764,2024-01-01 18:53:00,2024-01-01 19:23:00,1.88,188,Mumbai
765,2024-01-19 13:48:00,2024-01-19 14:38:00,6.24,369,Bangalore
766,2024-01-19 11:40:00,2024-01-19 12:29:00,8.08,345,Mumbai
767,2024-01-04 15:10:00,2024-01-04 15:54:00,7.24,117,Bangalore
768,2024-01-18 21:21:00,2024-01-18 22:17:00,8.09,186,Hyderabad
769,2024-01-07 08:55:00,2024-01-07 09:31:00,4.29,236,Mumbai
770,2024-01-27 16:08:00,2024-01-27 16:51:00,6.98,382,Delhi
771,2024-01-30 14:40:00,2024-01-30 15:29:00,8.88,346,Delhi
772,2024-01-13 13:31:00,2024-01-13 14:15:00,6.93,480,Delhi
773,2024-01-06 08:19:00,2024-01-06 09:01:00,8.83,400,Hyderabad
774,2024-01-23 07:11:00,2024-01-23 07:45:00,5.39,243,Hyderabad
775,2024-01-18 02:02:00,2024-01-18 02:36:00,5.96,468,Mumbai
776,2024-01-26 14:47:00,2024-01-26 15:34:00,6.42,253,Chennai
777,2024-01-17 12:22:00,2024-01-17 13:12:00,7.06,410,Hyderabad
778,2024-01-22 08:07:00,2024-01-22 08:36:00,3.77,233,Delhi
779,2024-01-22 07:31:00,2024-01-22 08:09:00,5.32,353,Bangalore
780,2024-01-22 02:56:00,2024-01-22 03:30:00,4.51,423,Mumbai
781,2024-01-23 12:00:00,2024-01-23 12:47:00,1.31,435,Chennai
782,2024-01-06 06:46:00,2024-01-06 07:22:00,1.27,334,Hyderabad
783,2024-01-29 01:37:00,2024-01-29 02:04:00,1.96,171,Chennai
784,2024-01-07 00:41:00,2024-01-07 01:24:00,7.5,439,Delhi
785,2024-01-18 00:04:00,2024-01-18 00:31:00,2.69,278,Mumbai
786,2024-01-16 08:37:00,2024-01-16 09:25:00,7.72,327,Bangalore
787,2024-01-21 13:08:00,2024-01-21 13:50:00,1.99,314,Mumbai
788,2024-01-21 06:11:00,2024-01-21 06:39:00,1.08,172,Mumbai
789,2024-01-10 07:47:00,2024-01-10 08:24:00,2.06,139,Chennai
790,2024-01-13 21:43:00,2024-01-13 22:39:00,8.1,424,Chennai
791,2024-01-23 11:53:00,2024-01-23 12:35:00,5.32,412,Hyderabad
792,2024-01-02 07:27:00,2024-01-02 07:59:00,3.49,316,Chennai
793,2024-01-13 21:19:00,2024-01-13 22:29:00,8.65,101,Delhi
794,2024-01-25 08:32:00,2024-01-25 09:18:00,9.55,120,Chennai
795,2024-01-08 19:29:00,2024-01-08 20:35:00,9.4,154,Mumbai
796,2024-01-27 00:38:00,2024-01-27 01:27:00,7.68,227,Chennai
797,2024-01-25 02:26:00,2024-01-25 03:06:00,9.81,117,Mumbai
798,2024-01-27 21:02:00,2024-01-27 21:53:00,1.42,333,Hyderabad
799,2024-01-07 11:33:00,2024-01-07 12:20:00,9.48,127,Mumbai
800,2024-01-22 20:31:00,2024-01-22 21:47:00,9.28,157,Delhi
801,2024-01-01 00:05:00,2024-01-01 00:29:00,2.39,419,Chennai
802,2024-01-02 14:36:00,2024-01-02 15:39:00,8.87,335,Mumbai
803,2024-01-04 05:29:00,2024-01-04 06:01:00,1.59,190,Hyderabad
804,2024-01-11 07:03:00,2024-01-11 07:42:00,7.34,341,Bangalore
805,2024-01-13 03:38:00,2024-01-13 04:21:00,6.75,149,Mumbai
806,2024-01-05 06:11:00,2024-01-05 06:43:00,6.3,463,Mumbai
807,2024-01-23 23:57:00,2024-01-24 00:28:00,4.67,302,Mumbai
808,2024-01-15 17:30:00,2024-01-15 18:09:00,2.74,269,Mumbai
809,2024-01-04 18:36:00,2024-01-04 19:27:00,8.71,350,Chennai
810,2024-01-02 00:05:00,2024-01-02 00:36:00,5.83,418,Mumbai
811,2024-01-03 21:16:00,2024-01-03 22:19:00,6.3,462,Chennai
812,2024-01-06 09:17:00,2024-01-06 09:52:00,7.58,434,Delhi
813,2024-01-09 14:17:00,2024-01-09 15:06:00,6.38,431,Chennai
814,2024-01-23 00:44:00,2024-01-23 01:22:00,8.7,358,Bangalore
815,2024-01-18 19:01:00,2024-01-18 19:59:00,2.65,242,Delhi
816,2024-01-05 11:56:00,2024-01-05 12:23:00,1.96,112,Hyderabad
817,2024-01-24 18:12:00,2024-01-24 18:56:00,6.47,249,Mumbai
818,2024-01-06 16:20:00,2024-01-06 16:55:00,2.17,304,Bangalore
819,2024-01-15 14:41:00,2024-01-15 15:23:00,6.45,462,Hyderabad
820,2024-01-02 10:55:00,2024-01-02 11:35:00,6.64,194,Mumbai
821,2024-01-30 20:58:00,2024-01-30 21:51:00,4.83,320,Delhi
822,2024-01-31 23:07:00,2024-01-31 23:52:00,6.94,148,Delhi
823,2024-01-26 00:37:00,2024-01-26 01:18:00,5.18,254,Hyderabad
824,2024-01-22 17:10:00,2024-01-22 17:52:00,8.33,366,Mumbai
825,2024-01-15 05:36:00,2024-01-15 06:07:00,5.46,472,Mumbai
826,2024-01-01 22:30:00,2024-01-01 23:16:00,3.02,358,Bangalore
827,2024-01-30 08:27:00,2024-01-30 08:57:00,4.98,114,Hyderabad
828,2024-01-09 06:51:00,2024-01-09 07:33:00,8.52,219,Delhi
829,2024-01-22 14:31:00,2024-01-22 15:18:00,8.55,311,Hyderabad
830,2024-01-17 14:15:00,2024-01-17 14:54:00,1.88,348,Hyderabad
831,2024-01-10 07:27:00,2024-01-10 07:57:00,2.08,382,Bangalore
832,2024-01-22 11:56:00,2024-01-22 12:36:00,9.76,408,Chennai
833,2024-01-26 02:48:00,2024-01-26 03:23:00,6.1,129,Bangalore
834,2024-01-15 20:55:00,2024-01-15 21:58:00,8.41,445,Mumbai
835,2024-01-15 06:57:00,2024-01-15 07:33:00,4.44,166,Mumbai
836,2024-01-01 20:32:00,2024-01-01 21:32:00,5.7,483,Bangalore
837,2024-01-19 06:41:00,2024-01-19 07:22:00,6.43,376,Mumbai
838,2024-01-06 17:06:00,2024-01-06 17:47:00,7.44,308,Chennai
839,2024-01-25 19:53:00,2024-01-25 20:38:00,1.64,230,Hyderabad
840,2024-01-04 23:22:00,2024-01-04 23:57:00,6.04,376,Chennai
841,2024-01-17 14:46:00,2024-01-17 15:25:00,4.79,143,Mumbai
842,2024-01-09 03:31:00,2024-01-09 04:18:00,7.59,108,Chennai
843,2024-01-20 01:04:00,2024-01-20 01:51:00,9.68,112,Bangalore
844,2024-01-05 19:58:00,2024-01-05 20:42:00,1.84,182,Mumbai
845,2024-01-08 13:21:00,2024-01-08 14:07:00,7.22,166,Chennai
846,2024-01-02 15:37:00,2024-01-02 16:16:00,3.6,315,Chennai
847,2024-01-01 15:19:00,2024-01-01 16:08:00,7.68,287,Chennai
848,2024-01-23 23:05:00,2024-01-23 23:42:00,5.97,249,Chennai
849,2024-01-20 05:14:00,2024-01-20 06:06:00,9.18,243,Delhi
850,2024-01-20 03:52:00,2024-01-20 04:20:00,1.43,168,Bangalore
851,2024-01-27 21:17:00,2024-01-27 22:07:00,1.01,156,Hyderabad
852,2024-01-09 07:54:00,2024-01-09 08:23:00,3.15,260,Mumbai
853,2024-01-14 12:35:00,2024-01-14 13:26:00,1.65,138,Mumbai
854,2024-01-03 03:26:00,2024-01-03 04:06:00,3.14,269,Chennai
855,2024-01-20 07:06:00,2024-01-20 07:53:00,8.46,375,Mumbai
856,2024-01-11 01:00:00,2024-01-11 01:44:00,8.84,464,Hyderabad
857,2024-01-07 03:40:00,2024-01-07 04:22:00,5.27,164,Bangalore
858,2024-01-16 00:28:00,2024-01-16 01:05:00,4.94,243,Mumbai
859,2024-01-13 04:14:00,2024-01-13 04:58:00,8.01,135,Hyderabad
860,2024-01-28 12:52:00,2024-01-28 13:36:00,5.58,435,Bangalore
861,2024-01-17 05:09:00,2024-01-17 05:47:00,7.27,320,Chennai
862,2024-01-24 08:34:00,2024-01-24 09:13:00,9.97,208,Hyderabad
863,2024-01-26 03:11:00,2024-01-26 03:49:00,5.3,302,Chennai
864,2024-01-22 01:15:00,2024-01-22 02:04:00,7.69,312,Bangalore
865,2024-01-11 18:14:00,2024-01-11 18:47:00,2.81,197,Bangalore
866,2024-01-02 15:28:00,2024-01-02 15:57:00,2.03,314,Delhi
867,2024-01-06 11:16:00,2024-01-06 11:51:00,4.08,107,Mumbai
868,2024-01-25 04:04:00,2024-01-25 04:47:00,5.77,199,Chennai
869,2024-01-22 21:29:00,2024-01-22 22:25:00,3.2,132,Mumbai
870,2024-01-04 21:26:00,2024-01-04 22:21:00,4.38,212,Delhi
871,2024-01-31 00:32:00,2024-01-31 01:10:00,3.92,487,Mumbai
872,2024-01-05 00:46:00,2024-01-05 01:16:00,5.48,184,Hyderabad
873,2024-01-07 22:07:00,2024-01-07 23:09:00,5.61,468,Delhi
874,2024-01-08 19:50:00,2024-01-08 20:49:00,4.6,297,Bangalore
875,2024-01-12 17:34:00,2024-01-12 18:20:00,9.06,176,Chennai
876,2024-01-26 05:20:00,2024-01-26 05:48:00,2.63,356,Mumbai
877,2024-01-11 02:04:00,2024-01-11 02:39:00,6.57,367,Hyderabad
878,2024-01-18 14:49:00,2024-01-18 15:47:00,9.75,142,Mumbai
879,2024-01-17 16:18:00,2024-01-17 16:55:00,3.15,180,Delhi
880,2024-01-14 20:09:00,2024-01-14 21:07:00,8.79,105,Hyderabad
881,2024-01-10 09:05:00,2024-01-10 09:47:00,6.45,385,Delhi
882,2024-01-31 15:11:00,2024-01-31 15:37:00,2.77,450,Bangalore
883,2024-01-09 01:46:00,2024-01-09 02:34:00,7.03,408,Mumbai
884,2024-01-22 01:11:00,2024-01-22 01:42:00,4.77,192,Hyderabad
885,2024-01-07 07:18:00,2024-01-07 07:56:00,4.66,125,Bangalore
886,2024-01-23 03:29:00,2024-01-23 04:16:00,8.73,118,Delhi
887,2024-01-16 23:00:00,2024-01-16 23:38:00,5.77,456,Hyderabad
888,2024-01-12 22:28:00,2024-01-12 23:29:00,7.61,217,Delhi
889,2024-01-19 23:56:00,2024-01-20 00:20:00,2.25,408,Bangalore
890,2024-01-17 05:46:00,2024-01-17 06:35:00,9.79,448,Chennai
891,2024-01-30 05:32:00,2024-01-30 06:08:00,7.72,174,Mumbai
892,2024-01-07 02:23:00,2024-01-07 03:08:00,6.68,480,Delhi
893,2024-01-09 05:30:00,2024-01-09 06:16:00,7.39,111,Bangalore
894,2024-01-22 22:19:00,2024-01-22 23:19:00,7.71,334,Mumbai
895,2024-01-30 16:41:00,2024-01-30 17:13:00,3.15,299,Chennai
896,2024-01-10 10:36:00,2024-01-10 11:09:00,2.52,392,Mumbai
897,2024-01-13 21:10:00,2024-01-13 22:00:00,5.38,390,Hyderabad
898,2024-01-07 11:07:00,2024-01-07 11:47:00,9.38,112,Mumbai
899,2024-01-12 06:30:00,2024-01-12 07:09:00,4.36,450,Bangalore
900,2024-01-04 19:54:00,2024-01-04 20:38:00,2.46,180,Bangalore
901,2024-01-26 02:11:00,2024-01-26 02:43:00,3.54,446,Bangalore
902,2024-01-15 04:46:00,2024-01-15 05:28:00,4.82,311,Mumbai
903,2024-01-02 20:09:00,2024-01-02 21:07:00,1.03,249,Bangalore
904,2024-01-24 07:32:00,2024-01-24 08:20:00,8.83,330,Mumbai
905,2024-01-27 01:21:00,2024-01-27 01:50:00,2.1,309,Hyderabad
906,2024-01-15 23:34:00,2024-01-16 00:05:00,3.17,366,Delhi
907,2024-01-14 00:40:00,2024-01-14 01:17:00,1.76,280,Bangalore
908,2024-01-08 10:39:00,2024-01-08 11:18:00,3.24,438,Hyderabad
909,2024-01-02 03:44:00,2024-01-02 04:29:00,8.07,163,Bangalore
910,2024-01-17 21:22:00,2024-01-17 22:26:00,3.99,389,Chennai
911,2024-01-24 22:40:00,2024-01-24 23:47:00,5.01,463,Bangalore
912,2024-01-08 05:13:00,2024-01-08 05:40:00,2.22,348,Chennai
913,2024-01-08 12:36:00,2024-01-08 13:22:00,5.36,154,Mumbai
914,2024-01-21 14:46:00,2024-01-21 15:49:00,8.32,210,Hyderabad
915,2024-01-26 03:40:00,2024-01-26 04:16:00,2.59,336,Bangalore
916,2024-01-24 03:28:00,2024-01-24 03:59:00,2.57,214,Chennai
917,2024-01-08 15:47:00,2024-01-08 16:17:00,1.48,478,Mumbai
918,2024-01-21 16:48:00,2024-01-21 17:18:00,3.78,347,Bangalore
919,2024-01-06 23:56:00,2024-01-07 00:22:00,3.19,367,Delhi
920,2024-01-16 01:21:00,2024-01-16 01:51:00,3.98,238,Mumbai
921,2024-01-31 10:59:00,2024-01-31 11:33:00,5.9,130,Bangalore
922,2024-01-23 18:26:00,2024-01-23 19:01:00,3.47,133,Bangalore
923,2024-01-22 00:57:00,2024-01-22 01:33:00,1.42,196,Bangalore
924,2024-01-15 13:47:00,2024-01-15 14:39:00,4.59,367,Delhi
925,2024-01-22 18:18:00,2024-01-22 19:04:00,6.05,390,Hyderabad
926,2024-01-12 22:50:00,2024-01-12 23:54:00,3.73,354,Mumbai
927,2024-01-09 11:56:00,2024-01-09 12:35:00,7.74,467,Chennai
928,2024-01-20 18:38:00,2024-01-20 19:06:00,3.14,210,Hyderabad
929,2024-01-30 07:05:00,2024-01-30 07:51:00,9.14,230,Mumbai
930,2024-01-28 19:03:00,2024-01-28 19:52:00,1.71,188,Bangalore
931,2024-01-16 12:23:00,2024-01-16 13:14:00,5.24,132,Chennai
932,2024-01-25 21:29:00,2024-01-25 22:29:00,9.82,257,Mumbai
933,2024-01-02 13:22:00,2024-01-02 13:58:00,2.37,212,Hyderabad
934,2024-01-06 08:37:00,2024-01-06 09:10:00,4.72,130,Bangalore
935,2024-01-07 00:30:00,2024-01-07 01:03:00,5.1,100,Delhi
936,2024-01-01 17:09:00,2024-01-01 17:48:00,7.6,155,Mumbai
937,2024-01-17 00:21:00,2024-01-17 00:59:00,5.24,394,Delhi
938,2024-01-27 23:21:00,2024-01-28 00:12:00,9.96,319,Delhi
939,2024-01-03 12:50:00,2024-01-03 13:39:00,5.49,261,Chennai
940,2024-01-12 16:25:00,2024-01-12 16:56:00,2.68,123,Chennai
941,2024-01-15 03:34:00,2024-01-15 04:15:00,8.87,418,Delhi
942,2024-01-10 22:28:00,2024-01-10 23:36:00,7.29,201,Chennai
943,2024-01-27 09:03:00,2024-01-27 09:42:00,6.55,221,Bangalore
944,2024-01-19 22:14:00,2024-01-19 23:02:00,1.75,224,Chennai
945,2024-01-20 21:54:00,2024-01-20 22:53:00,6.08,360,Delhi
946,2024-01-25 22:45:00,2024-01-25 23:42:00,1.39,409,Mumbai
947,2024-01-30 21:09:00,2024-01-30 22:09:00,8.71,152,Mumbai
948,2024-01-09 10:16:00,2024-01-09 10:58:00,7.66,125,Bangalore
949,2024-01-09 15:21:00,2024-01-09 16:00:00,8.27,474,Delhi
950,2024-01-26 10:18:00,2024-01-26 10:58:00,3.13,300,Chennai
951,2024-01-25 14:39:00,2024-01-25 15:35:00,4.02,233,Delhi
952,2024-01-03 09:58:00,2024-01-03 10:38:00,9.34,258,Bangalore
953,2024-01-12 10:08:00,2024-01-12 10:56:00,8.26,263,Bangalore
954,2024-01-14 18:31:00,2024-01-14 19:17:00,7.2,107,Chennai
955,2024-01-18 06:59:00,2024-01-18 07:27:00,1.47,140,Mumbai
956,2024-01-23 10:17:00,2024-01-23 10:56:00,4.03,397,Hyderabad
957,2024-01-07 21:48:00,2024-01-07 22:50:00,8.56,485,Hyderabad
958,2024-01-22 20:36:00,2024-01-22 21:44:00,4.65,408,Mumbai
959,2024-01-11 05:04:00,2024-01-11 05:32:00,3.5,148,Mumbai
960,2024-01-01 08:53:00,2024-01-01 09:31:00,3.39,421,Chennai
961,2024-01-21 01:29:00,2024-01-21 01:57:00,2.9,432,Chennai
962,2024-01-25 09:05:00,2024-01-25 09:54:00,9.14,424,Hyderabad
963,2024-01-13 00:11:00,2024-01-13 00:44:00,1.75,401,Delhi
964,2024-01-07 01:55:00,2024-01-07 02:25:00,1.55,148,Mumbai
965,2024-01-28 10:40:00,2024-01-28 11:23:00,8.07,183,Bangalore
966,2024-01-13 12:54:00,2024-01-13 13:52:00,6.24,391,Bangalore
967,2024-01-11 23:13:00,2024-01-11 23:48:00,3.25,427,Chennai
968,2024-01-12 18:22:00,2024-01-12 19:04:00,8.02,457,Delhi
969,2024-01-14 05:34:00,2024-01-14 06:12:00,2.86,466,Bangalore
970,2024-01-14 15:10:00,2024-01-14 15:56:00,7.75,402,Delhi
971,2024-01-15 04:50:00,2024-01-15 05:40:00,9.73,223,Chennai
972,2024-01-12 03:11:00,2024-01-12 03:45:00,3.31,269,Mumbai
973,2024-01-10 02:28:00,2024-01-10 02:55:00,1.99,380,Bangalore
974,2024-01-26 21:23:00,2024-01-26 22:12:00,1.77,498,Mumbai
975,2024-01-31 16:39:00,2024-01-31 17:23:00,6.61,133,Chennai
976,2024-01-28 12:40:00,2024-01-28 13:36:00,7.16,106,Mumbai
977,2024-01-26 07:24:00,2024-01-26 07:53:00,4.82,190,Bangalore
978,2024-01-28 17:00:00,2024-01-28 17:36:00,7.09,134,Delhi
979,2024-01-30 17:52:00,2024-01-30 18:43:00,9.98,204,Bangalore
980,2024-01-31 10:04:00,2024-01-31 10:39:00,2.57,124,Chennai
981,2024-01-13 20:02:00,2024-01-13 20:56:00,5.13,293,Bangalore
982,2024-01-24 10:08:00,2024-01-24 10:40:00,5.93,285,Chennai
983,2024-01-02 04:14:00,2024-01-02 04:55:00,5.24,169,Hyderabad
984,2024-01-04 17:23:00,2024-01-04 17:54:00,5.53,350,Mumbai
985,2024-01-29 00:35:00,2024-01-29 01:16:00,6.1,384,Mumbai
986,2024-01-10 01:28:00,2024-01-10 02:12:00,9.02,156,Delhi
987,2024-01-09 08:24:00,2024-01-09 08:55:00,3.94,191,Hyderabad
988,2024-01-19 18:32:00,2024-01-19 18:59:00,3.03,351,Hyderabad
989,2024-01-18 12:38:00,2024-01-18 13:38:00,8.79,398,Hyderabad
990,2024-01-16 21:44:00,2024-01-16 22:51:00,5.68,378,Hyderabad
991,2024-01-24 13:01:00,2024-01-24 13:52:00,5.25,329,Delhi
992,2024-01-02 05:14:00,2024-01-02 05:53:00,6.05,344,Delhi
993,2024-01-27 04:43:00,2024-01-27 05:25:00,9.39,228,Delhi
994,2024-01-12 14:42:00,2024-01-12 15:26:00,5.3,157,Chennai
995,2024-01-06 02:42:00,2024-01-06 03:14:00,1.61,232,Hyderabad
996,2024-01-27 01:15:00,2024-01-27 01:50:00,6.11,482,Delhi
997,2024-01-14 02:20:00,2024-01-14 02:55:00,5.31,412,Hyderabad
998,2024-01-20 22:40:00,2024-01-20 23:33:00,5.66,490,Bangalore
999,2024-01-24 04:40:00,2024-01-24 05:12:00,3.93,278,Hyderabad
1000,2024-01-20 01:51:00,2024-01-20 02:25:00,6.02,292,Chennai
1001,2024-01-29 16:29:00,2024-01-29 17:05:00,1.04,195,Chennai
1002,2024-01-17 10:17:00,2024-01-17 10:53:00,7.9,421,Delhi
1003,2024-01-21 02:00:00,2024-01-21 02:32:00,1.51,338,Chennai
1004,2024-01-04 21:48:00,2024-01-04 23:02:00,8.89,100,Bangalore
1005,2024-01-29 23:10:00,2024-01-29 23:43:00,3.61,124,Bangalore
1006,2024-01-16 21:49:00,2024-01-16 22:54:00,5.89,136,Mumbai
1007,2024-01-20 00:26:00,2024-01-20 01:08:00,6.5,285,Hyderabad
1008,2024-01-29 21:43:00,2024-01-29 22:45:00,8.65,198,Chennai
1009,2024-01-18 20:34:00,2024-01-18 21:41:00,4.23,174,Chennai
1010,2024-01-03 10:01:00,2024-01-03 10:33:00,3.39,112,Delhi
1011,2024-01-04 08:00:00,2024-01-04 08:28:00,4.42,461,Chennai
1012,2024-01-01 14:12:00,2024-01-01 15:02:00,5.1,137,Delhi
1013,2024-01-11 05:58:00,2024-01-11 06:36:00,2.11,469,Hyderabad
1014,2024-01-10 09:16:00,2024-01-10 09:48:00,4.71,267,Bangalore
1015,2024-01-03 06:50:00,2024-01-03 07:13:00,1.85,460,Bangalore
1016,2024-01-25 10:03:00,2024-01-25 10:49:00,6.81,219,Mumbai
1017,2024-01-25 10:32:00,2024-01-25 11:17:00,7.41,104,Chennai
1018,2024-01-11 14:27:00,2024-01-11 15:32:00,9.83,109,Chennai
1019,2024-01-13 18:06:00,2024-01-13 18:38:00,2.02,217,Delhi
1020,2024-01-18 16:23:00,2024-01-18 17:13:00,9.98,184,Mumbai
1021,2024-01-08 15:28:00,2024-01-08 16:03:00,4.28,445,Mumbai
1022,2024-01-13 05:13:00,2024-01-13 05:44:00,2.57,485,Delhi
1023,2024-01-28 15:45:00,2024-01-28 16:22:00,7.5,200,Mumbai
1024,2024-01-17 02:18:00,2024-01-17 02:54:00,1.49,394,Delhi
1025,2024-01-21 21:06:00,2024-01-21 21:51:00,1.43,405,Hyderabad
1026,2024-01-02 15:35:00,2024-01-02 16:16:00,3.88,473,Delhi
1027,2024-01-11 01:43:00,2024-01-11 02:18:00,5.03,138,Chennai
1028,2024-01-10 14:31:00,2024-01-10 15:15:00,6.18,209,Chennai
1029,2024-01-02 14:53:00,2024-01-02 15:35:00,4.43,232,Hyderabad
1030,2024-01-12 16:05:00,2024-01-12 16:47:00,6.6,307,Chennai
1031,2024-01-11 13:43:00,2024-01-11 14:49:00,8.85,123,Chennai
1032,2024-01-08 12:53:00,2024-01-08 13:46:00,6.54,484,Chennai
1033,2024-01-08 08:33:00,2024-01-08 09:07:00,2.16,334,Mumbai
1034,2024-01-20 16:59:00,2024-01-20 17:36:00,6.08,372,Bangalore
1035,2024-01-09 07:48:00,2024-01-09 08:34:00,6.49,248,Mumbai
1036,2024-01-02 15:46:00,2024-01-02 16:29:00,4.86,484,Hyderabad
1037,2024-01-15 13:47:00,2024-01-15 14:41:00,6.91,133,Delhi
1038,2024-01-17 18:29:00,2024-01-17 19:07:00,9.24,463,Delhi
1039,2024-01-10 12:18:00,2024-01-10 13:08:00,3.66,241,Bangalore
1040,2024-01-21 09:24:00,2024-01-21 10:04:00,7.63,466,Delhi
1041,2024-01-14 11:38:00,2024-01-14 12:07:00,2.59,127,Hyderabad
1042,2024-01-26 16:05:00,2024-01-26 16:30:00,2.05,418,Bangalore
1043,2024-01-12 08:58:00,2024-01-12 09:38:00,7.66,223,Bangalore
1044,2024-01-11 12:29:00,2024-01-11 13:08:00,3.6,411,Chennai
1045,2024-01-06 23:22:00,2024-01-06 23:54:00,4.0,153,Delhi
1046,2024-01-21 20:55:00,2024-01-21 21:38:00,1.81,311,Mumbai
1047,2024-01-27 08:35:00,2024-01-27 09:15:00,4.04,225,Bangalore
1048,2024-01-15 10:21:00,2024-01-15 10:52:00,4.62,269,Mumbai
1049,2024-01-19 19:22:00,2024-01-19 20:17:00,6.06,369,Hyderabad
1050,2024-01-18 04:07:00,2024-01-18 04:41:00,3.85,348,Bangalore
1051,2024-01-08 22:57:00,2024-01-08 23:55:00,7.07,378,Chennai
1052,2024-01-15 12:52:00,2024-01-15 13:38:00,7.21,401,Bangalore
1053,2024-01-03 04:19:00,2024-01-03 05:05:00,8.61,168,Mumbai
1054,2024-01-01 07:12:00,2024-01-01 07:59:00,9.41,292,Hyderabad
1055,2024-01-06 18:00:00,2024-01-06 18:45:00,9.14,410,Hyderabad
1056,2024-01-13 16:08:00,2024-01-13 16:48:00,6.21,365,Hyderabad
1057,2024-01-10 17:38:00,2024-01-10 18:21:00,5.28,367,Mumbai
1058,2024-01-25 19:32:00,2024-01-25 20:20:00,2.18,226,Bangalore
1059,2024-01-05 06:58:00,2024-01-05 07:37:00,7.11,490,Delhi
1060,2024-01-07 03:31:00,2024-01-07 04:03:00,4.76,197,Mumbai
1061,2024-01-29 15:50:00,2024-01-29 16:24:00,6.6,229,Delhi
1062,2024-01-23 14:44:00,2024-01-23 15:39:00,7.65,209,Hyderabad
1063,2024-01-27 15:08:00,2024-01-27 15:45:00,8.22,226,Bangalore
1064,2024-01-09 15:41:00,2024-01-09 16:21:00,9.8,261,Hyderabad
1065,2024-01-15 11:24:00,2024-01-15 11:48:00,1.19,367,Bangalore
1066,2024-01-01 20:27:00,2024-01-01 21:40:00,9.86,269,Chennai
1067,2024-01-31 21:23:00,2024-01-31 22:11:00,2.03,287,Hyderabad
1068,2024-01-05 11:11:00,2024-01-05 11:41:00,2.92,422,Chennai
1069,2024-01-05 06:41:00,2024-01-05 07:19:00,7.62,112,Hyderabad
1070,2024-01-09 21:24:00,2024-01-09 22:07:00,1.68,206,Bangalore
1071,2024-01-14 10:39:00,2024-01-14 11:15:00,4.3,436,Chennai
1072,2024-01-07 04:12:00,2024-01-07 04:52:00,6.41,479,Chennai
1073,2024-01-30 13:45:00,2024-01-30 14:41:00,4.25,351,Delhi
1074,2024-01-11 03:31:00,2024-01-11 04:03:00,3.19,490,Chennai
1075,2024-01-07 16:17:00,2024-01-07 17:02:00,6.45,206,Mumbai
1076,2024-01-13 13:44:00,2024-01-13 14:41:00,5.93,193,Mumbai
1077,2024-01-27 00:06:00,2024-01-27 00:55:00,8.31,461,Hyderabad
1078,2024-01-01 03:59:00,2024-01-01 04:37:00,5.05,490,Hyderabad
1079,2024-01-26 19:37:00,2024-01-26 20:26:00,3.82,184,Mumbai
1080,2024-01-24 21:16:00,2024-01-24 22:11:00,4.95,466,Delhi
1081,2024-01-23 19:24:00,2024-01-23 20:22:00,3.26,115,Chennai
1082,2024-01-12 12:52:00,2024-01-12 13:26:00,1.29,467,Delhi
1083,2024-01-03 09:38:00,2024-01-03 10:06:00,3.75,301,Bangalore
1084,2024-01-06 15:58:00,2024-01-06 16:30:00,1.33,317,Bangalore
1085,2024-01-05 08:51:00,2024-01-05 09:37:00,7.65,160,Chennai
1086,2024-01-23 17:27:00,2024-01-23 18:06:00,3.78,328,Delhi
1087,2024-01-15 08:25:00,2024-01-15 08:55:00,4.51,183,Chennai
1088,2024-01-25 14:05:00,2024-01-25 15:00:00,5.44,384,Hyderabad
1089,2024-01-06 23:26:00,2024-01-07 00:13:00,8.85,349,Delhi
1090,2024-01-06 03:56:00,2024-01-06 04:36:00,9.64,258,Bangalore
1091,2024-01-17 13:05:00,2024-01-17 14:05:00,9.7,460,Mumbai
1092,2024-01-16 18:31:00,2024-01-16 18:58:00,3.43,425,Hyderabad
1093,2024-01-05 00:21:00,2024-01-05 01:07:00,8.82,418,Chennai
1094,2024-01-07 17:03:00,2024-01-07 17:44:00,8.69,184,Bangalore
1095,2024-01-26 20:15:00,2024-01-26 21:26:00,9.16,165,Chennai
1096,2024-01-01 09:43:00,2024-01-01 10:16:00,6.45,249,Bangalore
1097,2024-01-27 04:15:00,2024-01-27 04:51:00,8.02,377,Hyderabad
1098,2024-01-05 22:23:00,2024-01-05 23:27:00,9.14,291,Mumbai
1099,2024-01-22 20:59:00,2024-01-22 21:49:00,3.6,218,Mumbai
1100,2024-01-24 11:35:00,2024-01-24 12:10:00,7.53,169,Hyderabad
1101,2024-01-07 10:06:00,2024-01-07 10:49:00,8.62,320,Bangalore
1102,2024-01-03 16:38:00,2024-01-03 17:05:00,3.09,334,Chennai
1103,2024-01-22 15:01:00,2024-01-22 15:45:00,5.14,181,Chennai
1104,2024-01-05 16:04:00,2024-01-05 16:34:00,5.28,345,Delhi
1105,2024-01-19 13:41:00,2024-01-19 14:27:00,6.22,100,Mumbai
1106,2024-01-20 07:27:00,2024-01-20 07:57:00,2.78,184,Delhi
1107,2024-01-26 03:13:00,2024-01-26 03:44:00,5.65,283,Mumbai
1108,2024-01-19 16:19:00,2024-01-19 16:48:00,4.79,327,Mumbai
1109,2024-01-25 20:08:00,2024-01-25 21:12:00,8.57,346,Chennai
1110,2024-01-08 09:08:00,2024-01-08 09:52:00,7.56,116,Bangalore
1111,2024-01-01 23:13:00,2024-01-01 23:57:00,8.19,184,Delhi
1112,2024-01-09 14:12:00,2024-01-09 14:53:00,1.64,351,Bangalore
1113,2024-01-09 13:57:00,2024-01-09 14:47:00,4.88,145,Bangalore
1114,2024-01-02 13:45:00,2024-01-02 14:39:00,2.56,418,Chennai
1115,2024-01-10 11:53:00,2024-01-10 12:21:00,3.01,424,Chennai
1116,2024-01-27 20:19:00,2024-01-27 21:31:00,7.19,139,Bangalore
1117,2024-01-14 07:31:00,2024-01-14 08:17:00,7.41,308,Bangalore
1118,2024-01-01 05:38:00,2024-01-01 06:01:00,1.87,338,Delhi
1119,2024-01-02 09:36:00,2024-01-02 10:05:00,1.26,231,Delhi
1120,2024-01-23 09:31:00,2024-01-23 10:13:00,5.76,275,Hyderabad
1121,2024-01-28 12:46:00,2024-01-28 13:48:00,9.78,388,Chennai
1122,2024-01-14 12:00:00,2024-01-14 12:42:00,3.12,448,Delhi
1123,2024-01-09 13:36:00,2024-01-09 14:27:00,2.13,197,Mumbai
1124,2024-01-05 22:55:00,2024-01-06 00:02:00,5.85,326,Chennai
1125,2024-01-21 12:05:00,2024-01-21 13:02:00,4.92,121,Chennai
1126,2024-01-16 03:08:00,2024-01-16 03:43:00,6.66,263,Hyderabad
1127,2024-01-30 23:57:00,2024-01-31 00:37:00,7.19,395,Chennai
1128,2024-01-17 05:22:00,2024-01-17 05:53:00,2.06,168,Delhi
1129,2024-01-05 18:34:00,2024-01-05 19:00:00,1.3,274,Delhi
1130,2024-01-22 20:11:00,2024-01-22 21:15:00,7.03,165,Hyderabad
1131,2024-01-01 21:49:00,2024-01-01 22:48:00,5.79,182,Chennai
1132,2024-01-11 03:04:00,2024-01-11 03:53:00,9.45,303,Mumbai
1133,2024-01-01 10:56:00,2024-01-01 11:25:00,2.09,169,Hyderabad
1134,2024-01-14 22:18:00,2024-01-14 23:28:00,9.71,263,Bangalore
1135,2024-01-01 00:25:00,2024-01-01 01:02:00,4.39,419,Bangalore
1136,2024-01-11 04:10:00,2024-01-11 04:37:00,1.31,452,Hyderabad
1137,2024-01-09 01:48:00,2024-01-09 02:25:00,7.48,353,Chennai
1138,2024-01-25 16:32:00,2024-01-25 17:17:00,8.81,431,Mumbai
1139,2024-01-19 13:51:00,2024-01-19 14:50:00,6.38,478,Bangalore
1140,2024-01-09 05:03:00,2024-01-09 05:37:00,5.36,250,Bangalore
1141,2024-01-04 06:31:00,2024-01-04 07:08:00,7.34,324,Mumbai
1142,2024-01-02 14:33:00,2024-01-02 15:09:00,2.22,229,Bangalore
1143,2024-01-20 22:00:00,2024-01-20 23:08:00,7.82,390,Mumbai
1144,2024-01-02 23:58:00,2024-01-03 00:36:00,3.95,393,Mumbai
1145,2024-01-01 15:27:00,2024-01-01 16:02:00,6.49,383,Delhi
1146,2024-01-09 11:52:00,2024-01-09 12:28:00,4.77,397,Bangalore
1147,2024-01-18 10:36:00,2024-01-18 11:18:00,7.31,437,Bangalore
1148,2024-01-15 09:08:00,2024-01-15 09:36:00,2.78,303,Hyderabad
1149,2024-01-16 21:07:00,2024-01-16 22:12:00,7.15,130,Delhi
1150,2024-01-08 04:39:00,2024-01-08 05:15:00,4.97,482,Hyderabad
1151,2024-01-10 10:50:00,2024-01-10 11:22:00,4.93,183,Bangalore
1152,2024-01-07 10:05:00,2024-01-07 10:45:00,5.62,338,Chennai
1153,2024-01-05 19:10:00,2024-01-05 20:03:00,3.61,379,Mumbai
1154,2024-01-09 18:26:00,2024-01-09 19:13:00,6.67,296,Delhi
1155,2024-01-14 08:07:00,2024-01-14 08:44:00,8.61,431,Delhi
1156,2024-01-15 00:44:00,2024-01-15 01:16:00,3.59,233,Mumbai
1157,2024-01-29 16:37:00,2024-01-29 17:12:00,2.02,245,Bangalore
1158,2024-01-04 01:11:00,2024-01-04 01:52:00,9.38,282,Hyderabad
1159,2024-01-11 04:43:00,2024-01-11 05:30:00,9.14,302,Delhi
1160,2024-01-19 22:47:00,2024-01-19 23:47:00,9.97,208,Delhi
1161,2024-01-21 18:17:00,2024-01-21 18:43:00,2.16,292,Chennai
1162,2024-01-28 00:50:00,2024-01-28 01:31:00,9.15,242,Hyderabad
1163,2024-01-06 15:07:00,2024-01-06 15:36:00,1.84,164,Mumbai
1164,2024-01-05 17:40:00,2024-01-05 18:28:00,8.08,326,Delhi
1165,2024-01-12 17:32:00,2024-01-12 18:19:00,9.4,342,Bangalore
1166,2024-01-03 22:44:00,2024-01-03 23:41:00,3.8,296,Mumbai
1167,2024-01-02 12:29:00,2024-01-02 13:17:00,3.31,255,Mumbai
1168,2024-01-07 01:07:00,2024-01-07 01:37:00,4.66,471,Delhi
1169,2024-01-22 16:18:00,2024-01-22 16:53:00,3.44,315,Hyderabad
1170,2024-01-09 21:55:00,2024-01-09 23:07:00,8.09,412,Delhi
1171,2024-01-07 13:22:00,2024-01-07 14:27:00,9.14,159,Bangalore
1172,2024-01-28 06:42:00,2024-01-28 07:20:00,2.46,187,Chennai
1173,2024-01-10 10:03:00,2024-01-10 10:36:00,1.4,308,Hyderabad
1174,2024-01-12 22:21:00,2024-01-12 23:16:00,2.6,213,Hyderabad
1175,2024-01-31 08:15:00,2024-01-31 08:47:00,1.21,427,Bangalore
1176,2024-01-27 12:11:00,2024-01-27 13:13:00,8.96,133,Delhi
1177,2024-01-19 10:01:00,2024-01-19 10:53:00,9.47,430,Chennai
1178,2024-01-15 15:44:00,2024-01-15 16:21:00,6.3,490,Chennai
1179,2024-01-12 10:41:00,2024-01-12 11:29:00,8.22,403,Delhi
1180,2024-01-25 17:08:00,2024-01-25 17:39:00,2.64,405,Delhi
1181,2024-01-09 14:12:00,2024-01-09 15:05:00,3.69,275,Hyderabad
1182,2024-01-27 05:26:00,2024-01-27 06:01:00,5.09,134,Chennai
1183,2024-01-11 16:54:00,2024-01-11 17:26:00,3.78,366,Bangalore
1184,2024-01-05 09:03:00,2024-01-05 09:40:00,6.78,203,Delhi
1185,2024-01-04 11:57:00,2024-01-04 12:41:00,9.84,106,Bangalore
1186,2024-01-06 16:45:00,2024-01-06 17:24:00,3.29,431,Chennai
1187,2024-01-30 13:23:00,2024-01-30 14:07:00,2.86,240,Delhi
1188,2024-01-26 02:53:00,2024-01-26 03:40:00,8.36,118,Delhi
1189,2024-01-29 18:34:00,2024-01-29 19:22:00,8.59,320,Bangalore
1190,2024-01-11 18:24:00,2024-01-11 19:02:00,5.63,177,Mumbai
1191,2024-01-27 21:39:00,2024-01-27 22:51:00,7.62,351,Hyderabad
1192,2024-01-11 13:59:00,2024-01-11 14:47:00,3.65,428,Chennai
1193,2024-01-12 02:33:00,2024-01-12 03:26:00,9.62,110,Delhi
1194,2024-01-26 05:04:00,2024-01-26 05:37:00,4.87,191,Hyderabad
1195,2024-01-27 18:15:00,2024-01-27 19:03:00,9.77,307,Delhi
1196,2024-01-28 12:13:00,2024-01-28 12:45:00,1.32,444,Hyderabad
1197,2024-01-24 00:28:00,2024-01-24 00:58:00,2.43,137,Hyderabad
1198,2024-01-22 08:40:00,2024-01-22 09:20:00,5.56,373,Bangalore
1199,2024-01-22 04:00:00,2024-01-22 04:35:00,7.83,256,Mumbai
1200,2024-01-03 21:23:00,2024-01-03 22:25:00,3.43,145,Chennai
1201,2024-01-29 08:31:00,2024-01-29 09:15:00,6.75,153,Hyderabad
1202,2024-01-25 20:59:00,2024-01-25 21:49:00,3.79,308,Delhi
1203,2024-01-14 07:44:00,2024-01-14 08:26:00,9.87,315,Mumbai
1204,2024-01-31 23:11:00,2024-01-31 23:47:00,5.04,335,Hyderabad
1205,2024-01-25 16:58:00,2024-01-25 17:27:00,2.13,257,Hyderabad
1206,2024-01-08 08:54:00,2024-01-08 09:26:00,5.97,494,Hyderabad
1207,2024-01-23 13:04:00,2024-01-23 13:45:00,3.32,163,Bangalore
1208,2024-01-14 05:29:00,2024-01-14 06:08:00,4.54,371,Delhi
1209,2024-01-18 19:39:00,2024-01-18 20:40:00,7.13,302,Delhi
1210,2024-01-15 02:33:00,2024-01-15 03:19:00,9.58,407,Chennai
1211,2024-01-13 20:07:00,2024-01-13 21:24:00,9.43,283,Hyderabad
1212,2024-01-08 07:35:00,2024-01-08 08:24:00,8.79,164,Hyderabad
1213,2024-01-30 22:56:00,2024-01-30 23:42:00,1.54,484,Chennai
1214,2024-01-04 15:23:00,2024-01-04 16:04:00,9.77,357,Mumbai
1215,2024-01-08 19:31:00,2024-01-08 20:21:00,4.7,250,Bangalore
1216,2024-01-09 21:31:00,2024-01-09 22:14:00,1.91,439,Chennai
1217,2024-01-04 08:09:00,2024-01-04 08:44:00,7.73,339,Bangalore
1218,2024-01-17 01:35:00,2024-01-17 02:07:00,4.44,303,Hyderabad
1219,2024-01-15 19:06:00,2024-01-15 20:04:00,3.92,467,Mumbai
1220,2024-01-10 03:32:00,2024-01-10 04:14:00,5.51,432,Chennai
1221,2024-01-13 18:10:00,2024-01-13 18:57:00,7.25,141,Hyderabad
1222,2024-01-04 16:54:00,2024-01-04 17:23:00,4.43,375,Bangalore
1223,2024-01-18 04:45:00,2024-01-18 05:16:00,1.02,411,Chennai
1224,2024-01-01 02:06:00,2024-01-01 02:49:00,4.82,349,Chennai
1225,2024-01-30 01:31:00,2024-01-30 02:08:00,8.89,265,Bangalore
1226,2024-01-25 03:20:00,2024-01-25 03:54:00,6.33,266,Hyderabad
1227,2024-01-24 13:18:00,2024-01-24 14:23:00,9.35,378,Bangalore
1228,2024-01-20 15:54:00,2024-01-20 16:42:00,7.93,499,Delhi
1229,2024-01-16 11:26:00,2024-01-16 12:14:00,7.39,323,Hyderabad
1230,2024-01-03 19:51:00,2024-01-03 20:57:00,3.54,312,Hyderabad
1231,2024-01-26 08:10:00,2024-01-26 08:45:00,7.4,265,Delhi
1232,2024-01-12 07:00:00,2024-01-12 07:37:00,6.84,394,Delhi
1233,2024-01-31 14:05:00,2024-01-31 14:50:00,7.31,284,Mumbai
1234,2024-01-16 16:06:00,2024-01-16 16:38:00,2.22,321,Mumbai
1235,2024-01-04 17:50:00,2024-01-04 18:41:00,8.98,113,Mumbai
1236,2024-01-05 10:52:00,2024-01-05 11:34:00,9.67,407,Hyderabad
1237,2024-01-22 16:25:00,2024-01-22 16:53:00,1.2,371,Bangalore
1238,2024-01-11 19:13:00,2024-01-11 20:07:00,2.56,357,Hyderabad
1239,2024-01-02 02:04:00,2024-01-02 02:41:00,8.62,352,Chennai
1240,2024-01-21 23:25:00,2024-01-21 23:52:00,2.75,427,Mumbai
1241,2024-01-07 15:16:00,2024-01-07 15:59:00,7.75,163,Mumbai
1242,2024-01-26 06:54:00,2024-01-26 07:45:00,9.51,355,Bangalore
1243,2024-01-08 18:51:00,2024-01-08 19:32:00,3.97,444,Delhi
1244,2024-01-18 22:44:00,2024-01-18 23:51:00,5.22,142,Bangalore
1245,2024-01-02 14:53:00,2024-01-02 15:53:00,6.19,488,Mumbai
1246,2024-01-12 09:58:00,2024-01-12 10:42:00,9.99,158,Chennai
1247,2024-01-18 08:03:00,2024-01-18 08:42:00,8.5,145,Delhi
1248,2024-01-16 08:30:00,2024-01-16 09:10:00,5.82,386,Mumbai
1249,2024-01-01 19:04:00,2024-01-01 20:16:00,6.9,182,Mumbai
1250,2024-01-09 06:04:00,2024-01-09 06:38:00,4.63,155,Bangalore
1251,2024-01-10 05:07:00,2024-01-10 05:56:00,9.84,160,Chennai
1252,2024-01-24 16:39:00,2024-01-24 17:29:00,9.68,448,Hyderabad
1253,2024-01-25 21:12:00,2024-01-25 22:12:00,2.78,278,Chennai
1254,2024-01-04 00:13:00,2024-01-04 00:52:00,8.87,266,Bangalore
1255,2024-01-20 07:51:00,2024-01-20 08:32:00,8.44,370,Mumbai
1256,2024-01-25 16:31:00,2024-01-25 17:17:00,9.87,340,Bangalore
1257,2024-01-06 22:01:00,2024-01-06 23:02:00,4.86,237,Bangalore
1258,2024-01-11 12:42:00,2024-01-11 13:41:00,7.05,114,Delhi
1259,2024-01-01 06:49:00,2024-01-01 07:20:00,3.37,368,Mumbai
1260,2024-01-15 23:44:00,2024-01-16 00:21:00,6.23,160,Chennai
1261,2024-01-21 04:07:00,2024-01-21 04:48:00,7.36,253,Bangalore
1262,2024-01-30 10:40:00,2024-01-30 11:08:00,3.58,465,Hyderabad
1263,2024-01-06 21:26:00,2024-01-06 22:23:00,8.17,236,Chennai
1264,2024-01-06 22:51:00,2024-01-06 23:44:00,1.69,191,Mumbai
1265,2024-01-25 05:16:00,2024-01-25 05:40:00,2.39,155,Bangalore
1266,2024-01-17 00:49:00,2024-01-17 01:35:00,7.61,403,Mumbai
1267,2024-01-06 03:37:00,2024-01-06 04:07:00,2.25,186,Chennai
1268,2024-01-18 19:42:00,2024-01-18 20:45:00,5.02,411,Mumbai
1269,2024-01-30 22:49:00,2024-01-30 23:36:00,2.78,421,Chennai
1270,2024-01-20 20:24:00,2024-01-20 21:09:00,1.28,380,Bangalore
1271,2024-01-22 05:53:00,2024-01-22 06:25:00,3.24,466,Delhi
1272,2024-01-17 23:05:00,2024-01-17 23:42:00,8.24,369,Delhi
1273,2024-01-22 20:53:00,2024-01-22 21:49:00,1.7,273,Mumbai
1274,2024-01-07 21:39:00,2024-01-07 22:37:00,2.83,257,Bangalore
1275,2024-01-18 22:37:00,2024-01-18 23:37:00,2.32,185,Bangalore
1276,2024-01-04 12:57:00,2024-01-04 13:53:00,6.49,416,Delhi
1277,2024-01-24 22:11:00,2024-01-24 22:58:00,3.85,471,Hyderabad
1278,2024-01-21 19:44:00,2024-01-21 20:43:00,5.96,309,Mumbai
1279,2024-01-08 21:00:00,2024-01-08 22:03:00,7.65,192,Bangalore
1280,2024-01-23 20:45:00,2024-01-23 21:45:00,9.61,366,Hyderabad
1281,2024-01-08 23:23:00,2024-01-09 00:08:00,9.57,483,Hyderabad
1282,2024-01-07 09:22:00,2024-01-07 09:55:00,3.36,460,Delhi
1283,2024-01-18 00:59:00,2024-01-18 01:39:00,6.22,432,Chennai
1284,2024-01-19 04:21:00,2024-01-19 04:56:00,1.82,121,Bangalore
1285,2024-01-19 04:33:00,2024-01-19 05:12:00,7.3,438,Chennai
1286,2024-01-26 04:29:00,2024-01-26 05:04:00,3.14,384,Bangalore
1287,2024-01-24 13:50:00,2024-01-24 14:46:00,7.16,470,Chennai
1288,2024-01-19 07:35:00,2024-01-19 08:22:00,9.86,478,Mumbai
1289,2024-01-26 08:46:00,2024-01-26 09:31:00,7.11,236,Mumbai
1290,2024-01-29 21:02:00,2024-01-29 22:06:00,8.48,168,Bangalore
1291,2024-01-04 01:06:00,2024-01-04 01:49:00,8.12,113,Mumbai
1292,2024-01-25 18:59:00,2024-01-25 19:38:00,8.02,275,Chennai
1293,2024-01-10 03:51:00,2024-01-10 04:32:00,5.07,317,Delhi
1294,2024-01-23 21:01:00,2024-01-23 22:09:00,5.2,318,Bangalore
1295,2024-01-18 11:02:00,2024-01-18 11:48:00,9.34,297,Delhi
1296,2024-01-15 02:01:00,2024-01-15 02:36:00,3.68,468,Delhi
1297,2024-01-11 23:42:00,2024-01-12 00:28:00,6.69,426,Mumbai
1298,2024-01-30 01:57:00,2024-01-30 02:31:00,2.59,448,Bangalore
1299,2024-01-20 13:30:00,2024-01-20 14:18:00,4.99,294,Bangalore
1300,2024-01-01 23:37:00,2024-01-02 00:18:00,7.21,375,Bangalore
1301,2024-01-25 03:10:00,2024-01-25 03:55:00,8.1,367,Bangalore
1302,2024-01-18 23:50:00,2024-01-19 00:34:00,5.22,252,Bangalore
1303,2024-01-28 12:48:00,2024-01-28 13:24:00,1.36,436,Delhi
1304,2024-01-01 14:58:00,2024-01-01 16:03:00,9.27,403,Delhi
1305,2024-01-07 08:26:00,2024-01-07 09:12:00,9.63,186,Bangalore
1306,2024-01-31 14:58:00,2024-01-31 15:41:00,4.11,242,Hyderabad
1307,2024-01-31 12:03:00,2024-01-31 13:02:00,7.31,430,Hyderabad
1308,2024-01-18 07:10:00,2024-01-18 07:53:00,8.89,245,Chennai
1309,2024-01-28 03:33:00,2024-01-28 04:21:00,8.92,131,Mumbai
1310,2024-01-05 05:26:00,2024-01-05 06:03:00,3.76,387,Bangalore
1311,2024-01-29 06:06:00,2024-01-29 06:44:00,8.7,488,Mumbai
1312,2024-01-18 20:19:00,2024-01-18 21:30:00,8.53,408,Bangalore
1313,2024-01-28 21:23:00,2024-01-28 22:27:00,7.17,399,Chennai
1314,2024-01-23 11:57:00,2024-01-23 12:39:00,6.77,135,Mumbai
1315,2024-01-19 16:56:00,2024-01-19 17:35:00,8.12,416,Mumbai
1316,2024-01-27 07:43:00,2024-01-27 08:32:00,8.86,229,Hyderabad
1317,2024-01-01 15:29:00,2024-01-01 16:09:00,6.42,169,Hyderabad
1318,2024-01-28 21:49:00,2024-01-28 22:57:00,7.24,457,Chennai
1319,2024-01-01 12:31:00,2024-01-01 13:28:00,5.22,414,Mumbai
1320,2024-01-16 23:40:00,2024-01-17 00:12:00,2.74,279,Bangalore
1321,2024-01-06 13:33:00,2024-01-06 14:28:00,8.59,466,Delhi
1322,2024-01-19 00:00:00,2024-01-19 00:45:00,7.93,489,Mumbai
1323,2024-01-25 23:48:00,2024-01-26 00:29:00,8.78,155,Bangalore
1324,2024-01-26 22:51:00,2024-01-26 23:51:00,7.94,388,Mumbai
1325,2024-01-06 13:43:00,2024-01-06 14:33:00,7.18,384,Mumbai
1326,2024-01-08 10:50:00,2024-01-08 11:38:00,8.99,276,Mumbai
1327,2024-01-11 17:47:00,2024-01-11 18:34:00,6.68,412,Delhi
1328,2024-01-28 04:38:00,2024-01-28 05:11:00,3.4,203,Chennai
1329,2024-01-12 04:44:00,2024-01-12 05:20:00,1.07,120,Delhi
1330,2024-01-27 15:43:00,2024-01-27 16:18:00,4.75,219,Bangalore
1331,2024-01-20 20:52:00,2024-01-20 21:42:00,4.28,467,Bangalore
1332,2024-01-23 13:28:00,2024-01-23 14:01:00,1.07,284,Chennai
1333,2024-01-25 20:10:00,2024-01-25 21:20:00,6.75,393,Chennai
1334,2024-01-14 08:07:00,2024-01-14 08:36:00,3.85,210,Hyderabad
1335,2024-01-14 02:13:00,2024-01-14 02:59:00,9.52,123,Bangalore
1336,2024-01-29 06:53:00,2024-01-29 07:26:00,2.96,326,Hyderabad
1337,2024-01-21 17:03:00,2024-01-21 17:56:00,9.54,316,Delhi
1338,2024-01-22 19:58:00,2024-01-22 21:05:00,9.39,250,Hyderabad
1339,2024-01-28 18:14:00,2024-01-28 19:00:00,7.8,319,Hyderabad
1340,2024-01-23 08:25:00,2024-01-23 08:49:00,1.95,122,Mumbai
1341,2024-01-15 01:09:00,2024-01-15 01:58:00,8.39,434,Chennai
1342,2024-01-31 17:15:00,2024-01-31 17:54:00,2.85,145,Chennai
1343,2024-01-01 02:47:00,2024-01-01 03:16:00,3.37,379,Bangalore
1344,2024-01-17 03:13:00,2024-01-17 03:36:00,1.04,200,Chennai
1345,2024-01-13 00:10:00,2024-01-13 00:59:00,8.19,320,Mumbai
1346,2024-01-25 06:28:00,2024-01-25 07:08:00,4.62,487,Hyderabad
1347,2024-01-13 00:00:00,2024-01-13 00:49:00,9.1,142,Delhi
1348,2024-01-06 17:29:00,2024-01-06 18:07:00,6.4,474,Delhi
1349,2024-01-30 05:59:00,2024-01-30 06:39:00,7.22,355,Hyderabad
1350,2024-01-21 06:38:00,2024-01-21 07:23:00,9.84,337,Delhi
1351,2024-01-02 22:00:00,2024-01-02 22:49:00,3.79,213,Chennai
1352,2024-01-09 03:37:00,2024-01-09 04:15:00,3.86,463,Bangalore
1353,2024-01-20 03:53:00,2024-01-20 04:28:00,1.04,252,Delhi
1354,2024-01-31 15:25:00,2024-01-31 16:01:00,3.37,133,Delhi
1355,2024-01-17 06:40:00,2024-01-17 07:07:00,2.47,450,Chennai
1356,2024-01-30 18:55:00,2024-01-30 19:37:00,6.82,436,Bangalore
1357,2024-01-19 12:53:00,2024-01-19 13:41:00,4.07,203,Delhi
1358,2024-01-30 16:58:00,2024-01-30 17:32:00,7.1,410,Chennai
1359,2024-01-11 16:30:00,2024-01-11 17:13:00,9.6,309,Bangalore
1360,2024-01-11 08:19:00,2024-01-11 09:02:00,6.48,357,Bangalore
1361,2024-01-27 10:17:00,2024-01-27 11:08:00,9.09,281,Chennai
1362,2024-01-11 10:37:00,2024-01-11 11:13:00,8.09,226,Bangalore
1363,2024-01-28 18:02:00,2024-01-28 18:44:00,7.69,281,Hyderabad
1364,2024-01-27 08:27:00,2024-01-27 08:57:00,4.46,247,Delhi
1365,2024-01-30 16:57:00,2024-01-30 17:42:00,8.22,499,Hyderabad
1366,2024-01-10 05:10:00,2024-01-10 05:49:00,9.12,420,Chennai
1367,2024-01-30 14:55:00,2024-01-30 15:49:00,3.97,153,Delhi
1368,2024-01-21 11:23:00,2024-01-21 12:00:00,8.17,307,Bangalore
1369,2024-01-23 22:39:00,2024-01-23 23:44:00,6.83,419,Hyderabad
1370,2024-01-13 19:30:00,2024-01-13 20:42:00,7.85,437,Mumbai
1371,2024-01-18 09:01:00,2024-01-18 09:46:00,9.61,256,Chennai
1372,2024-01-23 21:30:00,2024-01-23 22:36:00,4.55,288,Bangalore
1373,2024-01-14 23:39:00,2024-01-15 00:11:00,4.33,272,Mumbai
1374,2024-01-02 09:40:00,2024-01-02 10:29:00,9.56,150,Hyderabad
1375,2024-01-18 12:25:00,2024-01-18 13:17:00,8.25,421,Delhi
1376,2024-01-03 03:59:00,2024-01-03 04:37:00,4.44,391,Chennai
1377,2024-01-27 02:26:00,2024-01-27 03:19:00,9.82,112,Chennai
1378,2024-01-23 02:30:00,2024-01-23 03:11:00,7.39,481,Hyderabad
1379,2024-01-23 12:23:00,2024-01-23 13:03:00,4.99,255,Hyderabad
1380,2024-01-02 17:26:00,2024-01-02 18:01:00,4.28,166,Chennai
1381,2024-01-06 07:46:00,2024-01-06 08:25:00,5.4,261,Chennai
1382,2024-01-11 14:25:00,2024-01-11 15:06:00,5.0,322,Chennai
1383,2024-01-28 01:32:00,2024-01-28 02:09:00,2.63,237,Hyderabad
1384,2024-01-05 12:17:00,2024-01-05 12:53:00,2.1,257,Mumbai
1385,2024-01-02 17:59:00,2024-01-02 18:45:00,9.45,245,Mumbai
1386,2024-01-11 11:29:00,2024-01-11 12:16:00,9.68,206,Hyderabad
1387,2024-01-07 10:50:00,2024-01-07 11:32:00,8.93,352,Chennai
1388,2024-01-05 08:12:00,2024-01-05 08:49:00,5.78,431,Chennai
1389,2024-01-14 06:39:00,2024-01-14 07:16:00,8.08,469,Hyderabad
1390,2024-01-14 23:39:00,2024-01-15 00:21:00,9.08,489,Mumbai
1391,2024-01-31 20:08:00,2024-01-31 21:11:00,7.9,393,Chennai
1392,2024-01-28 21:28:00,2024-01-28 22:14:00,3.16,240,Mumbai
1393,2024-01-31 21:37:00,2024-01-31 22:53:00,9.5,400,Bangalore
1394,2024-01-25 03:17:00,2024-01-25 03:54:00,4.7,230,Delhi
1395,2024-01-27 22:16:00,2024-01-27 23:15:00,8.86,468,Chennai
1396,2024-01-29 23:28:00,2024-01-30 00:12:00,7.87,156,Hyderabad
1397,2024-01-26 08:54:00,2024-01-26 09:44:00,9.17,280,Chennai
1398,2024-01-25 10:54:00,2024-01-25 11:28:00,1.77,149,Mumbai
1399,2024-01-20 08:09:00,2024-01-20 08:43:00,1.56,200,Bangalore
1400,2024-01-10 22:26:00,2024-01-10 23:36:00,8.08,411,Bangalore
1401,2024-01-27 17:11:00,2024-01-27 17:45:00,3.14,305,Chennai
1402,2024-01-02 01:53:00,2024-01-02 02:19:00,2.8,348,Chennai
1403,2024-01-18 07:54:00,2024-01-18 08:40:00,6.09,285,Bangalore
1404,2024-01-20 21:42:00,2024-01-20 22:52:00,6.29,212,Hyderabad
1405,2024-01-30 20:05:00,2024-01-30 21:17:00,9.09,246,Hyderabad
1406,2024-01-26 17:12:00,2024-01-26 17:39:00,1.1,210,Chennai
1407,2024-01-18 16:34:00,2024-01-18 17:21:00,6.84,215,Mumbai
1408,2024-01-15 15:14:00,2024-01-15 15:48:00,4.71,278,Bangalore
1409,2024-01-20 23:23:00,2024-01-20 23:52:00,4.04,399,Chennai
1410,2024-01-23 14:41:00,2024-01-23 15:25:00,5.2,288,Bangalore
1411,2024-01-10 03:29:00,2024-01-10 04:04:00,7.81,398,Delhi
1412,2024-01-21 23:40:00,2024-01-22 00:03:00,1.82,109,Delhi
1413,2024-01-24 08:18:00,2024-01-24 09:05:00,7.63,207,Delhi
1414,2024-01-12 02:55:00,2024-01-12 03:23:00,1.52,110,Mumbai
1415,2024-01-03 06:40:00,2024-01-03 07:24:00,8.9,172,Delhi
1416,2024-01-03 01:05:00,2024-01-03 01:40:00,6.28,345,Hyderabad
1417,2024-01-12 02:18:00,2024-01-12 02:55:00,4.01,401,Chennai
1418,2024-01-30 22:50:00,2024-01-30 23:34:00,1.37,260,Mumbai
1419,2024-01-23 16:38:00,2024-01-23 17:15:00,6.97,455,Delhi
1420,2024-01-24 13:15:00,2024-01-24 14:03:00,9.35,156,Chennai
1421,2024-01-27 18:20:00,2024-01-27 19:04:00,8.84,337,Chennai
1422,2024-01-25 04:22:00,2024-01-25 05:02:00,7.46,247,Delhi
1423,2024-01-02 18:21:00,2024-01-02 19:08:00,8.85,448,Hyderabad
1424,2024-01-09 22:56:00,2024-01-09 23:42:00,2.73,194,Mumbai
1425,2024-01-30 11:50:00,2024-01-30 12:18:00,1.21,341,Hyderabad
1426,2024-01-22 23:51:00,2024-01-23 00:15:00,2.22,131,Bangalore
1427,2024-01-11 23:38:00,2024-01-12 00:13:00,6.33,402,Mumbai
1428,2024-01-25 09:21:00,2024-01-25 09:52:00,1.97,289,Chennai
1429,2024-01-13 07:39:00,2024-01-13 08:28:00,9.99,494,Hyderabad
1430,2024-01-09 11:55:00,2024-01-09 12:41:00,7.27,368,Hyderabad
1431,2024-01-01 08:18:00,2024-01-01 08:49:00,3.7,137,Hyderabad
1432,2024-01-07 12:38:00,2024-01-07 13:31:00,4.68,350,Delhi
1433,2024-01-12 01:24:00,2024-01-12 02:04:00,6.35,339,Delhi
1434,2024-01-10 08:15:00,2024-01-10 08:59:00,6.73,425,Bangalore
1435,2024-01-26 04:20:00,2024-01-26 05:04:00,5.67,488,Bangalore
1436,2024-01-02 20:50:00,2024-01-02 21:45:00,2.1,499,Mumbai
1437,2024-01-07 10:28:00,2024-01-07 11:19:00,8.87,385,Bangalore
1438,2024-01-12 19:30:00,2024-01-12 20:18:00,1.12,397,Chennai
1439,2024-01-12 17:02:00,2024-01-12 17:44:00,4.89,424,Delhi
1440,2024-01-31 00:26:00,2024-01-31 01:09:00,8.91,430,Bangalore
1441,2024-01-04 05:15:00,2024-01-04 06:02:00,9.43,323,Hyderabad
1442,2024-01-06 14:21:00,2024-01-06 15:13:00,4.95,355,Chennai
1443,2024-01-01 21:17:00,2024-01-01 22:22:00,5.88,187,Hyderabad
1444,2024-01-25 04:46:00,2024-01-25 05:24:00,4.89,319,Hyderabad
1445,2024-01-13 07:28:00,2024-01-13 07:56:00,4.32,459,Delhi
1446,2024-01-27 13:22:00,2024-01-27 14:10:00,3.21,139,Chennai
1447,2024-01-06 00:48:00,2024-01-06 01:28:00,7.71,303,Bangalore
1448,2024-01-31 08:08:00,2024-01-31 08:54:00,7.59,231,Chennai
1449,2024-01-29 17:39:00,2024-01-29 18:16:00,5.51,194,Bangalore
1450,2024-01-04 06:17:00,2024-01-04 06:56:00,5.27,429,Hyderabad
1451,2024-01-26 00:22:00,2024-01-26 01:01:00,4.61,367,Bangalore
1452,2024-01-12 10:16:00,2024-01-12 10:58:00,8.56,442,Bangalore
1453,2024-01-30 11:35:00,2024-01-30 12:08:00,2.18,225,Mumbai
1454,2024-01-17 12:13:00,2024-01-17 13:15:00,8.44,480,Chennai
1455,2024-01-22 01:54:00,2024-01-22 02:30:00,4.77,121,Chennai
1456,2024-01-04 13:37:00,2024-01-04 14:12:00,2.6,438,Chennai
1457,2024-01-17 21:33:00,2024-01-17 22:42:00,7.11,439,Mumbai
1458,2024-01-25 12:25:00,2024-01-25 13:21:00,7.75,233,Hyderabad
1459,2024-01-24 08:13:00,2024-01-24 08:46:00,2.66,105,Delhi
1460,2024-01-08 14:20:00,2024-01-08 15:08:00,7.52,373,Mumbai
1461,2024-01-29 12:06:00,2024-01-29 13:00:00,6.63,126,Mumbai
1462,2024-01-05 20:13:00,2024-01-05 21:18:00,9.76,328,Chennai
1463,2024-01-09 20:13:00,2024-01-09 21:04:00,5.38,244,Hyderabad
1464,2024-01-22 03:42:00,2024-01-22 04:11:00,3.7,235,Bangalore
1465,2024-01-12 22:19:00,2024-01-12 23:29:00,6.97,412,Chennai
1466,2024-01-29 13:15:00,2024-01-29 14:00:00,2.31,323,Delhi
1467,2024-01-13 09:37:00,2024-01-13 10:06:00,4.6,340,Hyderabad
1468,2024-01-13 02:37:00,2024-01-13 03:09:00,2.0,275,Hyderabad
1469,2024-01-07 17:40:00,2024-01-07 18:04:00,1.47,109,Hyderabad
1470,2024-01-22 00:32:00,2024-01-22 01:22:00,9.84,292,Delhi
1471,2024-01-14 15:04:00,2024-01-14 15:46:00,6.13,484,Bangalore
1472,2024-01-21 03:37:00,2024-01-21 04:07:00,1.9,262,Mumbai
1473,2024-01-17 15:41:00,2024-01-17 16:25:00,8.26,485,Chennai
1474,2024-01-14 04:37:00,2024-01-14 05:22:00,6.52,273,Bangalore
1475,2024-01-03 18:35:00,2024-01-03 19:06:00,4.72,141,Bangalore
1476,2024-01-02 07:23:00,2024-01-02 07:52:00,3.79,399,Delhi
1477,2024-01-28 23:32:00,2024-01-29 00:10:00,6.72,268,Hyderabad
1478,2024-01-08 00:28:00,2024-01-08 01:10:00,9.03,324,Mumbai
1479,2024-01-22 03:12:00,2024-01-22 03:40:00,4.02,360,Mumbai
1480,2024-01-09 08:27:00,2024-01-09 09:04:00,6.2,289,Hyderabad
1481,2024-01-06 23:27:00,2024-01-07 00:02:00,7.07,356,Chennai
1482,2024-01-12 09:52:00,2024-01-12 10:35:00,7.37,188,Chennai
1483,2024-01-29 02:44:00,2024-01-29 03:25:00,6.19,121,Chennai
1484,2024-01-24 19:40:00,2024-01-24 20:31:00,5.02,108,Hyderabad
1485,2024-01-30 20:05:00,2024-01-30 21:01:00,4.92,236,Hyderabad
1486,2024-01-06 08:10:00,2024-01-06 08:45:00,4.97,306,Chennai
1487,2024-01-16 13:30:00,2024-01-16 14:08:00,1.59,353,Chennai
1488,2024-01-06 22:29:00,2024-01-06 23:25:00,7.73,278,Chennai
1489,2024-01-13 06:37:00,2024-01-13 07:13:00,4.53,400,Delhi
1490,2024-01-10 10:20:00,2024-01-10 10:55:00,3.78,149,Bangalore
1491,2024-01-26 03:00:00,2024-01-26 03:41:00,8.15,359,Mumbai
1492,2024-01-26 04:21:00,2024-01-26 05:05:00,7.09,186,Hyderabad
1493,2024-01-29 16:23:00,2024-01-29 17:03:00,6.48,256,Mumbai
1494,2024-01-08 03:26:00,2024-01-08 03:55:00,2.45,116,Hyderabad
1495,2024-01-23 17:19:00,2024-01-23 17:59:00,3.87,394,Hyderabad
1496,2024-01-20 19:25:00,2024-01-20 20:11:00,1.27,216,Delhi
1497,2024-01-15 14:23:00,2024-01-15 15:08:00,4.83,342,Mumbai
1498,2024-01-27 08:21:00,2024-01-27 08:53:00,2.06,201,Chennai
1499,2024-01-21 04:03:00,2024-01-21 04:53:00,9.95,255,Chennai
1500,2024-01-16 11:39:00,2024-01-16 12:20:00,7.49,499,Mumbai
1501,2024-01-31 16:57:00,2024-01-31 17:42:00,7.11,454,Hyderabad
1502,2024-01-06 04:10:00,2024-01-06 04:36:00,1.33,265,Mumbai
1503,2024-01-18 08:36:00,2024-01-18 09:15:00,2.69,425,Delhi
1504,2024-01-07 03:16:00,2024-01-07 03:55:00,3.19,132,Hyderabad
1505,2024-01-20 23:41:00,2024-01-21 00:16:00,7.58,431,Hyderabad
1506,2024-01-24 12:24:00,2024-01-24 13:07:00,2.16,356,Hyderabad
1507,2024-01-05 02:20:00,2024-01-05 03:05:00,5.83,277,Mumbai
1508,2024-01-28 21:38:00,2024-01-28 22:37:00,5.27,134,Bangalore
1509,2024-01-05 13:26:00,2024-01-05 14:26:00,6.48,370,Delhi
1510,2024-01-25 03:05:00,2024-01-25 03:47:00,8.34,441,Hyderabad
1511,2024-01-01 13:34:00,2024-01-01 14:32:00,6.67,278,Hyderabad
1512,2024-01-04 19:45:00,2024-01-04 20:38:00,5.45,223,Hyderabad
1513,2024-01-14 14:20:00,2024-01-14 14:54:00,1.12,173,Mumbai
1514,2024-01-20 15:19:00,2024-01-20 16:06:00,8.69,349,Mumbai
1515,2024-01-19 09:57:00,2024-01-19 10:45:00,8.24,345,Bangalore
1516,2024-01-10 19:18:00,2024-01-10 20:27:00,7.84,265,Hyderabad
1517,2024-01-24 14:52:00,2024-01-24 15:46:00,4.41,225,Chennai
1518,2024-01-02 03:32:00,2024-01-02 04:16:00,5.92,299,Bangalore
1519,2024-01-03 17:22:00,2024-01-03 18:03:00,9.43,105,Hyderabad
1520,2024-01-20 03:06:00,2024-01-20 03:38:00,5.06,331,Delhi
1521,2024-01-27 23:21:00,2024-01-27 23:55:00,1.25,325,Chennai
1522,2024-01-18 19:09:00,2024-01-18 20:19:00,9.09,207,Hyderabad
1523,2024-01-20 21:45:00,2024-01-20 22:51:00,10.0,493,Hyderabad
1524,2024-01-11 13:53:00,2024-01-11 14:50:00,5.82,397,Bangalore
1525,2024-01-18 09:38:00,2024-01-18 10:20:00,6.89,285,Bangalore
1526,2024-01-31 21:46:00,2024-01-31 23:00:00,8.54,413,Mumbai
1527,2024-01-09 03:29:00,2024-01-09 03:56:00,2.49,295,Hyderabad
1528,2024-01-09 10:37:00,2024-01-09 11:15:00,2.33,339,Bangalore
1529,2024-01-11 00:03:00,2024-01-11 00:47:00,8.43,426,Delhi
1530,2024-01-12 06:21:00,2024-01-12 06:53:00,1.82,172,Delhi
1531,2024-01-12 11:45:00,2024-01-12 12:20:00,1.71,108,Chennai
1532,2024-01-19 16:25:00,2024-01-19 17:07:00,9.08,233,Mumbai
1533,2024-01-17 05:17:00,2024-01-17 05:59:00,9.15,139,Mumbai
1534,2024-01-24 19:06:00,2024-01-24 19:53:00,1.95,182,Hyderabad
1535,2024-01-30 05:20:00,2024-01-30 06:08:00,8.0,114,Delhi
1536,2024-01-13 02:34:00,2024-01-13 03:08:00,5.58,477,Delhi
1537,2024-01-07 23:27:00,2024-01-07 23:59:00,6.11,412,Chennai
1538,2024-01-13 14:38:00,2024-01-13 15:38:00,7.73,303,Delhi
1539,2024-01-27 09:28:00,2024-01-27 10:05:00,5.6,354,Bangalore
1540,2024-01-12 19:37:00,2024-01-12 20:32:00,7.84,403,Chennai
1541,2024-01-10 14:10:00,2024-01-10 15:01:00,1.14,141,Hyderabad
1542,2024-01-07 18:44:00,2024-01-07 19:21:00,4.74,470,Delhi
1543,2024-01-22 11:33:00,2024-01-22 12:08:00,1.06,242,Delhi
1544,2024-01-14 12:05:00,2024-01-14 13:10:00,8.64,163,Hyderabad
1545,2024-01-13 11:16:00,2024-01-13 11:57:00,5.97,182,Bangalore
1546,2024-01-28 20:28:00,2024-01-28 21:26:00,5.24,239,Hyderabad
1547,2024-01-19 08:21:00,2024-01-19 08:55:00,3.21,374,Bangalore
1548,2024-01-06 19:41:00,2024-01-06 20:43:00,1.63,238,Bangalore
1549,2024-01-25 12:27:00,2024-01-25 13:17:00,2.64,293,Delhi
1550,2024-01-31 12:46:00,2024-01-31 13:41:00,9.95,147,Chennai
1551,2024-01-01 23:23:00,2024-01-02 00:03:00,5.07,326,Mumbai
1552,2024-01-06 13:10:00,2024-01-06 13:54:00,5.86,403,Delhi
1553,2024-01-12 18:03:00,2024-01-12 18:42:00,3.34,238,Bangalore
1554,2024-01-23 01:30:00,2024-01-23 01:55:00,2.64,219,Delhi
1555,2024-01-27 07:16:00,2024-01-27 07:52:00,4.25,262,Mumbai
1556,2024-01-08 11:21:00,2024-01-08 11:54:00,4.52,168,Mumbai
1557,2024-01-12 00:47:00,2024-01-12 01:35:00,9.78,139,Hyderabad
1558,2024-01-03 16:25:00,2024-01-03 16:55:00,4.47,161,Mumbai
1559,2024-01-21 14:39:00,2024-01-21 15:18:00,1.01,125,Chennai
1560,2024-01-13 05:36:00,2024-01-13 06:09:00,5.61,320,Mumbai
1561,2024-01-19 16:10:00,2024-01-19 16:50:00,3.81,181,Mumbai
1562,2024-01-04 08:24:00,2024-01-04 08:59:00,5.17,365,Chennai
1563,2024-01-10 12:17:00,2024-01-10 13:16:00,8.91,365,Delhi
1564,2024-01-20 12:33:00,2024-01-20 13:31:00,6.19,277,Mumbai
1565,2024-01-14 16:52:00,2024-01-14 17:28:00,6.68,472,Hyderabad
1566,2024-01-03 19:57:00,2024-01-03 21:02:00,7.85,479,Hyderabad
1567,2024-01-18 01:57:00,2024-01-18 02:46:00,8.26,229,Hyderabad
1568,2024-01-09 07:42:00,2024-01-09 08:13:00,5.51,375,Chennai
1569,2024-01-22 09:25:00,2024-01-22 09:51:00,3.36,458,Hyderabad
1570,2024-01-24 02:30:00,2024-01-24 02:59:00,3.92,325,Bangalore
1571,2024-01-14 18:38:00,2024-01-14 19:02:00,1.81,457,Bangalore
1572,2024-01-11 15:28:00,2024-01-11 16:11:00,4.5,266,Mumbai
1573,2024-01-04 10:45:00,2024-01-04 11:28:00,5.53,187,Chennai
1574,2024-01-05 05:20:00,2024-01-05 05:59:00,9.78,456,Delhi
1575,2024-01-10 07:31:00,2024-01-10 08:13:00,5.26,438,Mumbai
1576,2024-01-12 05:06:00,2024-01-12 05:57:00,9.4,416,Bangalore
1577,2024-01-13 03:52:00,2024-01-13 04:33:00,8.3,223,Delhi
1578,2024-01-12 06:22:00,2024-01-12 07:02:00,5.94,390,Delhi
1579,2024-01-04 10:03:00,2024-01-04 10:43:00,3.37,258,Delhi
1580,2024-01-01 16:07:00,2024-01-01 16:47:00,6.53,491,Bangalore
1581,2024-01-18 14:31:00,2024-01-18 15:21:00,2.0,410,Bangalore
1582,2024-01-28 14:20:00,2024-01-28 15:07:00,4.04,403,Delhi
1583,2024-01-02 22:40:00,2024-01-02 23:45:00,5.65,300,Delhi
1584,2024-01-22 14:58:00,2024-01-22 15:48:00,7.69,227,Chennai
1585,2024-01-05 09:13:00,2024-01-05 09:39:00,2.51,489,Chennai
1586,2024-01-01 01:38:00,2024-01-01 02:12:00,5.74,298,Delhi
1587,2024-01-26 17:03:00,2024-01-26 17:32:00,3.76,130,Hyderabad
1588,2024-01-28 20:59:00,2024-01-28 22:07:00,9.89,257,Bangalore
1589,2024-01-29 05:06:00,2024-01-29 05:35:00,4.12,133,Bangalore
1590,2024-01-20 08:49:00,2024-01-20 09:26:00,4.36,427,Chennai
1591,2024-01-25 12:51:00,2024-01-25 13:35:00,2.28,217,Delhi
1592,2024-01-05 16:49:00,2024-01-05 17:21:00,3.81,327,Chennai
1593,2024-01-10 05:13:00,2024-01-10 06:05:00,9.58,188,Chennai
1594,2024-01-24 08:34:00,2024-01-24 09:08:00,4.01,463,Hyderabad
1595,2024-01-25 09:51:00,2024-01-25 10:15:00,2.36,321,Delhi
1596,2024-01-08 18:41:00,2024-01-08 19:17:00,4.94,373,Bangalore
1597,2024-01-26 19:31:00,2024-01-26 20:44:00,9.99,293,Delhi
1598,2024-01-14 13:49:00,2024-01-14 14:42:00,8.61,120,Bangalore
1599,2024-01-26 02:42:00,2024-01-26 03:19:00,4.6,149,Delhi
1600,2024-01-06 09:05:00,2024-01-06 09:48:00,8.38,495,Mumbai
1601,2024-01-19 14:26:00,2024-01-19 15:15:00,8.35,286,Hyderabad
1602,2024-01-29 00:19:00,2024-01-29 00:53:00,7.49,341,Hyderabad
1603,2024-01-18 11:59:00,2024-01-18 12:42:00,8.38,120,Delhi
1604,2024-01-08 07:38:00,2024-01-08 08:20:00,5.18,140,Bangalore
1605,2024-01-10 17:42:00,2024-01-10 18:15:00,5.35,324,Mumbai
1606,2024-01-07 19:14:00,2024-01-07 20:16:00,5.23,492,Chennai
1607,2024-01-31 16:34:00,2024-01-31 17:10:00,7.63,341,Hyderabad
1608,2024-01-30 03:00:00,2024-01-30 03:37:00,2.67,348,Hyderabad
1609,2024-01-12 16:10:00,2024-01-12 16:40:00,3.98,407,Chennai
1610,2024-01-20 10:22:00,2024-01-20 10:57:00,2.87,100,Mumbai
1611,2024-01-07 20:51:00,2024-01-07 21:53:00,8.93,499,Bangalore
1612,2024-01-27 01:39:00,2024-01-27 02:08:00,2.9,445,Bangalore
1613,2024-01-22 13:17:00,2024-01-22 13:58:00,1.01,382,Mumbai
1614,2024-01-31 12:25:00,2024-01-31 13:13:00,1.6,456,Mumbai
1615,2024-01-28 17:19:00,2024-01-28 18:08:00,9.97,208,Mumbai
1616,2024-01-20 01:22:00,2024-01-20 01:51:00,3.96,100,Hyderabad
1617,2024-01-26 01:41:00,2024-01-26 02:12:00,2.17,433,Bangalore
1618,2024-01-28 05:22:00,2024-01-28 05:45:00,1.22,164,Chennai
1619,2024-01-19 10:59:00,2024-01-19 11:38:00,9.54,200,Bangalore
1620,2024-01-14 09:35:00,2024-01-14 10:07:00,2.71,253,Bangalore
1621,2024-01-03 18:29:00,2024-01-03 19:01:00,4.4,318,Bangalore
1622,2024-01-08 09:11:00,2024-01-08 09:53:00,6.84,397,Mumbai
1623,2024-01-01 09:44:00,2024-01-01 10:28:00,5.46,328,Chennai
1624,2024-01-15 03:15:00,2024-01-15 03:58:00,7.36,361,Bangalore
1625,2024-01-05 01:55:00,2024-01-05 02:28:00,6.67,318,Chennai
1626,2024-01-05 16:52:00,2024-01-05 17:27:00,5.3,496,Bangalore
1627,2024-01-10 23:11:00,2024-01-10 23:47:00,8.38,231,Hyderabad
1628,2024-01-30 09:29:00,2024-01-30 10:06:00,6.97,307,Mumbai
1629,2024-01-26 00:16:00,2024-01-26 00:52:00,5.92,368,Mumbai
1630,2024-01-30 01:17:00,2024-01-30 01:52:00,6.04,328,Hyderabad
1631,2024-01-02 23:29:00,2024-01-03 00:13:00,7.19,331,Bangalore
1632,2024-01-10 05:29:00,2024-01-10 06:03:00,1.65,195,Chennai
1633,2024-01-04 06:50:00,2024-01-04 07:34:00,8.57,483,Delhi
1634,2024-01-17 16:08:00,2024-01-17 16:44:00,4.69,171,Hyderabad
1635,2024-01-12 13:17:00,2024-01-12 14:20:00,7.61,416,Mumbai
1636,2024-01-16 14:03:00,2024-01-16 14:46:00,3.75,334,Mumbai
1637,2024-01-03 06:27:00,2024-01-03 06:52:00,1.52,438,Delhi
1638,2024-01-11 05:14:00,2024-01-11 05:50:00,5.1,101,Delhi
1639,2024-01-14 03:48:00,2024-01-14 04:27:00,8.13,444,Hyderabad
1640,2024-01-05 23:11:00,2024-01-05 23:45:00,2.47,106,Mumbai
1641,2024-01-24 06:01:00,2024-01-24 06:38:00,6.35,247,Chennai
1642,2024-01-21 13:54:00,2024-01-21 14:33:00,4.54,410,Chennai
1643,2024-01-14 17:36:00,2024-01-14 18:12:00,2.78,410,Hyderabad
1644,2024-01-22 19:13:00,2024-01-22 20:08:00,6.84,443,Bangalore
1645,2024-01-14 08:45:00,2024-01-14 09:18:00,6.83,179,Mumbai
1646,2024-01-26 19:28:00,2024-01-26 20:15:00,3.61,275,Chennai
1647,2024-01-15 17:32:00,2024-01-15 18:06:00,1.83,381,Delhi
1648,2024-01-18 05:27:00,2024-01-18 06:05:00,8.29,198,Hyderabad
1649,2024-01-28 14:20:00,2024-01-28 15:06:00,6.18,266,Hyderabad
1650,2024-01-10 22:33:00,2024-01-10 23:38:00,3.52,181,Hyderabad
1651,2024-01-24 13:36:00,2024-01-24 14:12:00,2.68,408,Chennai
1652,2024-01-06 13:27:00,2024-01-06 14:30:00,9.07,173,Bangalore
1653,2024-01-28 04:11:00,2024-01-28 05:03:00,9.66,181,Delhi
1654,2024-01-01 16:15:00,2024-01-01 16:59:00,7.5,248,Chennai
1655,2024-01-19 00:26:00,2024-01-19 00:59:00,3.43,303,Hyderabad
1656,2024-01-06 21:02:00,2024-01-06 21:51:00,1.04,299,Mumbai
1657,2024-01-27 11:55:00,2024-01-27 12:39:00,6.55,235,Chennai
1658,2024-01-25 15:02:00,2024-01-25 15:34:00,4.6,270,Bangalore
1659,2024-01-27 11:33:00,2024-01-27 12:15:00,7.4,231,Delhi
1660,2024-01-12 12:00:00,2024-01-12 13:00:00,9.69,179,Mumbai
1661,2024-01-11 21:27:00,2024-01-11 22:36:00,6.4,228,Chennai
1662,2024-01-26 06:17:00,2024-01-26 07:04:00,8.66,386,Bangalore
1663,2024-01-26 22:37:00,2024-01-26 23:21:00,1.85,241,Bangalore
1664,2024-01-17 16:15:00,2024-01-17 16:51:00,7.16,341,Chennai
1665,2024-01-09 19:35:00,2024-01-09 20:31:00,5.09,142,Bangalore
1666,2024-01-08 20:58:00,2024-01-08 21:53:00,6.87,211,Mumbai
1667,2024-01-27 06:12:00,2024-01-27 06:51:00,5.66,329,Delhi
1668,2024-01-15 04:25:00,2024-01-15 05:08:00,9.24,437,Bangalore
1669,2024-01-26 17:23:00,2024-01-26 18:03:00,5.02,391,Mumbai
1670,2024-01-28 17:22:00,2024-01-28 17:48:00,2.3,188,Delhi
1671,2024-01-26 18:02:00,2024-01-26 18:39:00,4.66,222,Bangalore
1672,2024-01-06 21:03:00,2024-01-06 22:04:00,1.99,461,Bangalore
1673,2024-01-13 22:55:00,2024-01-13 23:53:00,3.83,376,Mumbai
1674,2024-01-20 03:25:00,2024-01-20 04:04:00,9.74,226,Mumbai
1675,2024-01-16 10:47:00,2024-01-16 11:27:00,9.41,406,Mumbai
1676,2024-01-03 09:57:00,2024-01-03 10:31:00,6.03,414,Bangalore
1677,2024-01-15 14:56:00,2024-01-15 16:02:00,9.87,470,Bangalore
1678,2024-01-19 20:42:00,2024-01-19 21:46:00,5.39,499,Chennai
1679,2024-01-25 16:15:00,2024-01-25 16:48:00,2.51,419,Chennai
1680,2024-01-04 20:05:00,2024-01-04 20:57:00,3.02,234,Mumbai
1681,2024-01-24 12:09:00,2024-01-24 12:56:00,2.29,393,Chennai
1682,2024-01-17 13:14:00,2024-01-17 13:57:00,2.25,490,Mumbai
1683,2024-01-16 03:50:00,2024-01-16 04:20:00,4.47,322,Bangalore
1684,2024-01-14 23:19:00,2024-01-14 23:56:00,3.42,131,Bangalore
1685,2024-01-10 10:29:00,2024-01-10 11:08:00,7.38,415,Chennai
1686,2024-01-27 21:57:00,2024-01-27 22:43:00,1.02,261,Mumbai
1687,2024-01-10 20:38:00,2024-01-10 21:32:00,4.12,326,Mumbai
1688,2024-01-21 06:50:00,2024-01-21 07:17:00,3.09,447,Chennai
1689,2024-01-12 21:11:00,2024-01-12 22:03:00,2.5,382,Chennai
1690,2024-01-16 10:56:00,2024-01-16 11:43:00,9.81,495,Delhi
1691,2024-01-10 12:16:00,2024-01-10 13:06:00,4.57,342,Mumbai
1692,2024-01-21 08:23:00,2024-01-21 08:52:00,1.32,134,Bangalore
1693,2024-01-16 06:48:00,2024-01-16 07:26:00,6.91,204,Delhi
1694,2024-01-21 19:30:00,2024-01-21 20:14:00,2.08,166,Mumbai
1695,2024-01-19 05:57:00,2024-01-19 06:29:00,3.33,442,Hyderabad
1696,2024-01-12 09:55:00,2024-01-12 10:28:00,1.08,452,Mumbai
1697,2024-01-22 01:40:00,2024-01-22 02:12:00,5.07,227,Chennai
1698,2024-01-11 14:02:00,2024-01-11 15:08:00,9.42,100,Delhi
1699,2024-01-28 19:22:00,2024-01-28 20:25:00,6.3,440,Delhi
1700,2024-01-14 23:31:00,2024-01-15 00:09:00,2.3,214,Hyderabad
1701,2024-01-06 12:10:00,2024-01-06 13:11:00,6.86,387,Bangalore
1702,2024-01-17 16:36:00,2024-01-17 17:14:00,5.28,139,Delhi
1703,2024-01-06 11:48:00,2024-01-06 12:24:00,2.36,460,Hyderabad
1704,2024-01-25 23:40:00,2024-01-26 00:24:00,9.66,146,Mumbai
1705,2024-01-07 11:00:00,2024-01-07 11:37:00,1.56,316,Hyderabad
1706,2024-01-28 22:41:00,2024-01-28 23:43:00,4.32,422,Hyderabad
1707,2024-01-18 06:28:00,2024-01-18 07:03:00,7.81,378,Delhi
1708,2024-01-16 00:46:00,2024-01-16 01:37:00,8.53,465,Hyderabad
1709,2024-01-03 00:44:00,2024-01-03 01:23:00,5.52,445,Delhi
1710,2024-01-09 03:01:00,2024-01-09 03:28:00,3.74,396,Delhi
1711,2024-01-12 14:55:00,2024-01-12 15:34:00,4.84,293,Chennai
1712,2024-01-15 11:40:00,2024-01-15 12:17:00,8.92,437,Bangalore
1713,2024-01-08 04:25:00,2024-01-08 05:03:00,7.19,324,Mumbai
1714,2024-01-16 06:39:00,2024-01-16 07:07:00,4.32,496,Mumbai
1715,2024-01-17 00:54:00,2024-01-17 01:36:00,8.29,112,Hyderabad
1716,2024-01-25 10:03:00,2024-01-25 10:48:00,8.5,321,Mumbai
1717,2024-01-31 08:00:00,2024-01-31 08:35:00,3.94,492,Mumbai
1718,2024-01-02 06:22:00,2024-01-02 06:54:00,4.44,339,Chennai
1719,2024-01-16 20:29:00,2024-01-16 21:40:00,6.67,198,Mumbai
1720,2024-01-20 00:58:00,2024-01-20 01:40:00,8.91,339,Mumbai
1721,2024-01-29 04:32:00,2024-01-29 05:14:00,9.85,416,Delhi
1722,2024-01-08 03:57:00,2024-01-08 04:37:00,6.65,309,Chennai
1723,2024-01-05 21:01:00,2024-01-05 21:47:00,1.65,282,Bangalore
1724,2024-01-26 05:17:00,2024-01-26 06:08:00,8.81,494,Hyderabad
1725,2024-01-27 06:07:00,2024-01-27 06:37:00,1.07,488,Bangalore
1726,2024-01-22 10:10:00,2024-01-22 10:59:00,9.29,145,Delhi
1727,2024-01-08 19:50:00,2024-01-08 20:50:00,6.93,143,Chennai
1728,2024-01-18 08:32:00,2024-01-18 09:20:00,9.52,362,Hyderabad
1729,2024-01-27 13:21:00,2024-01-27 14:08:00,1.68,415,Hyderabad
1730,2024-01-04 18:59:00,2024-01-04 19:31:00,3.18,311,Bangalore
1731,2024-01-29 22:20:00,2024-01-29 23:19:00,6.74,207,Bangalore
1732,2024-01-25 06:13:00,2024-01-25 06:56:00,5.52,193,Bangalore
1733,2024-01-30 08:26:00,2024-01-30 09:07:00,6.51,308,Chennai
1734,2024-01-01 23:40:00,2024-01-02 00:18:00,9.27,480,Delhi
1735,2024-01-19 16:16:00,2024-01-19 16:57:00,5.46,381,Delhi
1736,2024-01-05 06:59:00,2024-01-05 07:39:00,3.24,410,Chennai
1737,2024-01-09 00:28:00,2024-01-09 01:15:00,9.09,382,Mumbai
1738,2024-01-17 17:16:00,2024-01-17 18:05:00,8.8,220,Delhi
1739,2024-01-15 04:26:00,2024-01-15 05:15:00,9.61,408,Mumbai
1740,2024-01-16 02:04:00,2024-01-16 02:32:00,3.31,380,Bangalore
1741,2024-01-10 13:52:00,2024-01-10 14:42:00,6.73,132,Mumbai
1742,2024-01-27 06:16:00,2024-01-27 06:51:00,4.75,414,Chennai
1743,2024-01-15 06:56:00,2024-01-15 07:35:00,7.52,332,Delhi
1744,2024-01-16 13:30:00,2024-01-16 14:14:00,2.2,341,Hyderabad
1745,2024-01-31 13:51:00,2024-01-31 14:51:00,6.93,124,Delhi
1746,2024-01-10 23:21:00,2024-01-10 23:52:00,2.68,209,Bangalore
1747,2024-01-25 02:51:00,2024-01-25 03:24:00,1.3,297,Bangalore
1748,2024-01-13 21:35:00,2024-01-13 22:25:00,3.62,421,Mumbai
1749,2024-01-17 09:40:00,2024-01-17 10:22:00,4.6,449,Hyderabad
1750,2024-01-24 01:30:00,2024-01-24 02:07:00,3.1,111,Delhi
1751,2024-01-24 06:31:00,2024-01-24 07:16:00,7.25,454,Bangalore
1752,2024-01-21 23:20:00,2024-01-21 23:43:00,1.84,122,Bangalore
1753,2024-01-18 10:32:00,2024-01-18 11:05:00,4.38,488,Hyderabad
1754,2024-01-30 23:24:00,2024-01-31 00:01:00,3.39,482,Chennai
1755,2024-01-10 02:18:00,2024-01-10 03:03:00,9.94,488,Bangalore
1756,2024-01-01 20:58:00,2024-01-01 21:54:00,1.92,489,Delhi
1757,2024-01-13 16:59:00,2024-01-13 17:37:00,6.53,150,Chennai
1758,2024-01-04 06:40:00,2024-01-04 07:13:00,3.62,219,Chennai
1759,2024-01-20 08:58:00,2024-01-20 09:41:00,6.8,186,Delhi
1760,2024-01-13 20:37:00,2024-01-13 21:34:00,4.06,166,Mumbai
1761,2024-01-23 03:07:00,2024-01-23 03:39:00,5.8,432,Chennai
1762,2024-01-29 00:01:00,2024-01-29 00:46:00,7.01,369,Mumbai
1763,2024-01-16 14:17:00,2024-01-16 14:57:00,2.01,350,Delhi
1764,2024-01-05 20:01:00,2024-01-05 21:04:00,7.18,324,Bangalore
1765,2024-01-31 06:45:00,2024-01-31 07:25:00,3.74,424,Bangalore
1766,2024-01-16 10:28:00,2024-01-16 10:58:00,2.96,375,Delhi
1767,2024-01-06 01:38:00,2024-01-06 02:05:00,1.92,286,Mumbai
1768,2024-01-23 21:31:00,2024-01-23 22:15:00,1.24,333,Hyderabad
1769,2024-01-31 12:58:00,2024-01-31 13:53:00,5.13,312,Mumbai
1770,2024-01-02 20:21:00,2024-01-02 21:16:00,2.53,214,Hyderabad
1771,2024-01-24 00:22:00,2024-01-24 01:00:00,2.61,331,Chennai
1772,2024-01-02 19:55:00,2024-01-02 20:57:00,7.01,123,Bangalore
1773,2024-01-17 23:09:00,2024-01-17 23:37:00,4.27,110,Chennai
1774,2024-01-31 06:49:00,2024-01-31 07:27:00,5.96,281,Hyderabad
1775,2024-01-05 21:28:00,2024-01-05 22:24:00,2.17,264,Delhi
1776,2024-01-08 05:39:00,2024-01-08 06:14:00,2.89,191,Chennai
1777,2024-01-29 10:17:00,2024-01-29 11:01:00,8.81,258,Chennai
1778,2024-01-02 10:45:00,2024-01-02 11:34:00,9.05,390,Delhi
1779,2024-01-25 01:18:00,2024-01-25 01:59:00,9.24,497,Mumbai
1780,2024-01-16 05:27:00,2024-01-16 05:55:00,2.25,208,Mumbai
1781,2024-01-24 22:14:00,2024-01-24 23:07:00,4.65,220,Mumbai
1782,2024-01-18 13:34:00,2024-01-18 14:20:00,2.23,347,Chennai
1783,2024-01-31 08:19:00,2024-01-31 08:43:00,1.74,175,Bangalore
1784,2024-01-16 18:27:00,2024-01-16 19:08:00,5.57,181,Hyderabad
1785,2024-01-13 01:05:00,2024-01-13 01:46:00,8.58,167,Bangalore
1786,2024-01-28 01:49:00,2024-01-28 02:22:00,4.82,234,Chennai
1787,2024-01-29 22:34:00,2024-01-29 23:36:00,2.48,286,Mumbai
1788,2024-01-30 02:35:00,2024-01-30 03:02:00,1.6,138,Hyderabad
1789,2024-01-06 10:19:00,2024-01-06 10:49:00,2.55,333,Hyderabad
1790,2024-01-17 12:14:00,2024-01-17 13:14:00,8.05,426,Mumbai
1791,2024-01-21 15:39:00,2024-01-21 16:29:00,9.3,214,Delhi
1792,2024-01-27 19:29:00,2024-01-27 20:36:00,5.93,209,Hyderabad
1793,2024-01-18 20:31:00,2024-01-18 21:21:00,3.52,298,Mumbai
1794,2024-01-30 10:47:00,2024-01-30 11:35:00,9.72,356,Hyderabad
1795,2024-01-29 20:44:00,2024-01-29 21:51:00,8.46,337,Hyderabad
1796,2024-01-16 18:46:00,2024-01-16 19:24:00,9.25,104,Chennai
1797,2024-01-20 12:17:00,2024-01-20 13:22:00,9.51,371,Delhi
1798,2024-01-20 05:24:00,2024-01-20 06:02:00,5.32,379,Delhi
1799,2024-01-03 05:23:00,2024-01-03 05:52:00,2.21,182,Mumbai
1800,2024-01-07 04:49:00,2024-01-07 05:36:00,9.84,332,Delhi
1801,2024-01-04 12:57:00,2024-01-04 13:46:00,5.54,321,Chennai
1802,2024-01-16 05:05:00,2024-01-16 05:53:00,7.29,122,Delhi
1803,2024-01-28 18:53:00,2024-01-28 19:22:00,1.53,338,Bangalore
1804,2024-01-18 01:10:00,2024-01-18 01:38:00,1.98,169,Mumbai
1805,2024-01-24 15:27:00,2024-01-24 15:58:00,5.59,258,Mumbai
1806,2024-01-01 05:14:00,2024-01-01 05:47:00,2.77,453,Mumbai
1807,2024-01-21 23:54:00,2024-01-22 00:29:00,7.89,106,Delhi
1808,2024-01-01 11:15:00,2024-01-01 12:03:00,7.56,496,Mumbai
1809,2024-01-23 17:56:00,2024-01-23 18:28:00,5.19,374,Delhi
1810,2024-01-21 15:27:00,2024-01-21 16:18:00,9.93,186,Delhi
1811,2024-01-23 03:25:00,2024-01-23 03:58:00,6.66,409,Delhi
1812,2024-01-20 12:04:00,2024-01-20 12:56:00,6.64,187,Mumbai
1813,2024-01-02 20:33:00,2024-01-02 21:26:00,2.09,373,Bangalore
1814,2024-01-07 09:05:00,2024-01-07 09:41:00,7.42,112,Chennai
1815,2024-01-23 18:18:00,2024-01-23 18:48:00,3.35,209,Hyderabad
1816,2024-01-18 03:43:00,2024-01-18 04:21:00,3.29,229,Mumbai
1817,2024-01-23 06:31:00,2024-01-23 07:06:00,6.68,467,Bangalore
1818,2024-01-25 21:50:00,2024-01-25 22:54:00,5.35,249,Mumbai
1819,2024-01-23 22:27:00,2024-01-23 23:29:00,8.8,363,Hyderabad
1820,2024-01-31 01:00:00,2024-01-31 01:45:00,9.04,356,Delhi
1821,2024-01-18 02:30:00,2024-01-18 03:05:00,1.64,466,Bangalore
1822,2024-01-11 06:19:00,2024-01-11 07:05:00,8.49,199,Chennai
1823,2024-01-03 14:13:00,2024-01-03 15:03:00,4.74,386,Chennai
1824,2024-01-01 05:35:00,2024-01-01 06:08:00,1.07,145,Hyderabad
1825,2024-01-16 15:21:00,2024-01-16 15:58:00,7.52,193,Hyderabad
1826,2024-01-03 19:38:00,2024-01-03 20:44:00,4.26,481,Hyderabad
1827,2024-01-21 06:33:00,2024-01-21 07:23:00,9.72,135,Chennai
1828,2024-01-12 09:04:00,2024-01-12 09:36:00,3.28,282,Bangalore
1829,2024-01-29 21:10:00,2024-01-29 22:19:00,6.26,344,Bangalore
1830,2024-01-11 22:38:00,2024-01-11 23:41:00,6.99,111,Mumbai
1831,2024-01-17 02:59:00,2024-01-17 03:24:00,2.05,496,Mumbai
1832,2024-01-18 02:03:00,2024-01-18 02:42:00,2.6,310,Delhi
1833,2024-01-25 07:00:00,2024-01-25 07:40:00,4.03,413,Delhi
1834,2024-01-18 13:02:00,2024-01-18 13:49:00,8.16,260,Bangalore
1835,2024-01-29 21:36:00,2024-01-29 22:32:00,3.86,211,Bangalore
1836,2024-01-30 19:09:00,2024-01-30 20:11:00,6.3,380,Delhi
1837,2024-01-16 22:22:00,2024-01-16 23:11:00,2.88,391,Chennai
1838,2024-01-26 21:26:00,2024-01-26 22:26:00,3.67,252,Mumbai
1839,2024-01-28 16:32:00,2024-01-28 17:08:00,2.18,104,Hyderabad
1840,2024-01-19 09:33:00,2024-01-19 10:11:00,7.98,154,Mumbai
1841,2024-01-01 03:28:00,2024-01-01 04:12:00,7.91,232,Bangalore
1842,2024-01-02 13:55:00,2024-01-02 14:52:00,6.77,407,Delhi
1843,2024-01-23 01:28:00,2024-01-23 01:54:00,3.3,441,Delhi
1844,2024-01-05 06:54:00,2024-01-05 07:28:00,6.74,492,Chennai
1845,2024-01-01 13:26:00,2024-01-01 14:04:00,3.65,380,Chennai
1846,2024-01-01 16:36:00,2024-01-01 17:12:00,4.78,348,Delhi
1847,2024-01-29 05:35:00,2024-01-29 06:11:00,3.8,176,Hyderabad
1848,2024-01-25 11:04:00,2024-01-25 11:34:00,2.28,366,Hyderabad
1849,2024-01-17 06:16:00,2024-01-17 07:05:00,9.72,274,Bangalore
1850,2024-01-29 02:29:00,2024-01-29 03:12:00,8.94,414,Mumbai
1851,2024-01-13 13:38:00,2024-01-13 14:38:00,5.73,388,Mumbai
1852,2024-01-11 00:06:00,2024-01-11 00:42:00,4.4,141,Delhi
1853,2024-01-20 07:29:00,2024-01-20 08:09:00,7.12,347,Chennai
1854,2024-01-09 21:43:00,2024-01-09 22:47:00,9.93,194,Hyderabad
1855,2024-01-12 14:58:00,2024-01-12 15:36:00,3.46,266,Chennai
1856,2024-01-13 03:27:00,2024-01-13 03:55:00,3.58,368,Chennai
1857,2024-01-25 22:49:00,2024-01-25 23:57:00,5.51,167,Bangalore
1858,2024-01-26 03:54:00,2024-01-26 04:18:00,2.22,277,Chennai
1859,2024-01-11 01:59:00,2024-01-11 02:39:00,9.41,235,Hyderabad
1860,2024-01-04 13:14:00,2024-01-04 13:49:00,1.7,139,Delhi
1861,2024-01-12 08:44:00,2024-01-12 09:26:00,4.14,281,Mumbai
1862,2024-01-07 23:06:00,2024-01-07 23:39:00,3.78,258,Bangalore
1863,2024-01-24 13:17:00,2024-01-24 13:53:00,1.28,218,Mumbai
1864,2024-01-03 16:46:00,2024-01-03 17:18:00,1.03,396,Bangalore
1865,2024-01-21 23:45:00,2024-01-22 00:31:00,7.87,146,Chennai
1866,2024-01-03 08:21:00,2024-01-03 08:55:00,6.17,345,Delhi
1867,2024-01-11 12:07:00,2024-01-11 13:08:00,8.78,251,Hyderabad
1868,2024-01-10 20:00:00,2024-01-10 20:59:00,4.43,211,Delhi
1869,2024-01-16 15:42:00,2024-01-16 16:18:00,1.69,432,Chennai
1870,2024-01-29 09:10:00,2024-01-29 09:32:00,1.41,210,Delhi
1871,2024-01-22 21:02:00,2024-01-22 22:05:00,4.46,479,Delhi
1872,2024-01-31 17:36:00,2024-01-31 18:16:00,4.65,341,Chennai
1873,2024-01-02 20:42:00,2024-01-02 21:47:00,9.83,240,Mumbai
1874,2024-01-13 21:54:00,2024-01-13 22:59:00,7.88,254,Chennai
1875,2024-01-07 13:47:00,2024-01-07 14:29:00,5.95,360,Delhi
1876,2024-01-19 15:01:00,2024-01-19 15:30:00,3.74,156,Mumbai
1877,2024-01-27 01:07:00,2024-01-27 01:46:00,7.16,201,Bangalore
1878,2024-01-19 10:44:00,2024-01-19 11:25:00,6.2,197,Chennai
1879,2024-01-01 10:34:00,2024-01-01 11:09:00,7.75,455,Mumbai
1880,2024-01-03 20:13:00,2024-01-03 21:06:00,4.02,404,Hyderabad
1881,2024-01-17 08:17:00,2024-01-17 08:48:00,1.67,376,Bangalore
1882,2024-01-26 22:46:00,2024-01-26 23:50:00,7.38,361,Hyderabad
1883,2024-01-22 20:12:00,2024-01-22 21:04:00,3.79,214,Delhi
1884,2024-01-10 12:39:00,2024-01-10 13:33:00,4.63,411,Delhi
1885,2024-01-21 20:16:00,2024-01-21 21:17:00,8.39,346,Bangalore
1886,2024-01-20 18:02:00,2024-01-20 18:48:00,8.53,435,Bangalore
1887,2024-01-16 19:40:00,2024-01-16 20:50:00,9.02,328,Hyderabad
1888,2024-01-13 09:50:00,2024-01-13 10:33:00,6.83,403,Bangalore
1889,2024-01-28 07:29:00,2024-01-28 07:56:00,3.22,362,Delhi
1890,2024-01-09 21:50:00,2024-01-09 22:47:00,7.63,231,Bangalore
1891,2024-01-11 03:02:00,2024-01-11 03:40:00,4.14,321,Chennai
1892,2024-01-01 12:40:00,2024-01-01 13:36:00,6.27,253,Mumbai
1893,2024-01-29 07:27:00,2024-01-29 07:58:00,1.53,461,Delhi
1894,2024-01-09 17:20:00,2024-01-09 17:50:00,2.99,440,Delhi
1895,2024-01-23 00:05:00,2024-01-23 00:43:00,7.48,436,Mumbai
1896,2024-01-12 23:03:00,2024-01-12 23:38:00,4.01,231,Hyderabad
1897,2024-01-20 05:35:00,2024-01-20 06:26:00,8.51,127,Delhi
1898,2024-01-24 14:11:00,2024-01-24 14:51:00,4.82,231,Delhi
1899,2024-01-16 22:22:00,2024-01-16 23:10:00,4.39,253,Delhi
1900,2024-01-06 12:24:00,2024-01-06 13:14:00,1.98,442,Hyderabad
1901,2024-01-03 01:42:00,2024-01-03 02:31:00,9.9,421,Delhi
1902,2024-01-20 02:20:00,2024-01-20 03:07:00,7.25,141,Bangalore
1903,2024-01-12 16:41:00,2024-01-12 17:18:00,7.0,428,Hyderabad
1904,2024-01-12 00:24:00,2024-01-12 01:07:00,9.45,367,Hyderabad
1905,2024-01-13 04:21:00,2024-01-13 04:58:00,2.54,187,Bangalore
1906,2024-01-03 18:06:00,2024-01-03 18:45:00,4.36,190,Mumbai
1907,2024-01-05 14:32:00,2024-01-05 15:11:00,4.34,314,Hyderabad
1908,2024-01-12 21:31:00,2024-01-12 22:44:00,9.68,455,Delhi
1909,2024-01-16 04:26:00,2024-01-16 05:10:00,7.45,201,Delhi
1910,2024-01-11 11:20:00,2024-01-11 12:06:00,7.22,375,Mumbai
1911,2024-01-23 10:13:00,2024-01-23 10:42:00,3.04,116,Delhi
1912,2024-01-03 19:20:00,2024-01-03 20:28:00,7.73,370,Delhi
1913,2024-01-30 07:11:00,2024-01-30 07:49:00,3.02,396,Chennai
1914,2024-01-25 10:20:00,2024-01-25 11:00:00,4.91,287,Chennai
1915,2024-01-16 13:31:00,2024-01-16 14:33:00,9.59,178,Bangalore
1916,2024-01-27 03:09:00,2024-01-27 03:55:00,8.06,101,Hyderabad
1917,2024-01-21 16:52:00,2024-01-21 17:38:00,7.43,466,Hyderabad
1918,2024-01-01 01:28:00,2024-01-01 02:08:00,8.89,285,Mumbai
1919,2024-01-12 23:36:00,2024-01-13 00:18:00,9.94,199,Mumbai
1920,2024-01-18 12:52:00,2024-01-18 13:46:00,9.48,172,Delhi
1921,2024-01-09 14:52:00,2024-01-09 15:36:00,1.17,314,Bangalore
1922,2024-01-05 23:54:00,2024-01-06 00:30:00,4.49,102,Mumbai
1923,2024-01-22 11:13:00,2024-01-22 11:44:00,3.74,413,Delhi
1924,2024-01-16 07:54:00,2024-01-16 08:40:00,8.26,290,Delhi
1925,2024-01-13 00:02:00,2024-01-13 00:48:00,8.26,437,Bangalore
1926,2024-01-15 18:18:00,2024-01-15 18:42:00,2.11,106,Hyderabad
1927,2024-01-04 02:39:00,2024-01-04 03:23:00,9.74,252,Bangalore
1928,2024-01-13 20:54:00,2024-01-13 21:43:00,4.09,459,Mumbai
1929,2024-01-28 08:50:00,2024-01-28 09:27:00,3.92,286,Bangalore
1930,2024-01-26 06:11:00,2024-01-26 06:45:00,6.37,254,Bangalore
1931,2024-01-29 01:30:00,2024-01-29 02:15:00,7.18,347,Delhi
1932,2024-01-03 14:12:00,2024-01-03 14:57:00,2.97,195,Hyderabad
1933,2024-01-21 23:53:00,2024-01-22 00:40:00,7.98,185,Chennai
1934,2024-01-14 13:08:00,2024-01-14 13:58:00,3.27,341,Hyderabad
1935,2024-01-26 17:05:00,2024-01-26 17:55:00,9.13,488,Chennai
1936,2024-01-01 16:08:00,2024-01-01 16:56:00,9.11,260,Bangalore
1937,2024-01-30 23:14:00,2024-01-30 23:42:00,2.95,102,Mumbai
1938,2024-01-31 17:37:00,2024-01-31 18:07:00,5.37,290,Bangalore
1939,2024-01-01 20:34:00,2024-01-01 21:36:00,1.97,189,Delhi
1940,2024-01-24 17:10:00,2024-01-24 17:47:00,5.58,306,Mumbai
1941,2024-01-17 00:19:00,2024-01-17 01:01:00,8.03,326,Delhi
1942,2024-01-18 21:45:00,2024-01-18 22:42:00,4.94,403,Hyderabad
1943,2024-01-03 20:26:00,2024-01-03 21:23:00,4.09,257,Mumbai
1944,2024-01-27 09:27:00,2024-01-27 09:53:00,2.17,442,Delhi
1945,2024-01-01 09:30:00,2024-01-01 10:00:00,4.29,403,Chennai
1946,2024-01-06 11:22:00,2024-01-06 12:01:00,6.09,462,Chennai
1947,2024-01-27 21:28:00,2024-01-27 22:40:00,7.72,209,Bangalore
1948,2024-01-07 16:01:00,2024-01-07 16:43:00,9.33,126,Hyderabad
1949,2024-01-17 06:15:00,2024-01-17 06:55:00,6.94,319,Hyderabad
1950,2024-01-28 03:25:00,2024-01-28 03:57:00,1.2,408,Delhi
1951,2024-01-12 11:18:00,2024-01-12 11:59:00,8.2,259,Mumbai
1952,2024-01-30 23:33:00,2024-01-31 00:14:00,8.55,465,Bangalore
1953,2024-01-15 11:26:00,2024-01-15 12:03:00,5.85,337,Delhi
1954,2024-01-11 04:42:00,2024-01-11 05:25:00,7.61,123,Delhi
1955,2024-01-30 11:38:00,2024-01-30 12:14:00,6.22,495,Mumbai
1956,2024-01-14 22:27:00,2024-01-14 23:39:00,9.86,138,Hyderabad
1957,2024-01-23 07:00:00,2024-01-23 07:39:00,2.74,316,Delhi
1958,2024-01-31 15:40:00,2024-01-31 16:25:00,5.55,334,Chennai
1959,2024-01-04 07:42:00,2024-01-04 08:19:00,2.83,389,Mumbai
1960,2024-01-10 22:08:00,2024-01-10 23:06:00,3.72,439,Hyderabad
1961,2024-01-24 18:16:00,2024-01-24 18:58:00,8.91,202,Mumbai
1962,2024-01-18 04:37:00,2024-01-18 05:09:00,3.08,368,Delhi
1963,2024-01-23 08:59:00,2024-01-23 09:27:00,1.6,346,Chennai
1964,2024-01-28 20:37:00,2024-01-28 21:33:00,2.83,178,Chennai
1965,2024-01-21 17:47:00,2024-01-21 18:27:00,3.06,396,Hyderabad
1966,2024-01-27 21:34:00,2024-01-27 22:39:00,9.89,440,Delhi
1967,2024-01-24 03:41:00,2024-01-24 04:15:00,4.95,396,Mumbai
1968,2024-01-04 12:32:00,2024-01-04 13:29:00,4.96,172,Delhi
1969,2024-01-28 14:24:00,2024-01-28 15:12:00,1.22,289,Bangalore
1970,2024-01-10 10:04:00,2024-01-10 10:55:00,8.79,417,Delhi
1971,2024-01-14 12:35:00,2024-01-14 13:34:00,8.84,214,Delhi
1972,2024-01-21 02:04:00,2024-01-21 02:32:00,3.99,253,Mumbai
1973,2024-01-01 23:17:00,2024-01-02 00:05:00,9.93,465,Bangalore
1974,2024-01-26 04:07:00,2024-01-26 04:54:00,7.32,462,Delhi
1975,2024-01-10 08:02:00,2024-01-10 08:43:00,8.92,409,Bangalore
1976,2024-01-25 23:12:00,2024-01-25 23:46:00,5.51,399,Hyderabad
1977,2024-01-18 14:37:00,2024-01-18 15:16:00,2.71,319,Mumbai
1978,2024-01-18 01:25:00,2024-01-18 02:05:00,6.88,364,Delhi
1979,2024-01-19 02:48:00,2024-01-19 03:27:00,6.82,176,Hyderabad
1980,2024-01-11 06:42:00,2024-01-11 07:14:00,5.96,231,Chennai
1981,2024-01-10 00:48:00,2024-01-10 01:23:00,2.66,270,Bangalore
1982,2024-01-06 04:08:00,2024-01-06 04:50:00,5.53,417,Bangalore
1983,2024-01-07 16:25:00,2024-01-07 16:56:00,4.45,157,Delhi
1984,2024-01-04 06:28:00,2024-01-04 07:06:00,8.83,376,Delhi
1985,2024-01-18 11:38:00,2024-01-18 12:09:00,1.77,101,Bangalore
1986,2024-01-21 15:59:00,2024-01-21 16:44:00,6.43,155,Mumbai
1987,2024-01-27 16:40:00,2024-01-27 17:30:00,9.44,134,Bangalore
1988,2024-01-22 12:07:00,2024-01-22 12:57:00,4.53,457,Mumbai
1989,2024-01-15 12:33:00,2024-01-15 13:25:00,4.54,334,Mumbai
1990,2024-01-20 15:39:00,2024-01-20 16:16:00,2.15,223,Hyderabad
1991,2024-01-28 17:32:00,2024-01-28 18:08:00,1.24,426,Chennai
1992,2024-01-02 10:19:00,2024-01-02 10:55:00,3.83,360,Mumbai
1993,2024-01-10 00:48:00,2024-01-10 01:29:00,5.9,344,Delhi
1994,2024-01-03 08:50:00,2024-01-03 09:36:00,7.89,484,Mumbai
1995,2024-01-03 16:43:00,2024-01-03 17:22:00,9.87,355,Bangalore
1996,2024-01-11 13:41:00,2024-01-11 14:32:00,5.62,114,Delhi
1997,2024-01-19 12:27:00,2024-01-19 13:09:00,3.08,298,Bangalore
1998,2024-01-20 14:57:00,2024-01-20 15:41:00,7.0,251,Delhi
1999,2024-01-20 02:12:00,2024-01-20 02:54:00,8.02,301,Mumbai
2000,2024-01-16 05:20:00,2024-01-16 05:59:00,8.41,245,Bangalore
2001,2024-01-11 05:23:00,2024-01-11 06:02:00,7.47,196,Delhi
2002,2024-01-29 10:56:00,2024-01-29 11:20:00,1.94,244,Bangalore
2003,2024-01-06 11:40:00,2024-01-06 12:14:00,5.41,292,Delhi
2004,2024-01-22 08:52:00,2024-01-22 09:27:00,7.75,302,Delhi
2005,2024-01-10 16:14:00,2024-01-10 16:57:00,9.1,257,Delhi
2006,2024-01-09 16:28:00,2024-01-09 17:05:00,4.11,418,Chennai
2007,2024-01-26 16:41:00,2024-01-26 17:27:00,6.04,418,Delhi
2008,2024-01-23 10:06:00,2024-01-23 10:54:00,9.4,238,Mumbai
2009,2024-01-11 18:08:00,2024-01-11 18:36:00,1.61,176,Hyderabad
2010,2024-01-30 00:08:00,2024-01-30 00:44:00,7.16,358,Mumbai
2011,2024-01-21 09:25:00,2024-01-21 10:08:00,6.9,276,Delhi
2012,2024-01-16 22:23:00,2024-01-16 23:17:00,3.16,222,Mumbai
2013,2024-01-05 09:57:00,2024-01-05 10:43:00,8.35,140,Bangalore
2014,2024-01-19 14:13:00,2024-01-19 15:08:00,7.48,172,Bangalore
2015,2024-01-12 14:14:00,2024-01-12 15:06:00,2.17,488,Mumbai
2016,2024-01-10 11:10:00,2024-01-10 11:56:00,9.23,246,Hyderabad
2017,2024-01-23 10:59:00,2024-01-23 11:31:00,2.32,270,Hyderabad
2018,2024-01-25 06:06:00,2024-01-25 06:44:00,7.05,354,Bangalore
2019,2024-01-21 05:10:00,2024-01-21 05:48:00,4.48,227,Hyderabad
2020,2024-01-19 10:47:00,2024-01-19 11:23:00,3.43,219,Chennai
2021,2024-01-26 21:37:00,2024-01-26 22:29:00,6.19,197,Bangalore
2022,2024-01-16 04:13:00,2024-01-16 04:41:00,4.02,299,Chennai
2023,2024-01-27 00:59:00,2024-01-27 01:33:00,3.8,139,Mumbai
2024,2024-01-27 09:20:00,2024-01-27 09:55:00,4.7,132,Mumbai
2025,2024-01-10 00:36:00,2024-01-10 01:11:00,4.84,188,Bangalore
2026,2024-01-21 12:34:00,2024-01-21 13:21:00,2.31,468,Mumbai
2027,2024-01-12 03:06:00,2024-01-12 03:42:00,2.7,113,Chennai
2028,2024-01-17 05:47:00,2024-01-17 06:17:00,2.98,388,Mumbai
2029,2024-01-02 23:46:00,2024-01-03 00:16:00,1.73,384,Hyderabad
2030,2024-01-19 08:44:00,2024-01-19 09:28:00,7.17,107,Hyderabad
2031,2024-01-24 18:30:00,2024-01-24 19:08:00,4.05,373,Bangalore
2032,2024-01-09 18:30:00,2024-01-09 19:04:00,3.28,194,Chennai
2033,2024-01-29 03:24:00,2024-01-29 03:49:00,1.39,429,Bangalore
2034,2024-01-03 03:09:00,2024-01-03 03:37:00,3.03,321,Hyderabad
2035,2024-01-30 09:40:00,2024-01-30 10:15:00,7.29,445,Hyderabad
2036,2024-01-08 00:01:00,2024-01-08 00:40:00,5.69,121,Bangalore
2037,2024-01-20 22:06:00,2024-01-20 23:11:00,4.76,466,Bangalore
2038,2024-01-05 20:31:00,2024-01-05 21:28:00,5.84,264,Bangalore
2039,2024-01-07 09:20:00,2024-01-07 10:03:00,4.76,108,Mumbai
2040,2024-01-05 18:33:00,2024-01-05 19:20:00,9.1,296,Delhi
2041,2024-01-16 03:42:00,2024-01-16 04:13:00,5.92,244,Mumbai
2042,2024-01-08 04:44:00,2024-01-08 05:26:00,5.24,279,Hyderabad
2043,2024-01-28 08:37:00,2024-01-28 09:20:00,6.61,468,Delhi
2044,2024-01-03 03:13:00,2024-01-03 03:48:00,4.51,462,Mumbai
2045,2024-01-24 11:28:00,2024-01-24 12:09:00,9.87,358,Hyderabad
2046,2024-01-29 18:55:00,2024-01-29 19:29:00,3.06,175,Mumbai
2047,2024-01-03 01:08:00,2024-01-03 01:50:00,8.11,434,Delhi
2048,2024-01-23 06:12:00,2024-01-23 06:52:00,3.39,496,Delhi
2049,2024-01-28 14:06:00,2024-01-28 15:01:00,4.03,356,Hyderabad
2050,2024-01-30 06:52:00,2024-01-30 07:29:00,7.18,220,Chennai
2051,2024-01-18 16:51:00,2024-01-18 17:33:00,5.4,200,Bangalore
2052,2024-01-24 11:18:00,2024-01-24 11:56:00,6.7,332,Mumbai
2053,2024-01-02 22:04:00,2024-01-02 22:58:00,4.94,124,Delhi
2054,2024-01-29 08:13:00,2024-01-29 08:42:00,1.89,481,Delhi
2055,2024-01-11 22:22:00,2024-01-11 23:22:00,9.21,326,Delhi
2056,2024-01-19 06:00:00,2024-01-19 06:41:00,5.92,253,Delhi
2057,2024-01-16 10:43:00,2024-01-16 11:11:00,1.9,197,Hyderabad
2058,2024-01-15 08:00:00,2024-01-15 08:43:00,9.86,288,Hyderabad
2059,2024-01-11 23:21:00,2024-01-12 00:13:00,9.78,268,Chennai
2060,2024-01-14 15:51:00,2024-01-14 16:29:00,4.28,219,Chennai
2061,2024-01-25 08:21:00,2024-01-25 08:54:00,4.92,421,Delhi
2062,2024-01-19 07:01:00,2024-01-19 07:42:00,7.22,466,Bangalore
2063,2024-01-13 23:45:00,2024-01-14 00:29:00,6.58,294,Mumbai
2064,2024-01-02 10:15:00,2024-01-02 10:54:00,9.54,364,Delhi
2065,2024-01-30 15:04:00,2024-01-30 15:43:00,2.98,374,Bangalore
2066,2024-01-18 20:26:00,2024-01-18 21:24:00,8.14,280,Bangalore
2067,2024-01-05 00:11:00,2024-01-05 00:44:00,6.25,126,Bangalore
2068,2024-01-07 08:58:00,2024-01-07 09:34:00,6.4,486,Mumbai
2069,2024-01-23 02:39:00,2024-01-23 03:24:00,8.02,445,Bangalore
2070,2024-01-02 13:41:00,2024-01-02 14:32:00,7.18,219,Delhi
2071,2024-01-30 14:11:00,2024-01-30 15:15:00,8.28,433,Mumbai
2072,2024-01-30 16:17:00,2024-01-30 16:57:00,7.33,368,Mumbai
2073,2024-01-31 11:38:00,2024-01-31 12:16:00,6.76,387,Mumbai
2074,2024-01-04 10:58:00,2024-01-04 11:37:00,2.79,121,Mumbai
2075,2024-01-21 11:04:00,2024-01-21 11:42:00,3.12,488,Chennai
2076,2024-01-01 22:23:00,2024-01-01 23:34:00,8.15,409,Mumbai
2077,2024-01-11 04:11:00,2024-01-11 04:58:00,7.82,458,Mumbai
2078,2024-01-30 01:10:00,2024-01-30 01:35:00,1.28,322,Delhi
2079,2024-01-04 18:37:00,2024-01-04 19:27:00,8.12,315,Chennai
2080,2024-01-15 06:30:00,2024-01-15 07:08:00,7.35,177,Mumbai
2081,2024-01-07 05:41:00,2024-01-07 06:23:00,5.69,259,Mumbai
2082,2024-01-11 16:45:00,2024-01-11 17:24:00,8.67,464,Chennai
2083,2024-01-18 14:50:00,2024-01-18 15:51:00,8.03,431,Bangalore
2084,2024-01-26 06:04:00,2024-01-26 06:33:00,4.84,206,Hyderabad
2085,2024-01-30 08:50:00,2024-01-30 09:33:00,7.02,417,Delhi
2086,2024-01-30 13:24:00,2024-01-30 14:09:00,3.8,371,Delhi
2087,2024-01-21 14:44:00,2024-01-21 15:30:00,4.21,314,Hyderabad
2088,2024-01-18 10:18:00,2024-01-18 10:53:00,7.0,248,Bangalore
2089,2024-01-10 12:40:00,2024-01-10 13:39:00,7.74,463,Delhi
2090,2024-01-22 19:04:00,2024-01-22 20:07:00,5.07,291,Mumbai
2091,2024-01-11 02:27:00,2024-01-11 03:11:00,8.08,265,Delhi
2092,2024-01-26 19:51:00,2024-01-26 20:58:00,4.55,107,Delhi
2093,2024-01-12 11:30:00,2024-01-12 12:18:00,8.04,434,Hyderabad
2094,2024-01-04 16:44:00,2024-01-04 17:31:00,7.42,407,Mumbai
2095,2024-01-20 06:03:00,2024-01-20 06:50:00,8.34,485,Mumbai
2096,2024-01-26 02:05:00,2024-01-26 02:38:00,6.76,178,Delhi
2097,2024-01-03 10:31:00,2024-01-03 11:09:00,6.58,227,Mumbai
2098,2024-01-04 10:24:00,2024-01-04 10:56:00,3.89,488,Delhi
2099,2024-01-02 21:33:00,2024-01-02 22:25:00,1.65,334,Mumbai
2100,2024-01-25 12:15:00,2024-01-25 13:01:00,4.7,416,Mumbai
2101,2024-01-19 08:50:00,2024-01-19 09:22:00,3.63,172,Mumbai
2102,2024-01-24 18:57:00,2024-01-24 19:32:00,2.8,487,Chennai
2103,2024-01-23 10:52:00,2024-01-23 11:25:00,5.06,322,Mumbai
2104,2024-01-18 09:32:00,2024-01-18 10:08:00,2.23,187,Mumbai
2105,2024-01-21 22:19:00,2024-01-21 23:14:00,7.83,230,Hyderabad
2106,2024-01-10 20:45:00,2024-01-10 21:41:00,5.62,425,Hyderabad
2107,2024-01-05 17:28:00,2024-01-05 17:50:00,1.32,479,Chennai
2108,2024-01-31 12:45:00,2024-01-31 13:45:00,7.27,130,Hyderabad
2109,2024-01-20 09:04:00,2024-01-20 09:43:00,7.98,160,Delhi
2110,2024-01-24 22:45:00,2024-01-24 23:53:00,9.14,119,Chennai
2111,2024-01-11 05:46:00,2024-01-11 06:28:00,9.35,298,Bangalore
2112,2024-01-05 08:20:00,2024-01-05 08:55:00,2.47,224,Delhi
2113,2024-01-17 06:06:00,2024-01-17 06:36:00,1.57,450,Bangalore
2114,2024-01-12 19:11:00,2024-01-12 20:23:00,8.74,160,Chennai
2115,2024-01-11 06:40:00,2024-01-11 07:23:00,6.87,350,Bangalore
2116,2024-01-20 16:27:00,2024-01-20 17:07:00,8.33,263,Chennai
2117,2024-01-02 07:31:00,2024-01-02 07:55:00,2.22,283,Chennai
2118,2024-01-29 10:51:00,2024-01-29 11:25:00,6.64,421,Delhi
2119,2024-01-26 04:17:00,2024-01-26 04:52:00,5.54,442,Mumbai
2120,2024-01-22 23:55:00,2024-01-23 00:27:00,2.36,340,Bangalore
2121,2024-01-15 00:23:00,2024-01-15 01:13:00,9.43,245,Chennai
2122,2024-01-21 16:53:00,2024-01-21 17:42:00,9.35,452,Mumbai
2123,2024-01-27 14:04:00,2024-01-27 15:03:00,5.55,484,Delhi
2124,2024-01-05 05:00:00,2024-01-05 05:51:00,9.48,302,Mumbai
2125,2024-01-03 21:53:00,2024-01-03 22:35:00,1.16,331,Delhi
2126,2024-01-08 15:35:00,2024-01-08 16:22:00,8.72,497,Hyderabad
2127,2024-01-01 19:59:00,2024-01-01 20:53:00,5.52,220,Chennai
2128,2024-01-20 05:25:00,2024-01-20 06:00:00,3.03,342,Mumbai
2129,2024-01-01 09:11:00,2024-01-01 09:53:00,7.44,342,Chennai
2130,2024-01-08 13:02:00,2024-01-08 13:55:00,6.58,387,Delhi
2131,2024-01-23 18:23:00,2024-01-23 18:59:00,5.55,460,Delhi
2132,2024-01-01 15:56:00,2024-01-01 16:38:00,9.34,362,Delhi
2133,2024-01-14 09:55:00,2024-01-14 10:38:00,5.44,420,Bangalore
2134,2024-01-07 17:14:00,2024-01-07 17:56:00,8.58,420,Delhi
2135,2024-01-12 17:46:00,2024-01-12 18:25:00,6.59,462,Mumbai
2136,2024-01-13 19:37:00,2024-01-13 20:26:00,4.03,137,Chennai
2137,2024-01-06 09:26:00,2024-01-06 10:12:00,7.12,389,Chennai
2138,2024-01-06 11:57:00,2024-01-06 12:44:00,9.63,408,Chennai
2139,2024-01-05 05:59:00,2024-01-05 06:26:00,1.67,375,Delhi
2140,2024-01-20 19:33:00,2024-01-20 20:41:00,8.28,265,Delhi
2141,2024-01-18 19:48:00,2024-01-18 20:47:00,1.05,306,Hyderabad
2142,2024-01-05 23:58:00,2024-01-06 00:40:00,9.54,190,Chennai
2143,2024-01-06 05:01:00,2024-01-06 05:44:00,8.88,188,Chennai
2144,2024-01-20 21:14:00,2024-01-20 22:12:00,2.37,338,Delhi
2145,2024-01-13 02:16:00,2024-01-13 03:07:00,9.51,241,Hyderabad
2146,2024-01-24 12:58:00,2024-01-24 13:34:00,1.37,434,Hyderabad
2147,2024-01-31 12:13:00,2024-01-31 12:54:00,5.61,319,Delhi
2148,2024-01-24 00:29:00,2024-01-24 01:15:00,9.01,164,Chennai
2149,2024-01-02 16:47:00,2024-01-02 17:20:00,2.05,397,Mumbai
2150,2024-01-25 00:44:00,2024-01-25 01:21:00,5.39,223,Bangalore
2151,2024-01-21 23:00:00,2024-01-21 23:22:00,1.23,391,Mumbai
2152,2024-01-01 20:09:00,2024-01-01 21:12:00,7.57,403,Hyderabad
2153,2024-01-26 08:42:00,2024-01-26 09:20:00,3.63,401,Mumbai
2154,2024-01-31 05:11:00,2024-01-31 05:54:00,9.62,277,Hyderabad
2155,2024-01-25 10:56:00,2024-01-25 11:41:00,5.67,146,Chennai
2156,2024-01-29 01:01:00,2024-01-29 01:46:00,8.75,166,Hyderabad
2157,2024-01-07 11:38:00,2024-01-07 12:26:00,7.1,410,Chennai
2158,2024-01-08 19:49:00,2024-01-08 20:35:00,2.43,199,Delhi
2159,2024-01-21 05:47:00,2024-01-21 06:34:00,7.69,249,Chennai
2160,2024-01-28 09:14:00,2024-01-28 09:55:00,9.1,231,Mumbai
2161,2024-01-02 16:38:00,2024-01-02 17:02:00,1.33,276,Chennai
2162,2024-01-17 15:17:00,2024-01-17 15:47:00,1.14,439,Hyderabad
2163,2024-01-09 17:17:00,2024-01-09 17:58:00,7.42,169,Mumbai
2164,2024-01-20 16:19:00,2024-01-20 16:58:00,2.66,301,Delhi
2165,2024-01-15 17:09:00,2024-01-15 17:39:00,2.09,469,Mumbai
2166,2024-01-24 21:15:00,2024-01-24 22:07:00,5.35,255,Chennai
2167,2024-01-18 23:40:00,2024-01-19 00:19:00,8.22,197,Bangalore
2168,2024-01-14 13:35:00,2024-01-14 14:25:00,3.5,329,Bangalore
2169,2024-01-14 16:20:00,2024-01-14 16:51:00,2.15,415,Mumbai
2170,2024-01-13 12:38:00,2024-01-13 13:21:00,3.41,331,Hyderabad
2171,2024-01-25 16:46:00,2024-01-25 17:33:00,7.1,453,Hyderabad
2172,2024-01-22 03:24:00,2024-01-22 04:10:00,9.29,449,Delhi
2173,2024-01-16 05:16:00,2024-01-16 05:58:00,8.15,203,Chennai
2174,2024-01-20 03:27:00,2024-01-20 04:09:00,9.54,212,Chennai
2175,2024-01-09 14:25:00,2024-01-09 15:14:00,1.77,265,Delhi
2176,2024-01-13 12:24:00,2024-01-13 13:04:00,4.08,127,Delhi
2177,2024-01-01 12:03:00,2024-01-01 13:11:00,9.72,472,Hyderabad
2178,2024-01-23 09:50:00,2024-01-23 10:20:00,1.39,158,Chennai
2179,2024-01-11 05:39:00,2024-01-11 06:06:00,1.91,450,Bangalore
2180,2024-01-29 13:05:00,2024-01-29 13:39:00,1.33,170,Hyderabad
2181,2024-01-05 12:14:00,2024-01-05 13:07:00,6.62,303,Delhi
2182,2024-01-08 12:50:00,2024-01-08 13:32:00,1.34,350,Chennai
2183,2024-01-24 13:00:00,2024-01-24 13:49:00,4.32,194,Chennai
2184,2024-01-20 05:57:00,2024-01-20 06:26:00,4.52,242,Chennai
2185,2024-01-18 02:11:00,2024-01-18 02:51:00,5.32,241,Hyderabad
2186,2024-01-27 02:19:00,2024-01-27 02:47:00,2.97,328,Delhi
2187,2024-01-05 22:57:00,2024-01-05 23:41:00,1.76,487,Delhi
2188,2024-01-01 23:14:00,2024-01-01 23:59:00,6.61,358,Bangalore
2189,2024-01-20 09:22:00,2024-01-20 10:00:00,8.3,241,Chennai
2190,2024-01-03 07:07:00,2024-01-03 07:47:00,9.89,424,Mumbai
2191,2024-01-31 04:46:00,2024-01-31 05:27:00,9.92,139,Chennai
2192,2024-01-20 09:45:00,2024-01-20 10:24:00,6.71,137,Delhi
2193,2024-01-25 18:12:00,2024-01-25 18:49:00,4.66,183,Mumbai
2194,2024-01-15 23:22:00,2024-01-16 00:09:00,8.13,294,Mumbai
2195,2024-01-03 06:08:00,2024-01-03 06:58:00,10.0,322,Mumbai
2196,2024-01-07 22:56:00,2024-01-07 23:49:00,5.09,105,Hyderabad
2197,2024-01-30 14:52:00,2024-01-30 15:33:00,4.29,300,Delhi
2198,2024-01-22 15:35:00,2024-01-22 16:18:00,6.38,272,Delhi
2199,2024-01-11 05:08:00,2024-01-11 05:58:00,9.15,486,Delhi
2200,2024-01-05 23:48:00,2024-01-06 00:13:00,2.96,437,Hyderabad
2201,2024-01-13 13:52:00,2024-01-13 14:43:00,1.07,469,Bangalore
2202,2024-01-15 01:14:00,2024-01-15 01:55:00,5.42,228,Hyderabad
2203,2024-01-02 22:12:00,2024-01-02 23:03:00,2.72,471,Mumbai
2204,2024-01-07 10:09:00,2024-01-07 10:48:00,9.31,200,Mumbai
2205,2024-01-26 00:41:00,2024-01-26 01:13:00,5.43,136,Chennai
2206,2024-01-03 02:23:00,2024-01-03 03:07:00,5.36,332,Chennai
2207,2024-01-14 05:12:00,2024-01-14 05:50:00,4.12,300,Bangalore
2208,2024-01-02 00:16:00,2024-01-02 00:54:00,4.47,457,Delhi
2209,2024-01-28 23:41:00,2024-01-29 00:24:00,6.87,227,Mumbai
2210,2024-01-26 20:06:00,2024-01-26 21:09:00,4.06,302,Mumbai
2211,2024-01-16 20:41:00,2024-01-16 21:36:00,2.18,126,Mumbai
2212,2024-01-29 22:38:00,2024-01-29 23:46:00,4.89,450,Delhi
2213,2024-01-03 05:19:00,2024-01-03 06:02:00,6.78,128,Bangalore
2214,2024-01-31 09:40:00,2024-01-31 10:07:00,3.59,290,Hyderabad
2215,2024-01-28 09:40:00,2024-01-28 10:17:00,2.55,391,Delhi
2216,2024-01-10 05:02:00,2024-01-10 05:45:00,5.18,119,Hyderabad
2217,2024-01-21 21:36:00,2024-01-21 22:42:00,5.48,409,Hyderabad
2218,2024-01-07 10:02:00,2024-01-07 10:37:00,2.76,411,Hyderabad
2219,2024-01-13 02:24:00,2024-01-13 03:09:00,9.77,379,Mumbai
2220,2024-01-13 10:30:00,2024-01-13 11:13:00,6.13,148,Delhi
2221,2024-01-10 09:47:00,2024-01-10 10:24:00,4.09,125,Delhi
2222,2024-01-07 19:58:00,2024-01-07 21:00:00,8.79,286,Mumbai
2223,2024-01-27 17:22:00,2024-01-27 18:12:00,8.14,250,Chennai
2224,2024-01-27 02:27:00,2024-01-27 03:02:00,7.48,140,Hyderabad
2225,2024-01-15 22:19:00,2024-01-15 23:23:00,2.69,479,Mumbai
2226,2024-01-13 14:51:00,2024-01-13 15:41:00,6.16,474,Chennai
2227,2024-01-10 04:38:00,2024-01-10 05:13:00,7.58,436,Bangalore
2228,2024-01-20 17:11:00,2024-01-20 17:38:00,3.6,265,Delhi
2229,2024-01-06 08:56:00,2024-01-06 09:40:00,7.39,109,Chennai
2230,2024-01-31 12:08:00,2024-01-31 13:02:00,3.63,482,Chennai
2231,2024-01-16 20:30:00,2024-01-16 21:31:00,4.56,119,Delhi
2232,2024-01-11 06:33:00,2024-01-11 07:13:00,9.99,275,Bangalore
2233,2024-01-25 18:34:00,2024-01-25 19:11:00,3.58,397,Delhi
2234,2024-01-07 13:52:00,2024-01-07 14:38:00,2.9,430,Mumbai
2235,2024-01-08 20:58:00,2024-01-08 21:48:00,2.23,337,Delhi
2236,2024-01-12 00:34:00,2024-01-12 01:11:00,6.33,429,Delhi
2237,2024-01-18 11:41:00,2024-01-18 12:22:00,4.77,358,Bangalore
2238,2024-01-21 00:21:00,2024-01-21 01:03:00,5.63,370,Delhi
2239,2024-01-10 05:28:00,2024-01-10 06:14:00,8.98,294,Mumbai
2240,2024-01-18 10:33:00,2024-01-18 11:10:00,3.02,262,Mumbai
2241,2024-01-11 12:04:00,2024-01-11 12:52:00,3.91,381,Mumbai
2242,2024-01-07 07:42:00,2024-01-07 08:19:00,2.46,131,Mumbai
2243,2024-01-18 09:42:00,2024-01-18 10:28:00,8.17,392,Chennai
2244,2024-01-28 15:06:00,2024-01-28 15:45:00,2.73,295,Hyderabad
2245,2024-01-18 09:43:00,2024-01-18 10:13:00,3.41,354,Mumbai
2246,2024-01-28 00:35:00,2024-01-28 01:06:00,5.99,375,Mumbai
2247,2024-01-22 05:51:00,2024-01-22 06:22:00,1.18,117,Mumbai
2248,2024-01-20 00:13:00,2024-01-20 00:37:00,1.73,184,Mumbai
2249,2024-01-21 18:45:00,2024-01-21 19:21:00,4.52,279,Chennai
2250,2024-01-01 00:44:00,2024-01-01 01:19:00,7.97,130,Delhi
2251,2024-01-02 07:21:00,2024-01-02 07:46:00,2.0,244,Mumbai
2252,2024-01-16 17:17:00,2024-01-16 17:42:00,2.96,296,Chennai
2253,2024-01-22 13:49:00,2024-01-22 14:32:00,4.65,432,Bangalore
2254,2024-01-03 18:49:00,2024-01-03 19:33:00,5.44,225,Mumbai
2255,2024-01-23 18:39:00,2024-01-23 19:20:00,4.71,191,Bangalore
2256,2024-01-27 15:10:00,2024-01-27 15:49:00,4.68,485,Hyderabad
2257,2024-01-23 14:44:00,2024-01-23 15:44:00,7.07,408,Chennai
2258,2024-01-10 20:59:00,2024-01-10 22:07:00,9.82,120,Mumbai
2259,2024-01-23 06:54:00,2024-01-23 07:17:00,1.11,270,Hyderabad
2260,2024-01-08 11:16:00,2024-01-08 11:55:00,7.86,327,Bangalore
2261,2024-01-08 16:27:00,2024-01-08 17:10:00,8.48,167,Bangalore
2262,2024-01-15 14:59:00,2024-01-15 15:49:00,3.74,473,Hyderabad
2263,2024-01-08 13:46:00,2024-01-08 14:37:00,5.52,274,Delhi
2264,2024-01-12 12:56:00,2024-01-12 13:49:00,8.34,226,Delhi
2265,2024-01-15 14:15:00,2024-01-15 15:17:00,9.97,479,Hyderabad
2266,2024-01-28 18:23:00,2024-01-28 18:55:00,1.1,299,Chennai
2267,2024-01-31 14:23:00,2024-01-31 15:07:00,3.29,491,Delhi
2268,2024-01-16 07:12:00,2024-01-16 07:34:00,1.45,482,Chennai
2269,2024-01-22 21:47:00,2024-01-22 22:43:00,2.11,370,Hyderabad
2270,2024-01-17 14:32:00,2024-01-17 15:18:00,1.52,218,Bangalore
2271,2024-01-29 13:29:00,2024-01-29 14:23:00,9.12,213,Hyderabad
2272,2024-01-22 17:26:00,2024-01-22 18:07:00,8.92,213,Chennai
2273,2024-01-16 06:23:00,2024-01-16 06:52:00,4.97,186,Bangalore
2274,2024-01-08 19:30:00,2024-01-08 20:30:00,2.28,382,Delhi
2275,2024-01-26 06:26:00,2024-01-26 07:06:00,8.21,271,Mumbai
2276,2024-01-13 00:49:00,2024-01-13 01:37:00,9.09,417,Bangalore
2277,2024-01-23 00:15:00,2024-01-23 00:55:00,5.06,382,Chennai
2278,2024-01-12 05:16:00,2024-01-12 05:53:00,3.47,119,Hyderabad
2279,2024-01-12 17:49:00,2024-01-12 18:32:00,6.65,213,Bangalore
2280,2024-01-26 02:26:00,2024-01-26 03:00:00,5.54,388,Hyderabad
2281,2024-01-08 03:45:00,2024-01-08 04:24:00,5.98,120,Chennai
2282,2024-01-18 01:50:00,2024-01-18 02:33:00,9.41,293,Hyderabad
2283,2024-01-29 01:08:00,2024-01-29 01:59:00,8.54,374,Bangalore
2284,2024-01-11 10:18:00,2024-01-11 11:04:00,6.65,423,Delhi
2285,2024-01-08 16:56:00,2024-01-08 17:31:00,4.91,479,Mumbai
2286,2024-01-11 11:28:00,2024-01-11 12:05:00,8.33,344,Delhi
2287,2024-01-29 13:21:00,2024-01-29 14:24:00,9.85,378,Mumbai
2288,2024-01-04 02:14:00,2024-01-04 02:52:00,6.62,109,Bangalore
2289,2024-01-20 01:08:00,2024-01-20 01:42:00,4.54,414,Mumbai
2290,2024-01-16 05:15:00,2024-01-16 05:45:00,2.47,330,Chennai
2291,2024-01-20 01:54:00,2024-01-20 02:37:00,4.9,243,Bangalore
2292,2024-01-08 19:55:00,2024-01-08 20:56:00,9.58,219,Hyderabad
2293,2024-01-27 12:10:00,2024-01-27 13:04:00,6.5,314,Delhi
2294,2024-01-16 14:07:00,2024-01-16 15:03:00,7.38,237,Bangalore
2295,2024-01-28 04:07:00,2024-01-28 04:38:00,3.69,320,Delhi
2296,2024-01-29 22:46:00,2024-01-29 23:37:00,4.82,306,Chennai
2297,2024-01-18 08:51:00,2024-01-18 09:24:00,3.53,237,Chennai
2298,2024-01-23 13:37:00,2024-01-23 14:24:00,6.91,314,Hyderabad
2299,2024-01-31 10:27:00,2024-01-31 11:17:00,8.62,361,Delhi
2300,2024-01-13 23:21:00,2024-01-13 23:52:00,2.85,373,Bangalore
2301,2024-01-20 15:45:00,2024-01-20 16:31:00,9.95,228,Mumbai
2302,2024-01-24 16:14:00,2024-01-24 16:48:00,3.1,298,Hyderabad
2303,2024-01-09 23:25:00,2024-01-10 00:10:00,9.31,308,Delhi
2304,2024-01-26 03:05:00,2024-01-26 03:36:00,4.43,256,Chennai
2305,2024-01-01 14:22:00,2024-01-01 15:03:00,4.48,361,Mumbai
2306,2024-01-16 10:23:00,2024-01-16 10:54:00,5.84,327,Bangalore
2307,2024-01-17 00:35:00,2024-01-17 01:16:00,4.65,485,Chennai
2308,2024-01-15 03:54:00,2024-01-15 04:22:00,2.05,397,Mumbai
2309,2024-01-27 02:31:00,2024-01-27 03:14:00,6.36,461,Delhi
2310,2024-01-16 22:17:00,2024-01-16 23:20:00,6.23,156,Delhi
2311,2024-01-29 08:22:00,2024-01-29 08:57:00,4.88,447,Chennai
2312,2024-01-21 17:31:00,2024-01-21 18:20:00,8.69,375,Bangalore
2313,2024-01-14 01:52:00,2024-01-14 02:33:00,8.96,203,Hyderabad
2314,2024-01-13 01:12:00,2024-01-13 01:49:00,4.25,144,Chennai
2315,2024-01-02 23:42:00,2024-01-03 00:10:00,2.69,239,Delhi
2316,2024-01-27 04:55:00,2024-01-27 05:24:00,2.4,345,Bangalore
2317,2024-01-20 21:50:00,2024-01-20 23:03:00,7.63,179,Chennai
2318,2024-01-17 12:07:00,2024-01-17 12:49:00,6.45,419,Hyderabad
2319,2024-01-22 02:52:00,2024-01-22 03:23:00,2.55,334,Mumbai
2320,2024-01-22 20:39:00,2024-01-22 21:43:00,3.74,421,Delhi
2321,2024-01-04 07:32:00,2024-01-04 08:10:00,8.55,106,Hyderabad
2322,2024-01-28 03:49:00,2024-01-28 04:30:00,9.88,348,Chennai
2323,2024-01-30 09:05:00,2024-01-30 09:41:00,2.38,181,Delhi
2324,2024-01-07 18:37:00,2024-01-07 19:08:00,4.99,335,Hyderabad
2325,2024-01-31 12:32:00,2024-01-31 13:24:00,4.7,465,Bangalore
2326,2024-01-25 23:13:00,2024-01-26 00:02:00,9.86,371,Hyderabad
2327,2024-01-17 01:08:00,2024-01-17 01:52:00,9.3,154,Hyderabad
2328,2024-01-06 12:17:00,2024-01-06 13:06:00,5.9,459,Bangalore
2329,2024-01-14 01:07:00,2024-01-14 01:55:00,9.16,181,Mumbai
2330,2024-01-18 06:36:00,2024-01-18 07:23:00,8.89,202,Delhi
2331,2024-01-17 02:21:00,2024-01-17 02:52:00,5.51,197,Bangalore
2332,2024-01-04 03:28:00,2024-01-04 03:53:00,2.13,483,Chennai
2333,2024-01-17 09:50:00,2024-01-17 10:26:00,7.26,471,Delhi
2334,2024-01-25 02:08:00,2024-01-25 02:40:00,5.67,209,Chennai
2335,2024-01-24 04:56:00,2024-01-24 05:28:00,5.98,273,Delhi
2336,2024-01-24 01:36:00,2024-01-24 02:08:00,3.28,179,Hyderabad
2337,2024-01-02 08:08:00,2024-01-02 08:56:00,7.49,181,Chennai
2338,2024-01-16 01:48:00,2024-01-16 02:35:00,9.55,448,Chennai
2339,2024-01-20 01:40:00,2024-01-20 02:12:00,1.84,109,Bangalore
2340,2024-01-23 12:34:00,2024-01-23 13:33:00,6.67,169,Delhi
2341,2024-01-16 09:41:00,2024-01-16 10:18:00,2.9,100,Chennai
2342,2024-01-02 01:30:00,2024-01-02 02:11:00,8.38,217,Bangalore
2343,2024-01-01 04:24:00,2024-01-01 04:52:00,3.36,166,Hyderabad
2344,2024-01-13 03:40:00,2024-01-13 04:19:00,7.54,259,Delhi
2345,2024-01-31 13:20:00,2024-01-31 14:00:00,4.95,206,Chennai
2346,2024-01-02 08:58:00,2024-01-02 09:39:00,6.17,420,Chennai
2347,2024-01-20 02:36:00,2024-01-20 03:08:00,5.1,279,Hyderabad
2348,2024-01-12 19:02:00,2024-01-12 19:57:00,6.45,103,Mumbai
2349,2024-01-04 18:08:00,2024-01-04 18:55:00,6.99,321,Hyderabad
2350,2024-01-15 18:36:00,2024-01-15 19:23:00,7.69,107,Hyderabad
2351,2024-01-09 18:15:00,2024-01-09 18:52:00,5.3,355,Bangalore
2352,2024-01-24 15:03:00,2024-01-24 15:30:00,2.35,111,Hyderabad
2353,2024-01-01 13:34:00,2024-01-01 14:23:00,9.37,266,Delhi
2354,2024-01-30 23:42:00,2024-01-31 00:14:00,4.54,323,Delhi
2355,2024-01-09 08:18:00,2024-01-09 09:04:00,6.68,323,Bangalore
2356,2024-01-03 23:03:00,2024-01-03 23:44:00,4.1,191,Delhi
2357,2024-01-30 04:42:00,2024-01-30 05:22:00,7.83,433,Mumbai
2358,2024-01-27 21:53:00,2024-01-27 22:47:00,5.41,471,Chennai
2359,2024-01-23 10:51:00,2024-01-23 11:30:00,7.79,124,Bangalore
2360,2024-01-09 15:05:00,2024-01-09 15:44:00,9.76,481,Bangalore
2361,2024-01-12 16:12:00,2024-01-12 16:36:00,1.45,434,Delhi
2362,2024-01-06 03:27:00,2024-01-06 04:01:00,1.91,482,Mumbai
2363,2024-01-30 17:36:00,2024-01-30 18:17:00,4.45,451,Hyderabad
2364,2024-01-09 20:45:00,2024-01-09 21:39:00,5.62,414,Hyderabad
2365,2024-01-16 02:42:00,2024-01-16 03:19:00,8.75,463,Delhi
2366,2024-01-10 19:42:00,2024-01-10 20:32:00,1.8,277,Chennai
2367,2024-01-15 23:39:00,2024-01-16 00:13:00,2.08,404,Chennai
2368,2024-01-18 23:06:00,2024-01-18 23:46:00,4.86,168,Bangalore
2369,2024-01-06 13:44:00,2024-01-06 14:28:00,1.24,426,Bangalore
2370,2024-01-10 02:21:00,2024-01-10 03:00:00,8.62,426,Hyderabad
2371,2024-01-06 11:56:00,2024-01-06 12:38:00,4.97,470,Mumbai
2372,2024-01-09 15:41:00,2024-01-09 16:10:00,4.34,166,Bangalore
2373,2024-01-29 06:54:00,2024-01-29 07:44:00,9.29,118,Mumbai
2374,2024-01-31 15:13:00,2024-01-31 15:44:00,3.19,212,Bangalore
2375,2024-01-29 10:36:00,2024-01-29 11:03:00,1.39,444,Delhi
2376,2024-01-17 02:32:00,2024-01-17 03:06:00,1.14,490,Hyderabad
2377,2024-01-06 20:03:00,2024-01-06 21:09:00,8.64,160,Mumbai
2378,2024-01-23 20:56:00,2024-01-23 21:50:00,1.09,180,Mumbai
2379,2024-01-28 17:30:00,2024-01-28 18:09:00,4.32,444,Bangalore
2380,2024-01-09 02:28:00,2024-01-09 03:10:00,4.72,200,Chennai
2381,2024-01-09 11:33:00,2024-01-09 12:10:00,2.73,420,Hyderabad
2382,2024-01-06 02:48:00,2024-01-06 03:29:00,6.16,119,Hyderabad
2383,2024-01-15 12:01:00,2024-01-15 12:49:00,2.76,309,Delhi
2384,2024-01-16 13:55:00,2024-01-16 14:48:00,3.07,171,Mumbai
2385,2024-01-15 05:37:00,2024-01-15 06:17:00,5.6,398,Delhi
2386,2024-01-19 14:22:00,2024-01-19 15:23:00,6.85,467,Bangalore
2387,2024-01-02 09:56:00,2024-01-02 10:25:00,2.54,171,Bangalore
2388,2024-01-27 18:59:00,2024-01-27 19:37:00,5.4,398,Hyderabad
2389,2024-01-17 16:20:00,2024-01-17 17:07:00,6.77,213,Mumbai
2390,2024-01-31 02:06:00,2024-01-31 02:48:00,7.92,428,Bangalore
2391,2024-01-10 02:21:00,2024-01-10 02:55:00,3.76,260,Chennai
2392,2024-01-02 07:40:00,2024-01-02 08:19:00,9.16,464,Chennai
2393,2024-01-19 20:40:00,2024-01-19 21:49:00,7.69,494,Chennai
2394,2024-01-29 06:59:00,2024-01-29 07:46:00,8.77,414,Mumbai
2395,2024-01-08 04:46:00,2024-01-08 05:13:00,2.59,459,Hyderabad
2396,2024-01-14 07:56:00,2024-01-14 08:31:00,3.77,410,Hyderabad
2397,2024-01-14 21:49:00,2024-01-14 22:52:00,5.9,154,Chennai
2398,2024-01-22 13:30:00,2024-01-22 14:23:00,3.85,131,Chennai
2399,2024-01-12 13:54:00,2024-01-12 14:38:00,1.24,236,Chennai
2400,2024-01-03 01:54:00,2024-01-03 02:32:00,9.06,408,Hyderabad
2401,2024-01-01 14:02:00,2024-01-01 14:42:00,5.05,200,Mumbai
2402,2024-01-02 22:59:00,2024-01-03 00:09:00,6.79,168,Hyderabad
2403,2024-01-29 20:29:00,2024-01-29 21:30:00,1.53,487,Delhi
2404,2024-01-13 09:58:00,2024-01-13 10:39:00,7.62,151,Delhi
2405,2024-01-25 01:30:00,2024-01-25 01:59:00,1.78,110,Mumbai
2406,2024-01-17 00:52:00,2024-01-17 01:40:00,7.18,206,Chennai
2407,2024-01-30 14:42:00,2024-01-30 15:38:00,7.79,181,Hyderabad
2408,2024-01-02 21:52:00,2024-01-02 22:40:00,2.5,333,Chennai
2409,2024-01-19 18:54:00,2024-01-19 19:32:00,9.31,122,Mumbai
2410,2024-01-28 08:51:00,2024-01-28 09:28:00,3.7,392,Chennai
2411,2024-01-30 06:22:00,2024-01-30 06:46:00,2.06,129,Bangalore
2412,2024-01-16 10:24:00,2024-01-16 10:59:00,2.24,301,Hyderabad
2413,2024-01-23 21:21:00,2024-01-23 22:22:00,9.39,472,Hyderabad
2414,2024-01-21 05:52:00,2024-01-21 06:29:00,3.22,249,Delhi
2415,2024-01-07 01:15:00,2024-01-07 01:49:00,6.76,246,Chennai
2416,2024-01-26 04:49:00,2024-01-26 05:31:00,8.66,361,Mumbai
2417,2024-01-21 05:47:00,2024-01-21 06:23:00,8.24,292,Chennai
2418,2024-01-29 13:29:00,2024-01-29 14:06:00,2.11,344,Mumbai
2419,2024-01-13 05:29:00,2024-01-13 06:13:00,7.63,385,Chennai
2420,2024-01-01 23:56:00,2024-01-02 00:28:00,5.68,309,Mumbai
2421,2024-01-22 04:23:00,2024-01-22 05:12:00,9.18,325,Delhi
2422,2024-01-27 12:03:00,2024-01-27 12:43:00,3.5,361,Bangalore
2423,2024-01-25 14:03:00,2024-01-25 14:49:00,4.23,282,Hyderabad
2424,2024-01-19 06:13:00,2024-01-19 06:40:00,1.93,356,Delhi
2425,2024-01-17 04:46:00,2024-01-17 05:16:00,2.85,387,Chennai
2426,2024-01-29 21:33:00,2024-01-29 22:40:00,4.96,435,Bangalore
2427,2024-01-14 22:47:00,2024-01-14 23:33:00,1.2,381,Mumbai
2428,2024-01-21 12:56:00,2024-01-21 13:39:00,5.57,290,Hyderabad
2429,2024-01-09 04:40:00,2024-01-09 05:28:00,8.24,243,Bangalore
2430,2024-01-23 07:30:00,2024-01-23 08:05:00,6.81,400,Bangalore
2431,2024-01-31 03:58:00,2024-01-31 04:34:00,3.9,287,Bangalore
2432,2024-01-07 23:40:00,2024-01-08 00:18:00,8.1,298,Hyderabad
2433,2024-01-27 20:17:00,2024-01-27 21:22:00,4.27,242,Hyderabad
2434,2024-01-10 19:03:00,2024-01-10 20:09:00,5.51,496,Mumbai
2435,2024-01-10 02:58:00,2024-01-10 03:34:00,7.44,452,Hyderabad
2436,2024-01-24 20:31:00,2024-01-24 21:18:00,3.22,270,Bangalore
2437,2024-01-09 14:11:00,2024-01-09 15:04:00,4.33,247,Mumbai
2438,2024-01-13 12:53:00,2024-01-13 13:37:00,6.69,413,Chennai
2439,2024-01-18 11:02:00,2024-01-18 11:32:00,5.19,297,Chennai
2440,2024-01-08 05:51:00,2024-01-08 06:21:00,3.19,497,Bangalore
2441,2024-01-16 11:35:00,2024-01-16 12:11:00,6.23,248,Hyderabad
2442,2024-01-15 23:26:00,2024-01-15 23:56:00,4.62,173,Hyderabad
2443,2024-01-18 20:25:00,2024-01-18 21:36:00,6.44,328,Bangalore
2444,2024-01-15 07:51:00,2024-01-15 08:42:00,9.95,383,Delhi
2445,2024-01-02 04:12:00,2024-01-02 04:50:00,6.94,459,Hyderabad
2446,2024-01-12 09:14:00,2024-01-12 09:50:00,5.97,307,Mumbai
2447,2024-01-19 09:20:00,2024-01-19 10:01:00,7.97,177,Delhi
2448,2024-01-09 17:40:00,2024-01-09 18:33:00,9.65,358,Delhi
2449,2024-01-21 15:46:00,2024-01-21 16:12:00,1.17,151,Mumbai
2450,2024-01-10 03:56:00,2024-01-10 04:28:00,4.86,163,Chennai
2451,2024-01-06 11:01:00,2024-01-06 11:29:00,2.77,402,Bangalore
2452,2024-01-04 21:34:00,2024-01-04 22:42:00,9.62,462,Chennai
2453,2024-01-23 03:01:00,2024-01-23 03:38:00,4.03,162,Mumbai
2454,2024-01-01 12:48:00,2024-01-01 13:29:00,3.27,105,Delhi
2455,2024-01-10 14:36:00,2024-01-10 15:23:00,1.36,305,Hyderabad
2456,2024-01-14 07:03:00,2024-01-14 07:37:00,5.18,454,Chennai
2457,2024-01-06 08:21:00,2024-01-06 08:57:00,3.91,206,Delhi
2458,2024-01-16 02:18:00,2024-01-16 03:04:00,9.32,241,Mumbai
2459,2024-01-28 16:12:00,2024-01-28 16:58:00,8.38,165,Delhi
2460,2024-01-19 11:08:00,2024-01-19 11:42:00,1.15,345,Chennai
2461,2024-01-20 04:05:00,2024-01-20 04:45:00,7.91,131,Hyderabad
2462,2024-01-02 00:39:00,2024-01-02 01:12:00,1.06,301,Chennai
2463,2024-01-05 07:10:00,2024-01-05 07:49:00,4.73,279,Delhi
2464,2024-01-13 00:27:00,2024-01-13 00:59:00,5.94,222,Bangalore
2465,2024-01-28 18:52:00,2024-01-28 19:35:00,5.1,497,Bangalore
2466,2024-01-17 11:21:00,2024-01-17 11:56:00,1.13,423,Delhi
2467,2024-01-04 05:11:00,2024-01-04 05:48:00,1.94,496,Hyderabad
2468,2024-01-19 17:13:00,2024-01-19 17:56:00,9.04,454,Hyderabad
2469,2024-01-06 19:08:00,2024-01-06 20:16:00,9.47,496,Delhi
2470,2024-01-24 01:22:00,2024-01-24 02:07:00,6.86,132,Bangalore
2471,2024-01-31 20:08:00,2024-01-31 21:12:00,5.04,382,Bangalore
2472,2024-01-29 16:33:00,2024-01-29 17:21:00,8.84,212,Hyderabad
2473,2024-01-18 08:23:00,2024-01-18 09:01:00,7.68,151,Chennai
2474,2024-01-02 21:28:00,2024-01-02 22:36:00,8.78,251,Hyderabad
2475,2024-01-03 03:58:00,2024-01-03 04:38:00,7.07,363,Hyderabad
2476,2024-01-08 00:35:00,2024-01-08 01:04:00,1.73,217,Chennai
2477,2024-01-10 14:13:00,2024-01-10 15:04:00,2.71,464,Mumbai
2478,2024-01-06 15:40:00,2024-01-06 16:26:00,7.01,278,Bangalore
2479,2024-01-26 22:59:00,2024-01-26 23:51:00,5.21,301,Hyderabad
2480,2024-01-06 06:57:00,2024-01-06 07:42:00,9.15,121,Chennai
2481,2024-01-12 13:20:00,2024-01-12 14:08:00,9.4,494,Chennai
2482,2024-01-11 16:52:00,2024-01-11 17:29:00,7.21,306,Bangalore
2483,2024-01-03 03:09:00,2024-01-03 03:44:00,5.51,125,Chennai
2484,2024-01-31 05:32:00,2024-01-31 06:10:00,2.01,123,Chennai
2485,2024-01-01 12:23:00,2024-01-01 13:12:00,3.99,397,Bangalore
2486,2024-01-18 10:20:00,2024-01-18 10:57:00,3.46,139,Chennai
2487,2024-01-27 14:11:00,2024-01-27 15:03:00,7.53,364,Chennai
2488,2024-01-13 11:10:00,2024-01-13 11:46:00,1.5,413,Chennai
2489,2024-01-20 08:53:00,2024-01-20 09:21:00,1.34,376,Hyderabad
2490,2024-01-08 13:24:00,2024-01-08 14:00:00,3.22,115,Delhi
2491,2024-01-25 11:01:00,2024-01-25 11:31:00,4.72,152,Chennai
2492,2024-01-24 17:45:00,2024-01-24 18:22:00,8.62,212,Delhi
2493,2024-01-08 06:13:00,2024-01-08 06:44:00,4.92,341,Chennai
2494,2024-01-13 05:37:00,2024-01-13 06:15:00,2.82,353,Mumbai
2495,2024-01-27 13:34:00,2024-01-27 14:15:00,3.29,326,Chennai
2496,2024-01-12 00:23:00,2024-01-12 00:49:00,2.59,225,Chennai
2497,2024-01-18 14:33:00,2024-01-18 15:14:00,4.39,303,Chennai
2498,2024-01-26 05:08:00,2024-01-26 05:43:00,5.52,214,Chennai
2499,2024-01-09 15:22:00,2024-01-09 15:53:00,4.45,492,Hyderabad
2500,2024-01-06 02:11:00,2024-01-06 02:45:00,3.92,294,Hyderabad
2501,2024-01-02 10:08:00,2024-01-02 10:49:00,5.05,124,Chennai
2502,2024-01-26 07:43:00,2024-01-26 08:17:00,4.68,316,Delhi
2503,2024-01-29 10:37:00,2024-01-29 11:14:00,4.71,230,Mumbai
2504,2024-01-04 16:57:00,2024-01-04 17:33:00,2.82,108,Bangalore
2505,2024-01-18 02:33:00,2024-01-18 03:10:00,6.27,361,Bangalore
2506,2024-01-09 10:16:00,2024-01-09 10:56:00,5.39,136,Mumbai
2507,2024-01-08 02:33:00,2024-01-08 03:16:00,5.2,497,Bangalore
2508,2024-01-11 00:52:00,2024-01-11 01:30:00,5.94,258,Delhi
2509,2024-01-24 21:36:00,2024-01-24 22:37:00,8.99,268,Bangalore
2510,2024-01-06 09:49:00,2024-01-06 10:33:00,5.79,450,Chennai
2511,2024-01-25 21:11:00,2024-01-25 22:28:00,9.71,379,Bangalore
2512,2024-01-19 22:41:00,2024-01-19 23:45:00,2.91,288,Hyderabad
2513,2024-01-31 07:56:00,2024-01-31 08:40:00,7.85,290,Chennai
2514,2024-01-07 16:17:00,2024-01-07 16:49:00,5.68,245,Chennai
2515,2024-01-31 20:27:00,2024-01-31 21:42:00,9.11,350,Chennai
2516,2024-01-20 22:06:00,2024-01-20 22:52:00,1.52,309,Chennai
2517,2024-01-11 11:22:00,2024-01-11 12:02:00,5.97,349,Mumbai
2518,2024-01-07 07:43:00,2024-01-07 08:22:00,9.35,440,Mumbai
2519,2024-01-15 05:14:00,2024-01-15 05:47:00,3.4,134,Mumbai
2520,2024-01-12 17:27:00,2024-01-12 17:54:00,1.7,392,Hyderabad
2521,2024-01-23 22:52:00,2024-01-24 00:00:00,5.89,455,Mumbai
2522,2024-01-09 20:29:00,2024-01-09 21:34:00,6.02,385,Delhi
2523,2024-01-28 21:58:00,2024-01-28 22:55:00,5.9,303,Hyderabad
2524,2024-01-20 04:30:00,2024-01-20 04:59:00,3.84,431,Bangalore
2525,2024-01-19 08:00:00,2024-01-19 08:33:00,5.66,227,Hyderabad
2526,2024-01-10 13:45:00,2024-01-10 14:28:00,2.38,363,Mumbai
2527,2024-01-05 05:08:00,2024-01-05 05:44:00,3.74,171,Mumbai
2528,2024-01-18 01:39:00,2024-01-18 02:19:00,3.15,251,Bangalore
2529,2024-01-02 18:55:00,2024-01-02 19:23:00,2.03,165,Bangalore
2530,2024-01-01 20:13:00,2024-01-01 21:25:00,8.47,194,Delhi
2531,2024-01-08 00:25:00,2024-01-08 01:05:00,9.37,200,Bangalore
2532,2024-01-15 02:58:00,2024-01-15 03:34:00,4.6,450,Bangalore
2533,2024-01-20 20:23:00,2024-01-20 21:30:00,7.93,467,Hyderabad
2534,2024-01-31 03:18:00,2024-01-31 03:51:00,5.73,473,Mumbai
2535,2024-01-07 04:11:00,2024-01-07 04:38:00,1.83,422,Mumbai
2536,2024-01-21 16:36:00,2024-01-21 17:14:00,6.68,360,Mumbai
2537,2024-01-27 16:53:00,2024-01-27 17:26:00,6.38,454,Chennai
2538,2024-01-29 06:17:00,2024-01-29 06:53:00,1.62,370,Delhi
2539,2024-01-26 13:48:00,2024-01-26 14:30:00,2.1,460,Chennai
2540,2024-01-20 15:56:00,2024-01-20 16:36:00,8.8,446,Chennai
2541,2024-01-31 08:35:00,2024-01-31 09:27:00,9.53,291,Chennai
2542,2024-01-23 23:04:00,2024-01-23 23:49:00,6.08,385,Mumbai
2543,2024-01-17 21:48:00,2024-01-17 22:45:00,5.24,226,Mumbai
2544,2024-01-05 02:40:00,2024-01-05 03:21:00,7.4,306,Bangalore
2545,2024-01-15 22:27:00,2024-01-15 23:23:00,1.9,359,Bangalore
2546,2024-01-29 04:21:00,2024-01-29 05:07:00,8.99,422,Delhi
2547,2024-01-18 02:17:00,2024-01-18 02:59:00,7.13,439,Bangalore
2548,2024-01-14 09:41:00,2024-01-14 10:24:00,7.65,237,Chennai
2549,2024-01-18 21:42:00,2024-01-18 22:53:00,9.62,431,Chennai
2550,2024-01-26 18:28:00,2024-01-26 18:56:00,2.4,276,Chennai
2551,2024-01-12 19:21:00,2024-01-12 20:30:00,5.12,405,Bangalore
2552,2024-01-14 10:50:00,2024-01-14 11:16:00,3.42,478,Bangalore
2553,2024-01-09 13:53:00,2024-01-09 14:43:00,7.05,441,Delhi
2554,2024-01-27 12:24:00,2024-01-27 13:07:00,2.38,360,Delhi
2555,2024-01-16 19:15:00,2024-01-16 20:07:00,5.52,263,Chennai
2556,2024-01-24 08:12:00,2024-01-24 08:53:00,5.49,205,Bangalore
2557,2024-01-17 18:46:00,2024-01-17 19:29:00,5.14,245,Chennai
2558,2024-01-12 05:06:00,2024-01-12 05:40:00,6.11,103,Delhi
2559,2024-01-15 05:12:00,2024-01-15 06:02:00,9.36,376,Delhi
2560,2024-01-09 09:53:00,2024-01-09 10:32:00,3.29,234,Bangalore
2561,2024-01-02 20:22:00,2024-01-02 21:21:00,1.08,168,Bangalore
2562,2024-01-03 17:41:00,2024-01-03 18:20:00,4.55,280,Chennai
2563,2024-01-01 19:02:00,2024-01-01 19:52:00,4.98,343,Chennai
2564,2024-01-08 23:23:00,2024-01-09 00:06:00,5.14,320,Mumbai
2565,2024-01-24 13:47:00,2024-01-24 14:30:00,4.09,310,Bangalore
2566,2024-01-01 23:52:00,2024-01-02 00:29:00,8.28,218,Hyderabad
2567,2024-01-29 23:48:00,2024-01-30 00:38:00,8.05,367,Delhi
2568,2024-01-10 10:57:00,2024-01-10 11:33:00,4.01,349,Bangalore
2569,2024-01-05 06:31:00,2024-01-05 07:09:00,8.1,319,Mumbai
2570,2024-01-02 13:34:00,2024-01-02 14:21:00,5.58,147,Hyderabad
2571,2024-01-25 01:01:00,2024-01-25 01:35:00,4.89,329,Bangalore
2572,2024-01-11 01:23:00,2024-01-11 02:02:00,3.78,260,Hyderabad
2573,2024-01-09 14:56:00,2024-01-09 15:46:00,1.01,250,Chennai
2574,2024-01-27 07:54:00,2024-01-27 08:23:00,4.19,114,Bangalore
2575,2024-01-24 07:18:00,2024-01-24 07:50:00,1.83,261,Hyderabad
2576,2024-01-27 14:49:00,2024-01-27 15:50:00,9.95,339,Mumbai
2577,2024-01-22 01:47:00,2024-01-22 02:29:00,7.69,131,Chennai
2578,2024-01-29 08:12:00,2024-01-29 08:53:00,8.9,107,Mumbai
2579,2024-01-10 12:33:00,2024-01-10 13:27:00,9.79,469,Delhi
2580,2024-01-04 03:28:00,2024-01-04 04:03:00,7.17,219,Delhi
2581,2024-01-14 19:30:00,2024-01-14 20:34:00,8.22,417,Hyderabad
2582,2024-01-01 13:32:00,2024-01-01 14:26:00,6.44,435,Mumbai
2583,2024-01-28 23:16:00,2024-01-28 23:51:00,5.67,245,Delhi
2584,2024-01-05 15:56:00,2024-01-05 16:44:00,9.89,370,Delhi
2585,2024-01-26 05:22:00,2024-01-26 06:11:00,8.66,280,Delhi
2586,2024-01-20 09:23:00,2024-01-20 09:55:00,4.66,396,Bangalore
2587,2024-01-30 21:57:00,2024-01-30 22:56:00,3.3,316,Chennai
2588,2024-01-28 12:15:00,2024-01-28 12:58:00,2.45,196,Delhi
2589,2024-01-11 07:08:00,2024-01-11 07:57:00,8.75,290,Chennai
2590,2024-01-09 01:40:00,2024-01-09 02:22:00,7.84,229,Delhi
2591,2024-01-02 11:36:00,2024-01-02 12:15:00,8.11,251,Hyderabad
2592,2024-01-15 05:03:00,2024-01-15 05:42:00,8.27,314,Hyderabad
2593,2024-01-13 12:02:00,2024-01-13 12:49:00,1.84,362,Mumbai
2594,2024-01-03 16:34:00,2024-01-03 17:04:00,5.17,474,Chennai
2595,2024-01-02 19:37:00,2024-01-02 20:45:00,9.29,219,Chennai
2596,2024-01-27 19:45:00,2024-01-27 20:44:00,9.76,351,Chennai
2597,2024-01-03 12:01:00,2024-01-03 12:43:00,6.28,136,Bangalore
2598,2024-01-25 20:14:00,2024-01-25 21:10:00,7.2,299,Bangalore
2599,2024-01-30 05:53:00,2024-01-30 06:31:00,6.0,377,Mumbai
2600,2024-01-04 16:36:00,2024-01-04 17:10:00,6.71,463,Delhi
2601,2024-01-23 09:21:00,2024-01-23 09:47:00,1.38,391,Hyderabad
2602,2024-01-12 04:16:00,2024-01-12 04:56:00,5.89,294,Delhi
2603,2024-01-26 15:07:00,2024-01-26 15:49:00,9.68,384,Chennai
2604,2024-01-21 09:40:00,2024-01-21 10:22:00,9.67,417,Chennai
2605,2024-01-21 17:32:00,2024-01-21 18:00:00,2.0,472,Bangalore
2606,2024-01-17 00:14:00,2024-01-17 00:49:00,4.34,359,Delhi
2607,2024-01-26 03:16:00,2024-01-26 03:56:00,5.63,398,Chennai
2608,2024-01-21 16:12:00,2024-01-21 16:37:00,1.41,443,Bangalore
2609,2024-01-02 20:02:00,2024-01-02 20:56:00,3.3,299,Delhi
2610,2024-01-20 00:23:00,2024-01-20 00:52:00,2.07,301,Chennai
2611,2024-01-17 04:46:00,2024-01-17 05:23:00,7.4,104,Delhi
2612,2024-01-27 20:10:00,2024-01-27 21:08:00,4.42,137,Delhi
2613,2024-01-06 03:40:00,2024-01-06 04:09:00,1.05,351,Mumbai
2614,2024-01-08 01:59:00,2024-01-08 02:25:00,1.52,431,Hyderabad
2615,2024-01-16 09:37:00,2024-01-16 10:13:00,7.8,277,Hyderabad
2616,2024-01-29 14:41:00,2024-01-29 15:26:00,6.53,340,Bangalore
2617,2024-01-07 03:18:00,2024-01-07 03:55:00,2.04,257,Bangalore
2618,2024-01-27 17:39:00,2024-01-27 18:14:00,5.55,469,Delhi
2619,2024-01-19 10:11:00,2024-01-19 10:46:00,4.53,252,Bangalore
2620,2024-01-25 23:18:00,2024-01-25 23:59:00,5.08,424,Mumbai
2621,2024-01-05 02:42:00,2024-01-05 03:21:00,3.68,192,Mumbai
2622,2024-01-01 14:55:00,2024-01-01 15:29:00,2.22,300,Delhi
2623,2024-01-01 21:57:00,2024-01-01 22:55:00,8.65,254,Bangalore
2624,2024-01-07 23:53:00,2024-01-08 00:23:00,1.25,124,Hyderabad
2625,2024-01-10 11:42:00,2024-01-10 12:18:00,7.92,380,Mumbai
2626,2024-01-22 23:53:00,2024-01-23 00:34:00,4.4,125,Mumbai
2627,2024-01-05 13:01:00,2024-01-05 13:53:00,8.53,207,Mumbai
2628,2024-01-20 05:52:00,2024-01-20 06:41:00,9.91,307,Hyderabad
2629,2024-01-07 18:11:00,2024-01-07 18:44:00,4.71,382,Mumbai
2630,2024-01-22 13:13:00,2024-01-22 14:03:00,1.03,281,Mumbai
2631,2024-01-03 20:38:00,2024-01-03 21:41:00,2.05,236,Bangalore
2632,2024-01-18 05:03:00,2024-01-18 05:31:00,1.84,422,Delhi
2633,2024-01-01 03:39:00,2024-01-01 04:14:00,4.2,343,Delhi
2634,2024-01-30 10:06:00,2024-01-30 10:42:00,6.65,102,Delhi
2635,2024-01-31 20:03:00,2024-01-31 21:10:00,6.38,211,Mumbai
2636,2024-01-09 03:52:00,2024-01-09 04:33:00,6.24,456,Chennai
2637,2024-01-10 14:26:00,2024-01-10 15:27:00,6.59,466,Delhi
2638,2024-01-02 00:22:00,2024-01-02 01:05:00,5.0,367,Mumbai
2639,2024-01-23 00:35:00,2024-01-23 01:09:00,2.09,371,Mumbai
2640,2024-01-06 06:59:00,2024-01-06 07:50:00,8.76,367,Hyderabad
2641,2024-01-09 03:30:00,2024-01-09 03:56:00,1.91,496,Delhi
2642,2024-01-17 10:18:00,2024-01-17 10:55:00,3.75,445,Bangalore
2643,2024-01-01 02:19:00,2024-01-01 03:02:00,7.72,156,Mumbai
2644,2024-01-27 20:29:00,2024-01-27 21:32:00,4.69,200,Bangalore
2645,2024-01-13 03:18:00,2024-01-13 03:54:00,2.43,130,Bangalore
2646,2024-01-21 09:10:00,2024-01-21 09:37:00,1.59,285,Hyderabad
2647,2024-01-18 03:23:00,2024-01-18 04:02:00,5.83,440,Bangalore
2648,2024-01-23 12:35:00,2024-01-23 13:08:00,1.83,275,Bangalore
2649,2024-01-08 14:54:00,2024-01-08 15:40:00,5.81,101,Hyderabad
2650,2024-01-01 20:02:00,2024-01-01 21:02:00,7.58,229,Hyderabad
2651,2024-01-24 09:11:00,2024-01-24 09:51:00,6.72,322,Chennai
2652,2024-01-10 00:12:00,2024-01-10 00:55:00,6.88,269,Delhi
2653,2024-01-18 05:26:00,2024-01-18 06:14:00,8.67,322,Bangalore
2654,2024-01-24 15:11:00,2024-01-24 15:48:00,2.26,213,Delhi
2655,2024-01-02 07:15:00,2024-01-02 07:46:00,5.54,141,Delhi
2656,2024-01-23 05:57:00,2024-01-23 06:46:00,9.53,203,Delhi
2657,2024-01-10 02:14:00,2024-01-10 03:02:00,9.34,292,Bangalore
2658,2024-01-11 22:13:00,2024-01-11 23:14:00,3.35,100,Hyderabad
2659,2024-01-04 16:12:00,2024-01-04 16:40:00,4.22,274,Mumbai
2660,2024-01-05 06:11:00,2024-01-05 06:37:00,3.14,179,Bangalore
2661,2024-01-20 03:06:00,2024-01-20 03:47:00,3.9,283,Hyderabad
2662,2024-01-04 09:19:00,2024-01-04 09:59:00,4.71,125,Mumbai
2663,2024-01-31 04:49:00,2024-01-31 05:26:00,1.65,239,Bangalore
2664,2024-01-15 09:58:00,2024-01-15 10:30:00,3.59,291,Mumbai
2665,2024-01-02 12:36:00,2024-01-02 13:26:00,2.41,229,Bangalore
2666,2024-01-19 11:24:00,2024-01-19 12:10:00,7.45,295,Chennai
2667,2024-01-21 16:15:00,2024-01-21 16:51:00,4.86,261,Mumbai
2668,2024-01-31 12:55:00,2024-01-31 13:46:00,9.83,210,Hyderabad
2669,2024-01-30 02:32:00,2024-01-30 03:05:00,5.27,350,Hyderabad
2670,2024-01-20 10:36:00,2024-01-20 11:16:00,6.41,274,Delhi
2671,2024-01-21 21:41:00,2024-01-21 22:30:00,3.12,386,Mumbai
2672,2024-01-29 15:05:00,2024-01-29 15:54:00,9.28,464,Chennai
2673,2024-01-08 21:54:00,2024-01-08 22:49:00,5.95,432,Chennai
2674,2024-01-17 20:48:00,2024-01-17 21:41:00,2.55,496,Bangalore
2675,2024-01-28 23:30:00,2024-01-29 00:07:00,6.83,416,Hyderabad
2676,2024-01-18 06:36:00,2024-01-18 07:19:00,9.91,419,Chennai
2677,2024-01-26 16:28:00,2024-01-26 17:09:00,6.94,409,Bangalore
2678,2024-01-21 08:26:00,2024-01-21 08:58:00,3.26,379,Mumbai
2679,2024-01-05 06:39:00,2024-01-05 07:20:00,7.06,155,Hyderabad
2680,2024-01-18 05:54:00,2024-01-18 06:20:00,3.34,164,Bangalore
2681,2024-01-06 01:31:00,2024-01-06 02:13:00,5.31,390,Hyderabad
2682,2024-01-02 07:20:00,2024-01-02 07:58:00,9.04,382,Mumbai
2683,2024-01-26 11:31:00,2024-01-26 12:08:00,3.06,280,Delhi
2684,2024-01-04 04:21:00,2024-01-04 04:54:00,4.94,400,Mumbai
2685,2024-01-28 11:21:00,2024-01-28 11:47:00,2.37,469,Mumbai
2686,2024-01-24 17:49:00,2024-01-24 18:41:00,9.61,102,Mumbai
2687,2024-01-12 07:46:00,2024-01-12 08:25:00,9.92,325,Hyderabad
2688,2024-01-27 00:22:00,2024-01-27 01:05:00,6.33,364,Mumbai
2689,2024-01-02 18:09:00,2024-01-02 18:49:00,3.42,300,Hyderabad
2690,2024-01-29 07:26:00,2024-01-29 08:08:00,7.84,130,Bangalore
2691,2024-01-15 12:00:00,2024-01-15 12:45:00,1.91,447,Chennai
2692,2024-01-06 11:49:00,2024-01-06 12:20:00,5.77,387,Delhi
2693,2024-01-07 12:22:00,2024-01-07 13:08:00,4.54,337,Mumbai
2694,2024-01-12 09:14:00,2024-01-12 09:53:00,5.82,405,Delhi
2695,2024-01-17 15:12:00,2024-01-17 15:54:00,7.97,414,Bangalore
2696,2024-01-11 12:46:00,2024-01-11 13:39:00,6.8,376,Chennai
2697,2024-01-31 17:26:00,2024-01-31 17:53:00,3.39,412,Delhi
2698,2024-01-10 23:12:00,2024-01-10 23:47:00,4.26,445,Delhi
2699,2024-01-17 20:12:00,2024-01-17 21:12:00,3.11,415,Mumbai
2700,2024-01-28 11:06:00,2024-01-28 11:46:00,7.08,280,Delhi
2701,2024-01-04 07:57:00,2024-01-04 08:26:00,4.1,195,Hyderabad
2702,2024-01-04 01:30:00,2024-01-04 02:05:00,1.42,243,Mumbai
2703,2024-01-10 14:11:00,2024-01-10 15:08:00,9.14,447,Chennai
2704,2024-01-20 01:50:00,2024-01-20 02:30:00,3.82,406,Hyderabad
2705,2024-01-30 02:29:00,2024-01-30 03:09:00,9.55,401,Mumbai
2706,2024-01-24 00:33:00,2024-01-24 01:10:00,5.24,431,Hyderabad
2707,2024-01-05 20:49:00,2024-01-05 21:58:00,6.39,449,Chennai
2708,2024-01-28 03:27:00,2024-01-28 04:02:00,6.86,113,Delhi
2709,2024-01-25 07:26:00,2024-01-25 08:07:00,4.3,277,Bangalore
2710,2024-01-22 04:40:00,2024-01-22 05:23:00,8.04,487,Chennai
2711,2024-01-21 04:30:00,2024-01-21 05:00:00,5.31,386,Delhi
2712,2024-01-20 03:19:00,2024-01-20 03:52:00,1.86,312,Chennai
2713,2024-01-11 00:06:00,2024-01-11 00:36:00,4.22,495,Delhi
2714,2024-01-01 08:22:00,2024-01-01 09:00:00,2.47,284,Hyderabad
2715,2024-01-01 22:03:00,2024-01-01 23:06:00,5.16,238,Delhi
2716,2024-01-02 00:36:00,2024-01-02 01:28:00,9.27,289,Delhi
2717,2024-01-21 19:03:00,2024-01-21 19:52:00,1.65,194,Hyderabad
2718,2024-01-13 19:19:00,2024-01-13 20:03:00,1.28,372,Delhi
2719,2024-01-02 13:16:00,2024-01-02 13:54:00,4.27,120,Chennai
2720,2024-01-11 10:00:00,2024-01-11 10:41:00,7.2,264,Bangalore
2721,2024-01-16 19:54:00,2024-01-16 20:56:00,2.28,411,Bangalore
2722,2024-01-29 18:18:00,2024-01-29 18:49:00,5.23,238,Mumbai
2723,2024-01-22 13:26:00,2024-01-22 14:15:00,7.68,287,Bangalore
2724,2024-01-10 17:33:00,2024-01-10 18:18:00,7.16,214,Hyderabad
2725,2024-01-13 20:34:00,2024-01-13 21:26:00,2.46,121,Hyderabad
2726,2024-01-03 00:15:00,2024-01-03 00:59:00,7.09,300,Chennai
2727,2024-01-05 11:47:00,2024-01-05 12:33:00,7.75,254,Delhi
2728,2024-01-02 13:24:00,2024-01-02 14:09:00,3.11,206,Delhi
2729,2024-01-23 17:54:00,2024-01-23 18:43:00,7.85,429,Hyderabad
2730,2024-01-18 18:54:00,2024-01-18 19:36:00,9.96,434,Bangalore
2731,2024-01-09 22:02:00,2024-01-09 23:15:00,7.96,280,Delhi
2732,2024-01-11 00:03:00,2024-01-11 00:34:00,3.71,376,Bangalore
2733,2024-01-04 18:16:00,2024-01-04 18:47:00,1.97,278,Bangalore
2734,2024-01-04 09:55:00,2024-01-04 10:27:00,1.57,492,Chennai
2735,2024-01-05 08:28:00,2024-01-05 09:05:00,5.15,451,Bangalore
2736,2024-01-19 16:31:00,2024-01-19 17:10:00,8.33,404,Hyderabad
2737,2024-01-22 10:01:00,2024-01-22 10:36:00,4.36,203,Chennai
2738,2024-01-29 02:43:00,2024-01-29 03:16:00,1.98,330,Mumbai
2739,2024-01-27 19:38:00,2024-01-27 20:35:00,8.21,118,Chennai
2740,2024-01-04 00:34:00,2024-01-04 01:09:00,1.09,490,Hyderabad
2741,2024-01-10 20:29:00,2024-01-10 21:30:00,4.88,485,Chennai
2742,2024-01-14 17:09:00,2024-01-14 17:52:00,8.14,105,Hyderabad
2743,2024-01-01 11:27:00,2024-01-01 12:10:00,9.13,473,Hyderabad
2744,2024-01-23 03:34:00,2024-01-23 04:05:00,5.97,479,Chennai
2745,2024-01-07 08:55:00,2024-01-07 09:37:00,7.86,478,Hyderabad
2746,2024-01-12 12:01:00,2024-01-12 12:44:00,4.79,445,Hyderabad
2747,2024-01-18 19:58:00,2024-01-18 20:47:00,1.85,386,Bangalore
2748,2024-01-02 21:42:00,2024-01-02 22:43:00,5.5,402,Mumbai
2749,2024-01-08 23:58:00,2024-01-09 00:38:00,4.72,341,Delhi
2750,2024-01-30 10:33:00,2024-01-30 11:14:00,3.71,450,Chennai
2751,2024-01-25 06:07:00,2024-01-25 06:53:00,6.94,309,Hyderabad
2752,2024-01-30 02:45:00,2024-01-30 03:25:00,4.91,336,Chennai
2753,2024-01-26 04:56:00,2024-01-26 05:38:00,9.9,341,Mumbai
2754,2024-01-14 23:46:00,2024-01-15 00:29:00,7.67,300,Delhi
2755,2024-01-24 22:08:00,2024-01-24 22:59:00,4.01,308,Mumbai
2756,2024-01-15 21:37:00,2024-01-15 22:24:00,3.91,392,Mumbai
2757,2024-01-26 16:12:00,2024-01-26 16:54:00,4.59,494,Bangalore
2758,2024-01-24 20:36:00,2024-01-24 21:29:00,3.07,473,Delhi
2759,2024-01-06 09:47:00,2024-01-06 10:28:00,7.6,410,Hyderabad
2760,2024-01-09 08:58:00,2024-01-09 09:38:00,4.45,304,Hyderabad
2761,2024-01-06 19:47:00,2024-01-06 20:54:00,6.11,140,Hyderabad
2762,2024-01-07 22:22:00,2024-01-07 23:20:00,5.49,231,Delhi
2763,2024-01-08 09:27:00,2024-01-08 10:16:00,8.38,486,Chennai
2764,2024-01-19 23:50:00,2024-01-20 00:40:00,9.62,419,Bangalore
2765,2024-01-03 05:16:00,2024-01-03 06:07:00,9.59,444,Mumbai
2766,2024-01-20 09:03:00,2024-01-20 09:38:00,3.53,207,Chennai
2767,2024-01-20 03:21:00,2024-01-20 03:46:00,1.4,460,Hyderabad
2768,2024-01-26 10:14:00,2024-01-26 10:52:00,3.57,409,Bangalore
2769,2024-01-31 21:59:00,2024-01-31 23:11:00,9.15,423,Bangalore
2770,2024-01-12 20:28:00,2024-01-12 21:30:00,9.66,110,Mumbai
2771,2024-01-20 18:05:00,2024-01-20 18:41:00,2.43,289,Mumbai
2772,2024-01-03 14:27:00,2024-01-03 15:17:00,4.84,466,Delhi
2773,2024-01-10 05:12:00,2024-01-10 05:44:00,1.3,194,Mumbai
2774,2024-01-20 23:19:00,2024-01-21 00:06:00,8.81,278,Bangalore
2775,2024-01-19 00:25:00,2024-01-19 01:04:00,7.62,321,Mumbai
2776,2024-01-13 18:53:00,2024-01-13 19:31:00,6.51,354,Mumbai
2777,2024-01-03 05:03:00,2024-01-03 05:36:00,5.4,141,Chennai
2778,2024-01-15 07:49:00,2024-01-15 08:14:00,1.15,119,Hyderabad
2779,2024-01-31 03:32:00,2024-01-31 04:07:00,4.6,140,Delhi
2780,2024-01-24 17:50:00,2024-01-24 18:37:00,8.15,296,Mumbai
2781,2024-01-09 17:56:00,2024-01-09 18:21:00,1.16,177,Hyderabad
2782,2024-01-23 06:51:00,2024-01-23 07:21:00,1.12,254,Chennai
2783,2024-01-11 18:49:00,2024-01-11 19:28:00,3.35,226,Hyderabad
2784,2024-01-17 01:49:00,2024-01-17 02:31:00,5.26,427,Bangalore
2785,2024-01-23 13:04:00,2024-01-23 13:44:00,2.27,475,Bangalore
2786,2024-01-04 15:00:00,2024-01-04 15:34:00,1.45,303,Delhi
2787,2024-01-15 07:57:00,2024-01-15 08:32:00,5.72,190,Bangalore
2788,2024-01-10 05:34:00,2024-01-10 06:06:00,3.72,135,Chennai
2789,2024-01-31 14:05:00,2024-01-31 14:54:00,6.46,311,Hyderabad
2790,2024-01-15 08:40:00,2024-01-15 09:18:00,2.96,160,Mumbai
2791,2024-01-22 11:36:00,2024-01-22 12:08:00,5.75,415,Bangalore
2792,2024-01-29 09:52:00,2024-01-29 10:33:00,6.3,360,Hyderabad
2793,2024-01-21 04:42:00,2024-01-21 05:19:00,5.61,396,Chennai
2794,2024-01-20 04:33:00,2024-01-20 05:10:00,8.3,400,Hyderabad
2795,2024-01-24 10:06:00,2024-01-24 10:47:00,8.7,206,Mumbai
2796,2024-01-26 06:32:00,2024-01-26 07:20:00,9.35,474,Mumbai
2797,2024-01-02 10:44:00,2024-01-02 11:24:00,7.35,366,Mumbai
2798,2024-01-08 02:19:00,2024-01-08 02:52:00,3.09,461,Chennai
2799,2024-01-17 19:31:00,2024-01-17 20:19:00,2.53,159,Mumbai
2800,2024-01-15 03:11:00,2024-01-15 03:39:00,1.54,322,Hyderabad
2801,2024-01-12 06:53:00,2024-01-12 07:18:00,2.19,455,Hyderabad
2802,2024-01-22 09:26:00,2024-01-22 09:59:00,1.92,138,Delhi
2803,2024-01-18 15:26:00,2024-01-18 16:03:00,8.43,481,Mumbai
2804,2024-01-01 14:47:00,2024-01-01 15:38:00,9.39,204,Bangalore
2805,2024-01-08 15:23:00,2024-01-08 15:54:00,4.68,486,Delhi
2806,2024-01-24 14:05:00,2024-01-24 14:56:00,8.65,456,Mumbai
2807,2024-01-06 17:55:00,2024-01-06 18:43:00,8.38,340,Delhi
2808,2024-01-03 16:56:00,2024-01-03 17:38:00,6.27,316,Mumbai
2809,2024-01-05 03:11:00,2024-01-05 03:43:00,4.94,341,Chennai
2810,2024-01-21 22:15:00,2024-01-21 23:13:00,7.96,317,Mumbai
2811,2024-01-31 07:47:00,2024-01-31 08:21:00,1.32,203,Mumbai
2812,2024-01-06 13:10:00,2024-01-06 13:58:00,1.99,370,Chennai
2813,2024-01-11 04:00:00,2024-01-11 04:36:00,8.48,136,Hyderabad
2814,2024-01-12 00:03:00,2024-01-12 00:33:00,3.37,268,Hyderabad
2815,2024-01-19 16:07:00,2024-01-19 16:47:00,3.73,229,Delhi
2816,2024-01-14 09:20:00,2024-01-14 09:54:00,6.34,151,Bangalore
2817,2024-01-23 16:54:00,2024-01-23 17:31:00,1.99,166,Mumbai
2818,2024-01-08 10:26:00,2024-01-08 11:05:00,3.37,270,Mumbai
2819,2024-01-03 13:41:00,2024-01-03 14:24:00,4.8,499,Hyderabad
2820,2024-01-15 15:43:00,2024-01-15 16:13:00,3.47,317,Bangalore
2821,2024-01-05 04:18:00,2024-01-05 05:05:00,8.0,195,Delhi
2822,2024-01-25 19:44:00,2024-01-25 20:39:00,6.49,193,Delhi
2823,2024-01-13 02:57:00,2024-01-13 03:40:00,6.25,258,Chennai
2824,2024-01-07 21:06:00,2024-01-07 22:05:00,6.77,338,Chennai
2825,2024-01-15 09:01:00,2024-01-15 09:45:00,8.29,323,Chennai
2826,2024-01-08 01:58:00,2024-01-08 02:22:00,2.17,363,Chennai
2827,2024-01-16 04:20:00,2024-01-16 05:04:00,7.41,255,Bangalore
2828,2024-01-04 20:28:00,2024-01-04 21:19:00,1.72,365,Chennai
2829,2024-01-28 02:51:00,2024-01-28 03:29:00,2.98,144,Chennai
2830,2024-01-26 19:23:00,2024-01-26 20:11:00,3.92,407,Chennai
2831,2024-01-18 01:37:00,2024-01-18 02:27:00,9.76,419,Hyderabad
2832,2024-01-21 05:33:00,2024-01-21 06:16:00,8.63,241,Delhi
2833,2024-01-21 06:42:00,2024-01-21 07:23:00,4.94,322,Hyderabad
2834,2024-01-10 10:25:00,2024-01-10 11:02:00,4.81,257,Hyderabad
2835,2024-01-07 11:00:00,2024-01-07 11:34:00,6.9,314,Hyderabad
2836,2024-01-15 12:20:00,2024-01-15 13:16:00,5.02,240,Delhi
2837,2024-01-20 00:32:00,2024-01-20 01:21:00,8.09,276,Hyderabad
2838,2024-01-16 09:14:00,2024-01-16 09:58:00,9.73,202,Hyderabad
2839,2024-01-22 14:40:00,2024-01-22 15:37:00,7.78,170,Mumbai
2840,2024-01-27 21:30:00,2024-01-27 22:19:00,2.33,368,Chennai
2841,2024-01-13 10:06:00,2024-01-13 10:47:00,5.09,403,Bangalore
2842,2024-01-07 09:50:00,2024-01-07 10:27:00,2.82,171,Chennai
2843,2024-01-02 06:35:00,2024-01-02 07:14:00,4.14,444,Chennai
2844,2024-01-14 22:30:00,2024-01-14 23:18:00,4.09,496,Bangalore
2845,2024-01-02 23:10:00,2024-01-03 00:00:00,9.01,315,Delhi
2846,2024-01-16 17:47:00,2024-01-16 18:31:00,6.73,232,Bangalore
2847,2024-01-08 13:10:00,2024-01-08 13:59:00,4.37,259,Delhi
2848,2024-01-23 00:39:00,2024-01-23 01:18:00,3.28,300,Mumbai
2849,2024-01-31 20:35:00,2024-01-31 21:23:00,3.35,288,Chennai
2850,2024-01-13 12:08:00,2024-01-13 13:11:00,7.64,217,Delhi
2851,2024-01-04 09:46:00,2024-01-04 10:24:00,6.34,325,Chennai
2852,2024-01-28 08:47:00,2024-01-28 09:34:00,9.94,326,Mumbai
2853,2024-01-11 07:06:00,2024-01-11 07:56:00,8.15,421,Bangalore
2854,2024-01-04 13:19:00,2024-01-04 14:18:00,5.7,435,Bangalore
2855,2024-01-03 03:30:00,2024-01-03 04:17:00,8.39,101,Bangalore
2856,2024-01-31 15:41:00,2024-01-31 16:21:00,5.28,399,Chennai
2857,2024-01-17 12:39:00,2024-01-17 13:40:00,7.61,364,Hyderabad
2858,2024-01-16 03:48:00,2024-01-16 04:35:00,9.37,154,Hyderabad
2859,2024-01-09 22:09:00,2024-01-09 23:09:00,7.24,247,Mumbai
2860,2024-01-25 16:36:00,2024-01-25 17:09:00,1.27,338,Delhi
2861,2024-01-21 10:04:00,2024-01-21 10:52:00,8.53,380,Delhi
2862,2024-01-11 21:16:00,2024-01-11 22:04:00,3.35,207,Mumbai
2863,2024-01-22 18:22:00,2024-01-22 18:54:00,1.91,125,Hyderabad
2864,2024-01-07 20:30:00,2024-01-07 21:34:00,3.47,284,Hyderabad
2865,2024-01-04 04:36:00,2024-01-04 05:19:00,6.08,430,Bangalore
2866,2024-01-27 23:22:00,2024-01-27 23:52:00,2.33,230,Delhi
2867,2024-01-20 02:08:00,2024-01-20 02:37:00,2.12,397,Hyderabad
2868,2024-01-12 13:00:00,2024-01-12 13:55:00,6.94,388,Chennai
2869,2024-01-29 07:32:00,2024-01-29 08:09:00,5.0,432,Bangalore
2870,2024-01-22 22:33:00,2024-01-22 23:39:00,7.12,184,Bangalore
2871,2024-01-18 11:54:00,2024-01-18 12:43:00,9.77,232,Chennai
2872,2024-01-28 04:41:00,2024-01-28 05:16:00,3.06,272,Hyderabad
2873,2024-01-28 05:53:00,2024-01-28 06:39:00,7.71,138,Delhi
2874,2024-01-31 06:30:00,2024-01-31 07:15:00,7.6,121,Mumbai
2875,2024-01-31 19:47:00,2024-01-31 20:47:00,7.02,390,Hyderabad
2876,2024-01-23 05:53:00,2024-01-23 06:45:00,9.85,357,Delhi
2877,2024-01-27 08:21:00,2024-01-27 09:03:00,7.9,223,Chennai
2878,2024-01-10 18:26:00,2024-01-10 19:18:00,9.38,206,Hyderabad
2879,2024-01-11 05:45:00,2024-01-11 06:26:00,5.71,141,Chennai
2880,2024-01-11 11:38:00,2024-01-11 12:13:00,5.67,385,Bangalore
2881,2024-01-17 06:10:00,2024-01-17 06:52:00,9.63,383,Chennai
2882,2024-01-23 21:28:00,2024-01-23 22:40:00,7.57,197,Mumbai
2883,2024-01-09 17:08:00,2024-01-09 17:36:00,1.68,178,Hyderabad
2884,2024-01-04 16:19:00,2024-01-04 16:53:00,4.01,448,Delhi
2885,2024-01-03 03:35:00,2024-01-03 04:11:00,1.29,111,Chennai
2886,2024-01-16 01:10:00,2024-01-16 01:50:00,3.07,383,Hyderabad
2887,2024-01-23 23:13:00,2024-01-23 23:46:00,5.34,251,Hyderabad
2888,2024-01-21 14:51:00,2024-01-21 15:47:00,4.71,218,Bangalore
2889,2024-01-12 19:49:00,2024-01-12 21:02:00,9.91,206,Bangalore
2890,2024-01-17 03:11:00,2024-01-17 03:57:00,9.88,364,Hyderabad
2891,2024-01-10 05:15:00,2024-01-10 05:57:00,8.68,143,Hyderabad
2892,2024-01-03 05:39:00,2024-01-03 06:07:00,1.93,161,Chennai
2893,2024-01-12 05:31:00,2024-01-12 06:10:00,3.48,337,Hyderabad
2894,2024-01-10 07:24:00,2024-01-10 08:06:00,8.35,451,Hyderabad
2895,2024-01-02 08:31:00,2024-01-02 09:06:00,2.26,157,Hyderabad
2896,2024-01-30 20:27:00,2024-01-30 21:16:00,3.78,495,Delhi
2897,2024-01-09 10:50:00,2024-01-09 11:26:00,5.61,172,Chennai
2898,2024-01-05 09:18:00,2024-01-05 09:49:00,2.53,232,Chennai
2899,2024-01-11 20:27:00,2024-01-11 21:27:00,3.25,246,Chennai
2900,2024-01-11 11:30:00,2024-01-11 12:02:00,4.41,307,Chennai
2901,2024-01-19 23:27:00,2024-01-20 00:02:00,1.1,119,Mumbai
2902,2024-01-20 10:54:00,2024-01-20 11:38:00,5.74,226,Delhi
2903,2024-01-08 10:15:00,2024-01-08 10:54:00,6.53,247,Chennai
2904,2024-01-07 13:24:00,2024-01-07 14:18:00,6.41,289,Delhi
2905,2024-01-05 01:00:00,2024-01-05 01:36:00,6.59,269,Hyderabad
2906,2024-01-23 11:28:00,2024-01-23 12:11:00,6.86,198,Delhi
2907,2024-01-05 08:31:00,2024-01-05 09:06:00,3.25,301,Delhi
2908,2024-01-07 16:52:00,2024-01-07 17:25:00,6.11,425,Chennai
2909,2024-01-16 19:02:00,2024-01-16 20:14:00,7.81,434,Hyderabad
2910,2024-01-03 06:02:00,2024-01-03 06:48:00,7.46,192,Delhi
2911,2024-01-01 10:06:00,2024-01-01 10:50:00,5.66,184,Hyderabad
2912,2024-01-20 16:57:00,2024-01-20 17:35:00,7.82,404,Bangalore
2913,2024-01-27 05:49:00,2024-01-27 06:35:00,9.05,352,Delhi
2914,2024-01-26 13:42:00,2024-01-26 14:29:00,8.47,190,Hyderabad
2915,2024-01-01 15:14:00,2024-01-01 15:54:00,6.29,480,Chennai
2916,2024-01-07 16:12:00,2024-01-07 16:34:00,1.29,403,Delhi
2917,2024-01-06 10:52:00,2024-01-06 11:34:00,8.18,333,Delhi
2918,2024-01-03 06:28:00,2024-01-03 07:03:00,2.23,143,Mumbai
2919,2024-01-16 16:43:00,2024-01-16 17:22:00,8.09,223,Bangalore
2920,2024-01-29 23:22:00,2024-01-29 23:49:00,2.47,310,Chennai
2921,2024-01-17 06:32:00,2024-01-17 07:17:00,9.86,144,Mumbai
2922,2024-01-07 20:52:00,2024-01-07 21:45:00,5.87,183,Mumbai
2923,2024-01-05 12:10:00,2024-01-05 12:57:00,5.33,109,Chennai
2924,2024-01-28 21:58:00,2024-01-28 22:56:00,1.77,387,Mumbai
2925,2024-01-14 03:20:00,2024-01-14 03:57:00,3.6,491,Delhi
2926,2024-01-29 11:51:00,2024-01-29 12:19:00,2.23,395,Delhi
2927,2024-01-04 13:18:00,2024-01-04 14:03:00,1.92,202,Delhi
2928,2024-01-06 03:48:00,2024-01-06 04:16:00,3.07,379,Hyderabad
2929,2024-01-10 18:47:00,2024-01-10 19:18:00,2.07,298,Bangalore
2930,2024-01-13 17:12:00,2024-01-13 17:54:00,5.96,214,Mumbai
2931,2024-01-19 22:11:00,2024-01-19 23:11:00,1.24,452,Delhi
2932,2024-01-01 19:55:00,2024-01-01 20:47:00,5.83,445,Mumbai
2933,2024-01-05 10:48:00,2024-01-05 11:26:00,7.44,382,Hyderabad
2934,2024-01-10 06:49:00,2024-01-10 07:21:00,2.55,418,Bangalore
2935,2024-01-15 02:18:00,2024-01-15 02:50:00,4.64,247,Delhi
2936,2024-01-23 02:46:00,2024-01-23 03:27:00,7.83,472,Delhi
2937,2024-01-09 06:31:00,2024-01-09 07:06:00,6.83,322,Bangalore
2938,2024-01-30 10:47:00,2024-01-30 11:28:00,7.18,228,Bangalore
2939,2024-01-02 14:06:00,2024-01-02 14:48:00,5.94,474,Hyderabad
2940,2024-01-24 06:15:00,2024-01-24 06:52:00,2.29,109,Mumbai
2941,2024-01-29 21:49:00,2024-01-29 23:06:00,9.57,116,Delhi
2942,2024-01-23 11:18:00,2024-01-23 11:55:00,3.38,174,Bangalore
2943,2024-01-14 22:02:00,2024-01-14 23:04:00,6.12,244,Bangalore
2944,2024-01-02 10:46:00,2024-01-02 11:33:00,8.14,110,Delhi
2945,2024-01-05 02:48:00,2024-01-05 03:30:00,5.37,239,Bangalore
2946,2024-01-03 11:46:00,2024-01-03 12:23:00,1.55,431,Mumbai
2947,2024-01-03 03:26:00,2024-01-03 04:02:00,2.35,150,Chennai
2948,2024-01-29 01:36:00,2024-01-29 02:14:00,2.51,205,Mumbai
2949,2024-01-09 13:10:00,2024-01-09 13:53:00,4.7,144,Chennai
2950,2024-01-28 04:54:00,2024-01-28 05:32:00,6.43,320,Chennai
2951,2024-01-18 19:34:00,2024-01-18 20:29:00,6.22,167,Delhi
2952,2024-01-10 11:37:00,2024-01-10 12:17:00,9.52,400,Bangalore
2953,2024-01-18 08:54:00,2024-01-18 09:36:00,9.03,462,Delhi
2954,2024-01-26 07:54:00,2024-01-26 08:28:00,3.43,410,Bangalore
2955,2024-01-25 11:59:00,2024-01-25 12:35:00,7.95,368,Delhi
2956,2024-01-29 05:36:00,2024-01-29 06:25:00,8.91,285,Delhi
2957,2024-01-26 22:38:00,2024-01-26 23:52:00,9.76,284,Mumbai
2958,2024-01-29 14:26:00,2024-01-29 15:30:00,9.01,442,Bangalore
2959,2024-01-01 07:12:00,2024-01-01 07:55:00,4.99,428,Delhi
2960,2024-01-23 21:56:00,2024-01-23 23:05:00,7.11,158,Mumbai
2961,2024-01-13 19:24:00,2024-01-13 20:27:00,9.39,321,Chennai
2962,2024-01-18 02:19:00,2024-01-18 02:55:00,2.41,125,Bangalore
2963,2024-01-01 07:22:00,2024-01-01 07:51:00,2.79,123,Mumbai
2964,2024-01-21 17:49:00,2024-01-21 18:26:00,2.57,277,Hyderabad
2965,2024-01-26 13:12:00,2024-01-26 13:50:00,3.94,187,Chennai
2966,2024-01-27 12:45:00,2024-01-27 13:27:00,1.51,122,Mumbai
2967,2024-01-30 04:25:00,2024-01-30 05:01:00,7.3,467,Delhi
2968,2024-01-16 09:03:00,2024-01-16 09:48:00,7.63,271,Chennai
2969,2024-01-10 03:59:00,2024-01-10 04:47:00,8.6,470,Chennai
2970,2024-01-21 04:26:00,2024-01-21 05:06:00,4.53,160,Bangalore
2971,2024-01-13 14:01:00,2024-01-13 14:41:00,1.58,497,Chennai
2972,2024-01-06 22:57:00,2024-01-07 00:07:00,9.38,338,Hyderabad
2973,2024-01-10 14:53:00,2024-01-10 15:49:00,5.03,322,Bangalore
2974,2024-01-04 03:42:00,2024-01-04 04:12:00,2.2,274,Bangalore
2975,2024-01-12 20:40:00,2024-01-12 21:41:00,3.7,381,Chennai
2976,2024-01-22 08:26:00,2024-01-22 08:54:00,2.54,499,Hyderabad
2977,2024-01-01 09:54:00,2024-01-01 10:34:00,3.19,377,Mumbai
2978,2024-01-29 20:03:00,2024-01-29 21:12:00,7.29,268,Chennai
2979,2024-01-27 04:45:00,2024-01-27 05:19:00,2.9,267,Delhi
2980,2024-01-18 22:07:00,2024-01-18 23:25:00,9.76,281,Delhi
2981,2024-01-12 01:37:00,2024-01-12 02:16:00,9.95,226,Hyderabad
2982,2024-01-02 16:44:00,2024-01-02 17:09:00,1.09,110,Mumbai
2983,2024-01-28 16:23:00,2024-01-28 17:00:00,3.19,408,Bangalore
2984,2024-01-20 06:03:00,2024-01-20 06:41:00,3.05,230,Delhi
2985,2024-01-02 12:09:00,2024-01-02 12:47:00,2.76,255,Bangalore
2986,2024-01-01 10:57:00,2024-01-01 11:37:00,9.33,226,Delhi
2987,2024-01-06 03:16:00,2024-01-06 03:49:00,5.6,119,Hyderabad
2988,2024-01-10 17:21:00,2024-01-10 18:00:00,5.02,114,Delhi
2989,2024-01-04 03:22:00,2024-01-04 03:58:00,7.72,328,Chennai
2990,2024-01-02 04:39:00,2024-01-02 05:12:00,2.63,209,Mumbai
2991,2024-01-30 10:56:00,2024-01-30 11:40:00,5.28,106,Delhi
2992,2024-01-17 23:28:00,2024-01-17 23:53:00,1.23,115,Mumbai
2993,2024-01-28 14:49:00,2024-01-28 15:45:00,8.51,496,Bangalore
2994,2024-01-01 05:11:00,2024-01-01 05:59:00,7.05,491,Chennai
2995,2024-01-02 13:24:00,2024-01-02 14:07:00,3.72,483,Delhi
2996,2024-01-26 15:09:00,2024-01-26 15:57:00,9.31,263,Chennai
2997,2024-01-21 21:28:00,2024-01-21 22:27:00,3.5,200,Mumbai
2998,2024-01-22 10:43:00,2024-01-22 11:23:00,6.45,228,Chennai
2999,2024-01-05 12:43:00,2024-01-05 13:37:00,9.12,496,Mumbai
3000,2024-01-13 02:31:00,2024-01-13 03:10:00,6.26,401,Delhi
3001,2024-01-22 16:36:00,2024-01-22 17:01:00,1.2,444,Mumbai
3002,2024-01-14 23:03:00,2024-01-14 23:53:00,8.74,489,Bangalore
3003,2024-01-23 17:04:00,2024-01-23 17:52:00,7.15,268,Bangalore
3004,2024-01-01 19:16:00,2024-01-01 20:04:00,3.37,495,Mumbai
3005,2024-01-11 22:56:00,2024-01-11 23:54:00,6.24,484,Hyderabad
3006,2024-01-26 16:07:00,2024-01-26 16:59:00,9.03,379,Hyderabad
3007,2024-01-09 15:58:00,2024-01-09 16:37:00,2.78,432,Hyderabad
3008,2024-01-10 11:01:00,2024-01-10 11:33:00,4.28,258,Delhi
3009,2024-01-10 01:20:00,2024-01-10 02:00:00,8.86,427,Hyderabad
3010,2024-01-12 15:21:00,2024-01-12 16:11:00,8.8,275,Delhi
3011,2024-01-07 02:42:00,2024-01-07 03:17:00,1.25,482,Chennai
3012,2024-01-31 05:11:00,2024-01-31 05:51:00,3.35,127,Mumbai
3013,2024-01-19 09:01:00,2024-01-19 09:39:00,7.44,204,Delhi
3014,2024-01-31 21:58:00,2024-01-31 23:05:00,8.78,370,Hyderabad
3015,2024-01-08 03:17:00,2024-01-08 03:50:00,3.68,237,Chennai
3016,2024-01-16 01:46:00,2024-01-16 02:21:00,6.51,230,Mumbai
3017,2024-01-15 13:50:00,2024-01-15 14:40:00,5.46,396,Hyderabad
3018,2024-01-10 02:47:00,2024-01-10 03:15:00,3.68,313,Hyderabad
3019,2024-01-30 22:39:00,2024-01-30 23:44:00,6.49,341,Bangalore
3020,2024-01-11 22:09:00,2024-01-11 23:06:00,1.94,195,Delhi
3021,2024-01-09 05:08:00,2024-01-09 05:39:00,4.03,457,Mumbai
3022,2024-01-06 03:25:00,2024-01-06 03:51:00,1.79,242,Chennai
3023,2024-01-27 16:22:00,2024-01-27 16:57:00,2.59,187,Mumbai
3024,2024-01-17 02:34:00,2024-01-17 03:16:00,6.72,219,Hyderabad
3025,2024-01-26 07:15:00,2024-01-26 07:56:00,9.25,325,Mumbai
3026,2024-01-06 04:58:00,2024-01-06 05:35:00,2.97,481,Bangalore
3027,2024-01-07 06:04:00,2024-01-07 06:44:00,9.42,406,Bangalore
3028,2024-01-04 13:29:00,2024-01-04 14:06:00,1.87,205,Bangalore
3029,2024-01-23 12:07:00,2024-01-23 12:57:00,4.32,423,Mumbai
3030,2024-01-26 11:11:00,2024-01-26 11:54:00,5.2,280,Delhi
3031,2024-01-22 09:28:00,2024-01-22 10:07:00,3.92,440,Chennai
3032,2024-01-02 14:37:00,2024-01-02 15:27:00,5.95,284,Delhi
3033,2024-01-30 11:08:00,2024-01-30 11:36:00,3.65,441,Delhi
3034,2024-01-21 08:01:00,2024-01-21 08:26:00,2.28,182,Hyderabad
3035,2024-01-20 08:55:00,2024-01-20 09:27:00,1.88,279,Chennai
3036,2024-01-09 14:46:00,2024-01-09 15:29:00,6.56,217,Delhi
3037,2024-01-30 09:05:00,2024-01-30 09:45:00,9.03,138,Chennai
3038,2024-01-29 01:26:00,2024-01-29 02:11:00,7.89,482,Bangalore
3039,2024-01-05 22:17:00,2024-01-05 23:14:00,2.09,289,Hyderabad
3040,2024-01-24 12:09:00,2024-01-24 12:54:00,7.09,174,Mumbai
3041,2024-01-18 16:41:00,2024-01-18 17:29:00,8.8,208,Hyderabad
3042,2024-01-13 17:07:00,2024-01-13 17:41:00,4.95,247,Mumbai
3043,2024-01-12 11:12:00,2024-01-12 11:41:00,1.66,113,Mumbai
3044,2024-01-16 07:30:00,2024-01-16 08:09:00,7.75,121,Mumbai
3045,2024-01-27 17:41:00,2024-01-27 18:14:00,5.31,457,Chennai
3046,2024-01-12 23:50:00,2024-01-13 00:13:00,1.98,259,Mumbai
3047,2024-01-01 04:16:00,2024-01-01 04:52:00,3.11,401,Delhi
3048,2024-01-23 17:50:00,2024-01-23 18:25:00,3.82,323,Mumbai
3049,2024-01-27 03:25:00,2024-01-27 04:04:00,3.35,206,Delhi
3050,2024-01-19 19:34:00,2024-01-19 20:23:00,3.41,101,Delhi
3051,2024-01-16 16:56:00,2024-01-16 17:34:00,2.07,405,Hyderabad
3052,2024-01-09 12:03:00,2024-01-09 12:53:00,5.12,205,Delhi
3053,2024-01-06 11:49:00,2024-01-06 12:39:00,8.1,312,Hyderabad
3054,2024-01-20 11:17:00,2024-01-20 11:40:00,1.79,432,Mumbai
3055,2024-01-18 13:07:00,2024-01-18 13:55:00,8.07,377,Delhi
3056,2024-01-09 11:53:00,2024-01-09 12:34:00,8.33,125,Delhi
3057,2024-01-19 14:27:00,2024-01-19 15:24:00,9.3,172,Mumbai
3058,2024-01-03 13:37:00,2024-01-03 14:21:00,4.67,209,Hyderabad
3059,2024-01-18 06:44:00,2024-01-18 07:12:00,3.03,176,Chennai
3060,2024-01-17 03:42:00,2024-01-17 04:18:00,2.62,312,Mumbai
3061,2024-01-26 05:25:00,2024-01-26 05:58:00,3.43,268,Chennai
3062,2024-01-26 14:49:00,2024-01-26 15:35:00,3.15,181,Chennai
3063,2024-01-08 05:39:00,2024-01-08 06:17:00,8.26,369,Chennai
3064,2024-01-20 02:17:00,2024-01-20 02:49:00,2.21,288,Delhi
3065,2024-01-11 14:39:00,2024-01-11 15:38:00,7.0,241,Chennai
3066,2024-01-10 23:34:00,2024-01-11 00:08:00,3.97,465,Delhi
3067,2024-01-07 01:50:00,2024-01-07 02:34:00,9.33,351,Hyderabad
3068,2024-01-31 02:35:00,2024-01-31 03:11:00,7.87,161,Chennai
3069,2024-01-29 18:50:00,2024-01-29 19:28:00,2.26,170,Bangalore
3070,2024-01-30 09:34:00,2024-01-30 10:13:00,2.89,142,Hyderabad
3071,2024-01-25 01:49:00,2024-01-25 02:19:00,2.03,418,Delhi
3072,2024-01-23 16:30:00,2024-01-23 17:14:00,5.55,207,Delhi
3073,2024-01-15 18:18:00,2024-01-15 18:52:00,2.44,214,Bangalore
3074,2024-01-27 13:42:00,2024-01-27 14:38:00,7.38,159,Bangalore
3075,2024-01-08 20:43:00,2024-01-08 21:46:00,9.59,252,Delhi
3076,2024-01-15 08:38:00,2024-01-15 09:09:00,4.69,201,Chennai
3077,2024-01-13 20:44:00,2024-01-13 21:55:00,6.82,461,Delhi
3078,2024-01-05 22:49:00,2024-01-05 23:53:00,3.66,420,Hyderabad
3079,2024-01-05 00:40:00,2024-01-05 01:25:00,6.14,112,Bangalore
3080,2024-01-23 13:57:00,2024-01-23 14:52:00,6.33,370,Hyderabad
3081,2024-01-05 22:45:00,2024-01-05 23:43:00,8.3,481,Mumbai
3082,2024-01-24 18:35:00,2024-01-24 19:19:00,6.09,296,Delhi
3083,2024-01-13 11:49:00,2024-01-13 12:26:00,7.96,166,Mumbai
3084,2024-01-11 21:20:00,2024-01-11 22:14:00,1.79,383,Delhi
3085,2024-01-02 00:38:00,2024-01-02 01:17:00,7.1,417,Hyderabad
3086,2024-01-24 16:04:00,2024-01-24 16:42:00,3.46,173,Chennai
3087,2024-01-13 19:57:00,2024-01-13 21:02:00,3.74,463,Delhi
3088,2024-01-08 12:20:00,2024-01-08 13:13:00,3.3,107,Bangalore
3089,2024-01-22 15:06:00,2024-01-22 15:39:00,1.92,202,Bangalore
3090,2024-01-28 10:06:00,2024-01-28 10:33:00,1.49,100,Mumbai
3091,2024-01-04 18:21:00,2024-01-04 18:55:00,6.6,210,Delhi
3092,2024-01-18 08:35:00,2024-01-18 09:08:00,2.56,375,Bangalore
3093,2024-01-02 22:23:00,2024-01-02 23:14:00,4.16,323,Bangalore
3094,2024-01-02 21:27:00,2024-01-02 22:32:00,5.14,455,Delhi
3095,2024-01-12 09:46:00,2024-01-12 10:27:00,4.82,405,Hyderabad
3096,2024-01-16 20:02:00,2024-01-16 20:52:00,5.28,139,Chennai
3097,2024-01-27 06:50:00,2024-01-27 07:27:00,4.77,430,Hyderabad
3098,2024-01-27 14:55:00,2024-01-27 15:46:00,8.58,377,Hyderabad
3099,2024-01-01 16:50:00,2024-01-01 17:33:00,5.99,450,Chennai
3100,2024-01-12 17:54:00,2024-01-12 18:38:00,5.66,152,Bangalore
3101,2024-01-20 01:21:00,2024-01-20 01:53:00,3.77,182,Hyderabad
3102,2024-01-04 02:02:00,2024-01-04 02:46:00,8.15,340,Bangalore
3103,2024-01-27 14:00:00,2024-01-27 14:56:00,4.2,452,Mumbai
3104,2024-01-23 11:23:00,2024-01-23 12:02:00,2.57,494,Mumbai
3105,2024-01-06 22:55:00,2024-01-06 23:51:00,7.67,481,Chennai
3106,2024-01-15 05:01:00,2024-01-15 05:49:00,7.7,382,Delhi
3107,2024-01-22 14:08:00,2024-01-22 15:01:00,3.25,489,Hyderabad
3108,2024-01-19 20:29:00,2024-01-19 21:32:00,8.34,346,Mumbai
3109,2024-01-20 11:58:00,2024-01-20 12:22:00,1.48,226,Mumbai
3110,2024-01-27 07:19:00,2024-01-27 07:58:00,5.38,134,Bangalore
3111,2024-01-13 07:57:00,2024-01-13 08:45:00,9.82,361,Mumbai
3112,2024-01-12 08:11:00,2024-01-12 08:47:00,2.97,181,Delhi
3113,2024-01-07 20:15:00,2024-01-07 21:12:00,1.44,482,Bangalore
3114,2024-01-07 19:59:00,2024-01-07 20:44:00,2.57,491,Hyderabad
3115,2024-01-30 23:39:00,2024-01-31 00:11:00,3.68,346,Delhi
3116,2024-01-17 15:05:00,2024-01-17 15:38:00,6.83,170,Bangalore
3117,2024-01-04 00:46:00,2024-01-04 01:17:00,2.56,210,Hyderabad
3118,2024-01-12 11:56:00,2024-01-12 12:30:00,6.66,498,Mumbai
3119,2024-01-12 20:30:00,2024-01-12 21:30:00,4.77,395,Hyderabad
3120,2024-01-19 10:01:00,2024-01-19 10:33:00,4.26,418,Delhi
3121,2024-01-12 10:07:00,2024-01-12 10:37:00,2.02,209,Delhi
3122,2024-01-06 01:55:00,2024-01-06 02:28:00,6.0,331,Chennai
3123,2024-01-28 08:50:00,2024-01-28 09:26:00,7.17,266,Hyderabad
3124,2024-01-17 09:52:00,2024-01-17 10:32:00,7.65,485,Chennai
3125,2024-01-05 01:44:00,2024-01-05 02:07:00,1.17,284,Mumbai
3126,2024-01-16 15:51:00,2024-01-16 16:21:00,2.42,410,Hyderabad
3127,2024-01-11 17:08:00,2024-01-11 17:45:00,4.91,294,Bangalore
3128,2024-01-20 04:27:00,2024-01-20 05:12:00,9.09,490,Mumbai
3129,2024-01-19 14:32:00,2024-01-19 15:16:00,4.53,174,Delhi
3130,2024-01-05 16:13:00,2024-01-05 16:54:00,6.64,299,Bangalore
3131,2024-01-31 13:57:00,2024-01-31 14:53:00,7.21,144,Mumbai
3132,2024-01-30 18:06:00,2024-01-30 18:44:00,2.53,106,Mumbai
3133,2024-01-03 02:41:00,2024-01-03 03:09:00,3.29,446,Chennai
3134,2024-01-09 04:29:00,2024-01-09 05:01:00,2.6,241,Delhi
3135,2024-01-05 12:06:00,2024-01-05 13:06:00,7.05,287,Mumbai
3136,2024-01-07 23:15:00,2024-01-07 23:46:00,4.47,417,Bangalore
3137,2024-01-01 17:43:00,2024-01-01 18:13:00,3.1,167,Mumbai
3138,2024-01-03 10:29:00,2024-01-03 11:08:00,5.41,330,Delhi
3139,2024-01-17 22:31:00,2024-01-17 23:22:00,2.39,162,Chennai
3140,2024-01-11 12:05:00,2024-01-11 13:01:00,6.96,304,Delhi
3141,2024-01-15 20:38:00,2024-01-15 21:38:00,6.7,190,Bangalore
3142,2024-01-19 04:24:00,2024-01-19 05:03:00,3.08,195,Mumbai
3143,2024-01-13 20:55:00,2024-01-13 21:47:00,5.18,317,Delhi
3144,2024-01-28 15:49:00,2024-01-28 16:28:00,6.4,421,Hyderabad
3145,2024-01-24 11:26:00,2024-01-24 12:02:00,5.28,441,Mumbai
3146,2024-01-21 15:23:00,2024-01-21 16:05:00,6.74,386,Chennai
3147,2024-01-25 17:50:00,2024-01-25 18:29:00,5.29,304,Chennai
3148,2024-01-12 15:14:00,2024-01-12 15:41:00,2.68,369,Mumbai
3149,2024-01-10 02:46:00,2024-01-10 03:22:00,2.24,170,Delhi
3150,2024-01-05 10:31:00,2024-01-05 11:04:00,3.08,308,Delhi
3151,2024-01-02 11:38:00,2024-01-02 12:11:00,1.13,346,Hyderabad
3152,2024-01-24 07:13:00,2024-01-24 07:45:00,5.75,371,Delhi
3153,2024-01-12 10:25:00,2024-01-12 11:00:00,7.37,188,Mumbai
3154,2024-01-18 23:51:00,2024-01-19 00:21:00,5.11,119,Mumbai
3155,2024-01-16 17:38:00,2024-01-16 18:21:00,8.32,256,Chennai
3156,2024-01-05 06:34:00,2024-01-05 07:21:00,8.94,156,Hyderabad
3157,2024-01-12 21:33:00,2024-01-12 22:22:00,3.27,228,Hyderabad
3158,2024-01-24 10:02:00,2024-01-24 10:27:00,2.06,430,Hyderabad
3159,2024-01-31 17:12:00,2024-01-31 17:48:00,4.1,362,Chennai
3160,2024-01-26 08:19:00,2024-01-26 09:08:00,7.87,206,Delhi
3161,2024-01-19 03:39:00,2024-01-19 04:31:00,9.03,199,Chennai
3162,2024-01-03 05:16:00,2024-01-03 05:53:00,5.45,257,Delhi
3163,2024-01-23 20:19:00,2024-01-23 21:28:00,7.32,269,Chennai
3164,2024-01-01 04:51:00,2024-01-01 05:23:00,3.62,333,Hyderabad
3165,2024-01-12 09:04:00,2024-01-12 09:34:00,5.27,284,Hyderabad
3166,2024-01-30 04:50:00,2024-01-30 05:36:00,9.19,298,Chennai
3167,2024-01-31 05:38:00,2024-01-31 06:11:00,4.58,335,Mumbai
3168,2024-01-12 17:38:00,2024-01-12 18:08:00,4.0,225,Hyderabad
3169,2024-01-04 17:11:00,2024-01-04 17:37:00,3.4,327,Mumbai
3170,2024-01-05 19:39:00,2024-01-05 20:48:00,8.64,200,Hyderabad
3171,2024-01-11 12:23:00,2024-01-11 13:09:00,4.22,289,Hyderabad
3172,2024-01-09 22:57:00,2024-01-09 23:55:00,2.44,110,Chennai
3173,2024-01-17 07:48:00,2024-01-17 08:25:00,8.03,163,Bangalore
3174,2024-01-23 23:23:00,2024-01-23 23:54:00,2.21,447,Mumbai
3175,2024-01-29 15:06:00,2024-01-29 15:36:00,2.81,338,Hyderabad
3176,2024-01-02 15:16:00,2024-01-02 16:01:00,6.53,475,Delhi
3177,2024-01-22 08:07:00,2024-01-22 08:47:00,8.29,448,Bangalore
3178,2024-01-26 23:12:00,2024-01-27 00:02:00,9.87,147,Delhi
3179,2024-01-12 06:42:00,2024-01-12 07:26:00,9.36,145,Mumbai
3180,2024-01-19 02:53:00,2024-01-19 03:28:00,5.58,110,Chennai
3181,2024-01-15 11:38:00,2024-01-15 12:29:00,9.79,304,Hyderabad
3182,2024-01-29 05:21:00,2024-01-29 06:00:00,5.48,143,Hyderabad
3183,2024-01-22 07:49:00,2024-01-22 08:23:00,3.4,357,Delhi
3184,2024-01-14 05:47:00,2024-01-14 06:18:00,1.71,153,Bangalore
3185,2024-01-11 00:02:00,2024-01-11 00:45:00,6.8,424,Mumbai
3186,2024-01-05 17:00:00,2024-01-05 17:45:00,6.22,190,Bangalore
3187,2024-01-08 20:22:00,2024-01-08 21:15:00,6.23,372,Chennai
3188,2024-01-22 01:37:00,2024-01-22 02:04:00,2.84,306,Mumbai
3189,2024-01-25 03:51:00,2024-01-25 04:44:00,9.63,452,Chennai
3190,2024-01-02 06:50:00,2024-01-02 07:23:00,3.66,429,Chennai
3191,2024-01-24 23:16:00,2024-01-24 23:55:00,7.62,127,Chennai
3192,2024-01-31 17:27:00,2024-01-31 18:02:00,2.34,227,Bangalore
3193,2024-01-07 16:25:00,2024-01-07 17:01:00,5.07,270,Chennai
3194,2024-01-09 06:19:00,2024-01-09 07:03:00,8.75,419,Chennai
3195,2024-01-11 04:48:00,2024-01-11 05:21:00,4.31,225,Delhi
3196,2024-01-08 05:51:00,2024-01-08 06:25:00,7.36,210,Hyderabad
3197,2024-01-03 00:03:00,2024-01-03 00:37:00,7.45,338,Bangalore
3198,2024-01-13 11:34:00,2024-01-13 12:18:00,7.88,376,Mumbai
3199,2024-01-26 21:18:00,2024-01-26 22:23:00,3.43,263,Chennai
3200,2024-01-20 03:48:00,2024-01-20 04:26:00,7.31,214,Hyderabad
3201,2024-01-21 17:13:00,2024-01-21 17:50:00,5.96,222,Mumbai
3202,2024-01-04 03:39:00,2024-01-04 04:27:00,8.67,100,Chennai
3203,2024-01-31 06:53:00,2024-01-31 07:35:00,6.22,204,Hyderabad
3204,2024-01-27 08:09:00,2024-01-27 08:37:00,1.78,243,Chennai
3205,2024-01-29 10:19:00,2024-01-29 11:01:00,6.46,296,Chennai
3206,2024-01-05 14:42:00,2024-01-05 15:21:00,1.7,153,Hyderabad
3207,2024-01-25 21:37:00,2024-01-25 22:44:00,5.6,156,Delhi
3208,2024-01-16 04:48:00,2024-01-16 05:25:00,7.47,147,Hyderabad
3209,2024-01-06 00:21:00,2024-01-06 01:01:00,4.37,220,Chennai
3210,2024-01-24 09:02:00,2024-01-24 09:34:00,2.93,324,Hyderabad
3211,2024-01-12 13:08:00,2024-01-12 13:51:00,3.75,185,Chennai
3212,2024-01-21 01:39:00,2024-01-21 02:13:00,5.83,471,Bangalore
3213,2024-01-27 05:04:00,2024-01-27 05:48:00,7.1,250,Chennai
3214,2024-01-28 06:16:00,2024-01-28 06:40:00,1.35,272,Hyderabad
3215,2024-01-26 13:45:00,2024-01-26 14:33:00,1.66,144,Hyderabad
3216,2024-01-28 15:54:00,2024-01-28 16:41:00,8.7,267,Hyderabad
3217,2024-01-05 03:17:00,2024-01-05 04:02:00,8.61,318,Mumbai
3218,2024-01-03 01:42:00,2024-01-03 02:31:00,9.25,130,Mumbai
3219,2024-01-31 17:54:00,2024-01-31 18:32:00,3.04,450,Hyderabad
3220,2024-01-31 22:12:00,2024-01-31 23:07:00,4.95,213,Mumbai
3221,2024-01-25 14:55:00,2024-01-25 15:45:00,8.22,220,Chennai
3222,2024-01-26 13:17:00,2024-01-26 14:15:00,6.91,131,Hyderabad
3223,2024-01-14 01:35:00,2024-01-14 02:19:00,5.67,387,Chennai
3224,2024-01-29 17:43:00,2024-01-29 18:14:00,4.5,283,Mumbai
3225,2024-01-02 19:16:00,2024-01-02 20:13:00,3.23,171,Hyderabad
3226,2024-01-15 12:25:00,2024-01-15 13:11:00,7.85,140,Bangalore
3227,2024-01-06 18:56:00,2024-01-06 19:39:00,8.56,319,Delhi
3228,2024-01-07 18:49:00,2024-01-07 19:30:00,5.07,344,Chennai
3229,2024-01-20 03:51:00,2024-01-20 04:27:00,1.96,264,Hyderabad
3230,2024-01-06 03:54:00,2024-01-06 04:44:00,8.82,354,Delhi
3231,2024-01-09 13:31:00,2024-01-09 14:35:00,9.1,168,Delhi
3232,2024-01-01 09:13:00,2024-01-01 09:49:00,7.59,356,Hyderabad
3233,2024-01-02 17:17:00,2024-01-02 17:41:00,1.5,483,Bangalore
3234,2024-01-26 17:46:00,2024-01-26 18:17:00,2.62,189,Bangalore
3235,2024-01-10 14:47:00,2024-01-10 15:33:00,4.65,354,Bangalore
3236,2024-01-01 11:11:00,2024-01-01 11:46:00,7.6,115,Mumbai
3237,2024-01-28 12:23:00,2024-01-28 13:12:00,8.9,312,Hyderabad
3238,2024-01-02 07:22:00,2024-01-02 08:07:00,8.01,134,Hyderabad
3239,2024-01-31 01:31:00,2024-01-31 02:07:00,4.28,171,Chennai
3240,2024-01-30 08:49:00,2024-01-30 09:31:00,6.89,269,Chennai
3241,2024-01-29 22:52:00,2024-01-29 23:42:00,1.44,178,Hyderabad
3242,2024-01-03 20:18:00,2024-01-03 21:15:00,4.92,298,Delhi
3243,2024-01-08 14:33:00,2024-01-08 15:39:00,8.61,206,Mumbai
3244,2024-01-02 00:00:00,2024-01-02 00:38:00,2.33,372,Mumbai
3245,2024-01-05 12:53:00,2024-01-05 13:37:00,6.73,418,Chennai
3246,2024-01-03 18:51:00,2024-01-03 19:23:00,2.2,273,Chennai
3247,2024-01-12 07:42:00,2024-01-12 08:12:00,1.26,453,Mumbai
3248,2024-01-22 12:39:00,2024-01-22 13:23:00,6.2,351,Chennai
3249,2024-01-16 09:52:00,2024-01-16 10:37:00,9.32,304,Mumbai
3250,2024-01-12 08:37:00,2024-01-12 09:25:00,8.16,159,Mumbai
3251,2024-01-13 17:52:00,2024-01-13 18:26:00,4.99,108,Bangalore
3252,2024-01-10 08:55:00,2024-01-10 09:40:00,5.56,111,Mumbai
3253,2024-01-30 04:10:00,2024-01-30 04:42:00,5.05,449,Chennai
3254,2024-01-06 05:31:00,2024-01-06 06:07:00,4.17,366,Delhi
3255,2024-01-14 10:55:00,2024-01-14 11:39:00,6.37,396,Hyderabad
3256,2024-01-26 14:26:00,2024-01-26 15:22:00,9.56,362,Delhi
3257,2024-01-24 23:03:00,2024-01-24 23:42:00,6.31,106,Hyderabad
3258,2024-01-16 10:10:00,2024-01-16 10:38:00,3.5,216,Delhi
3259,2024-01-01 16:08:00,2024-01-01 16:58:00,8.86,183,Delhi
3260,2024-01-23 02:35:00,2024-01-23 03:13:00,5.69,370,Delhi
3261,2024-01-15 12:45:00,2024-01-15 13:32:00,2.47,389,Chennai
3262,2024-01-05 03:12:00,2024-01-05 03:39:00,1.67,342,Bangalore
3263,2024-01-16 19:57:00,2024-01-16 20:55:00,7.1,146,Chennai
3264,2024-01-02 10:45:00,2024-01-02 11:14:00,1.9,439,Bangalore
3265,2024-01-11 21:52:00,2024-01-11 22:49:00,7.53,144,Chennai
3266,2024-01-11 07:09:00,2024-01-11 07:49:00,9.57,425,Bangalore
3267,2024-01-06 22:17:00,2024-01-06 23:23:00,9.42,364,Chennai
3268,2024-01-29 16:10:00,2024-01-29 16:47:00,1.82,481,Delhi
3269,2024-01-12 09:58:00,2024-01-12 10:32:00,4.95,270,Hyderabad
3270,2024-01-18 18:16:00,2024-01-18 18:46:00,5.01,496,Delhi
3271,2024-01-29 09:15:00,2024-01-29 10:03:00,7.9,262,Chennai
3272,2024-01-16 17:36:00,2024-01-16 18:12:00,8.44,402,Bangalore
3273,2024-01-11 03:42:00,2024-01-11 04:22:00,4.67,484,Chennai
3274,2024-01-18 21:04:00,2024-01-18 22:06:00,7.76,312,Bangalore
3275,2024-01-24 10:47:00,2024-01-24 11:30:00,7.6,391,Delhi
3276,2024-01-21 08:48:00,2024-01-21 09:19:00,4.31,202,Chennai
3277,2024-01-01 02:52:00,2024-01-01 03:37:00,5.72,146,Mumbai
3278,2024-01-19 14:13:00,2024-01-19 15:02:00,3.87,235,Bangalore
3279,2024-01-08 14:43:00,2024-01-08 15:48:00,9.63,189,Chennai
3280,2024-01-03 23:46:00,2024-01-04 00:15:00,3.68,383,Chennai
3281,2024-01-27 03:34:00,2024-01-27 04:10:00,4.51,248,Bangalore
3282,2024-01-16 21:49:00,2024-01-16 22:54:00,4.45,247,Hyderabad
3283,2024-01-09 06:36:00,2024-01-09 07:10:00,2.11,412,Mumbai
3284,2024-01-09 17:49:00,2024-01-09 18:28:00,4.64,424,Chennai
3285,2024-01-14 07:39:00,2024-01-14 08:27:00,9.25,144,Mumbai
3286,2024-01-28 22:39:00,2024-01-28 23:48:00,5.52,284,Delhi
3287,2024-01-03 09:56:00,2024-01-03 10:30:00,2.07,114,Delhi
3288,2024-01-08 20:06:00,2024-01-08 21:02:00,2.43,264,Chennai
3289,2024-01-09 09:48:00,2024-01-09 10:24:00,6.36,186,Hyderabad
3290,2024-01-13 05:09:00,2024-01-13 05:39:00,1.76,492,Bangalore
3291,2024-01-26 11:37:00,2024-01-26 12:12:00,4.29,415,Mumbai
3292,2024-01-30 13:52:00,2024-01-30 14:35:00,3.14,200,Hyderabad
3293,2024-01-21 21:42:00,2024-01-21 22:41:00,8.4,497,Chennai
3294,2024-01-10 23:07:00,2024-01-10 23:48:00,3.87,278,Bangalore
3295,2024-01-18 04:35:00,2024-01-18 05:24:00,7.55,484,Mumbai
3296,2024-01-11 22:16:00,2024-01-11 23:13:00,4.64,487,Bangalore
3297,2024-01-28 09:17:00,2024-01-28 09:55:00,5.8,193,Delhi
3298,2024-01-13 14:24:00,2024-01-13 15:19:00,5.45,226,Delhi
3299,2024-01-23 10:52:00,2024-01-23 11:25:00,4.27,106,Hyderabad
3300,2024-01-22 11:01:00,2024-01-22 11:40:00,8.92,268,Mumbai
3301,2024-01-31 03:42:00,2024-01-31 04:10:00,1.58,365,Mumbai
3302,2024-01-09 21:06:00,2024-01-09 22:02:00,5.03,432,Bangalore
3303,2024-01-06 13:25:00,2024-01-06 14:08:00,4.69,422,Mumbai
3304,2024-01-27 22:23:00,2024-01-27 23:30:00,9.56,414,Chennai
3305,2024-01-04 02:52:00,2024-01-04 03:38:00,7.52,290,Mumbai
3306,2024-01-16 21:12:00,2024-01-16 22:04:00,5.45,246,Delhi
3307,2024-01-19 21:54:00,2024-01-19 22:56:00,1.5,490,Delhi
3308,2024-01-14 08:50:00,2024-01-14 09:27:00,3.38,452,Hyderabad
3309,2024-01-04 03:01:00,2024-01-04 03:35:00,3.21,453,Bangalore
3310,2024-01-17 12:13:00,2024-01-17 13:02:00,9.13,333,Bangalore
3311,2024-01-26 23:51:00,2024-01-27 00:30:00,7.09,397,Delhi
3312,2024-01-09 12:55:00,2024-01-09 13:36:00,3.09,492,Mumbai
3313,2024-01-06 18:24:00,2024-01-06 19:14:00,9.52,157,Mumbai
3314,2024-01-30 21:34:00,2024-01-30 22:30:00,3.12,345,Delhi
3315,2024-01-16 00:07:00,2024-01-16 00:42:00,3.31,129,Chennai
3316,2024-01-11 20:47:00,2024-01-11 21:56:00,6.1,139,Bangalore
3317,2024-01-15 03:17:00,2024-01-15 04:07:00,9.47,299,Mumbai
3318,2024-01-19 14:53:00,2024-01-19 15:47:00,4.95,300,Hyderabad
3319,2024-01-09 10:43:00,2024-01-09 11:18:00,5.66,396,Hyderabad
3320,2024-01-05 14:10:00,2024-01-05 14:48:00,1.92,132,Bangalore
3321,2024-01-25 01:02:00,2024-01-25 01:25:00,1.7,136,Chennai
3322,2024-01-24 03:08:00,2024-01-24 03:48:00,7.79,437,Hyderabad
3323,2024-01-24 09:14:00,2024-01-24 09:49:00,4.58,466,Mumbai
3324,2024-01-12 23:26:00,2024-01-13 00:08:00,9.73,464,Hyderabad
3325,2024-01-11 13:43:00,2024-01-11 14:47:00,7.53,309,Mumbai
3326,2024-01-16 12:06:00,2024-01-16 12:47:00,3.58,226,Mumbai
3327,2024-01-22 17:23:00,2024-01-22 17:56:00,2.91,479,Chennai
3328,2024-01-13 20:30:00,2024-01-13 21:32:00,7.6,296,Mumbai
3329,2024-01-12 20:32:00,2024-01-12 21:33:00,9.56,131,Bangalore
3330,2024-01-14 18:23:00,2024-01-14 19:04:00,8.43,191,Delhi
3331,2024-01-23 13:18:00,2024-01-23 14:04:00,6.02,298,Chennai
3332,2024-01-14 01:07:00,2024-01-14 01:45:00,2.04,351,Chennai
3333,2024-01-31 12:16:00,2024-01-31 13:07:00,7.25,242,Delhi
3334,2024-01-12 20:16:00,2024-01-12 21:13:00,8.94,335,Chennai
3335,2024-01-18 19:06:00,2024-01-18 20:22:00,9.57,368,Bangalore
3336,2024-01-22 16:24:00,2024-01-22 16:58:00,1.28,391,Bangalore
3337,2024-01-23 04:22:00,2024-01-23 05:03:00,5.39,409,Mumbai
3338,2024-01-26 20:57:00,2024-01-26 21:56:00,3.62,193,Mumbai
3339,2024-01-27 22:30:00,2024-01-27 23:32:00,8.01,411,Bangalore
3340,2024-01-24 12:44:00,2024-01-24 13:17:00,1.62,258,Hyderabad
3341,2024-01-08 01:23:00,2024-01-08 01:59:00,6.67,179,Chennai
3342,2024-01-26 23:30:00,2024-01-27 00:12:00,9.08,252,Chennai
3343,2024-01-22 18:32:00,2024-01-22 19:24:00,9.59,489,Bangalore
3344,2024-01-18 11:46:00,2024-01-18 12:16:00,4.7,138,Mumbai
3345,2024-01-18 06:54:00,2024-01-18 07:42:00,8.26,446,Mumbai
3346,2024-01-09 22:12:00,2024-01-09 23:01:00,2.67,419,Bangalore
3347,2024-01-23 14:44:00,2024-01-23 15:32:00,6.02,377,Chennai
3348,2024-01-31 23:10:00,2024-01-31 23:42:00,5.02,462,Mumbai
3349,2024-01-17 05:20:00,2024-01-17 05:57:00,2.02,443,Delhi
3350,2024-01-06 17:07:00,2024-01-06 17:43:00,3.84,260,Chennai
3351,2024-01-05 02:26:00,2024-01-05 03:12:00,8.13,495,Mumbai
3352,2024-01-27 11:41:00,2024-01-27 12:12:00,5.55,389,Mumbai
3353,2024-01-29 22:47:00,2024-01-29 23:35:00,3.83,268,Bangalore
3354,2024-01-13 09:19:00,2024-01-13 10:09:00,9.63,496,Delhi
3355,2024-01-03 22:10:00,2024-01-03 23:09:00,1.45,272,Hyderabad
3356,2024-01-26 12:05:00,2024-01-26 12:53:00,4.57,189,Delhi
3357,2024-01-30 12:02:00,2024-01-30 12:52:00,2.59,364,Bangalore
3358,2024-01-14 21:14:00,2024-01-14 22:05:00,4.49,210,Chennai
3359,2024-01-29 23:51:00,2024-01-30 00:24:00,4.8,188,Chennai
3360,2024-01-28 11:26:00,2024-01-28 11:53:00,3.01,437,Hyderabad
3361,2024-01-24 01:33:00,2024-01-24 02:17:00,8.29,210,Mumbai
3362,2024-01-04 13:03:00,2024-01-04 14:04:00,8.68,283,Chennai
3363,2024-01-11 17:57:00,2024-01-11 18:29:00,3.65,442,Mumbai
3364,2024-01-16 07:34:00,2024-01-16 08:00:00,2.3,177,Bangalore
3365,2024-01-07 03:46:00,2024-01-07 04:26:00,6.16,412,Bangalore
3366,2024-01-31 09:27:00,2024-01-31 09:54:00,3.18,493,Hyderabad
3367,2024-01-08 14:36:00,2024-01-08 15:33:00,4.84,274,Mumbai
3368,2024-01-28 17:11:00,2024-01-28 17:51:00,4.99,452,Delhi
3369,2024-01-13 04:57:00,2024-01-13 05:28:00,3.05,263,Chennai
3370,2024-01-28 00:06:00,2024-01-28 00:37:00,5.07,130,Delhi
3371,2024-01-02 05:21:00,2024-01-02 06:03:00,9.04,221,Delhi
3372,2024-01-20 14:53:00,2024-01-20 16:01:00,9.7,205,Chennai
3373,2024-01-17 18:44:00,2024-01-17 19:15:00,4.7,494,Bangalore
3374,2024-01-04 13:04:00,2024-01-04 13:50:00,3.79,121,Bangalore
3375,2024-01-27 15:02:00,2024-01-27 15:37:00,7.83,443,Mumbai
3376,2024-01-11 00:41:00,2024-01-11 01:28:00,9.69,223,Bangalore
3377,2024-01-27 09:52:00,2024-01-27 10:18:00,2.45,360,Chennai
3378,2024-01-02 17:33:00,2024-01-02 17:56:00,1.95,296,Delhi
3379,2024-01-27 06:58:00,2024-01-27 07:46:00,7.44,183,Bangalore
3380,2024-01-02 17:57:00,2024-01-02 18:31:00,3.24,104,Bangalore
3381,2024-01-13 21:08:00,2024-01-13 22:08:00,1.14,303,Hyderabad
3382,2024-01-10 00:03:00,2024-01-10 00:49:00,8.55,392,Delhi
3383,2024-01-01 23:00:00,2024-01-01 23:26:00,2.81,256,Bangalore
3384,2024-01-29 18:48:00,2024-01-29 19:16:00,4.16,351,Mumbai
3385,2024-01-06 22:47:00,2024-01-06 23:44:00,1.18,138,Chennai
3386,2024-01-21 05:58:00,2024-01-21 06:33:00,6.66,117,Delhi
3387,2024-01-27 14:47:00,2024-01-27 15:48:00,9.56,257,Hyderabad
3388,2024-01-02 15:36:00,2024-01-02 16:03:00,3.11,280,Hyderabad
3389,2024-01-24 07:17:00,2024-01-24 07:51:00,1.01,176,Mumbai
3390,2024-01-10 02:22:00,2024-01-10 02:49:00,1.66,415,Hyderabad
3391,2024-01-13 05:13:00,2024-01-13 05:58:00,5.83,289,Bangalore
3392,2024-01-03 16:24:00,2024-01-03 16:56:00,4.1,219,Mumbai
3393,2024-01-12 08:58:00,2024-01-12 09:38:00,9.25,192,Bangalore
3394,2024-01-05 12:42:00,2024-01-05 13:30:00,1.5,478,Chennai
3395,2024-01-21 04:08:00,2024-01-21 04:48:00,4.94,100,Chennai
3396,2024-01-06 18:41:00,2024-01-06 19:23:00,9.19,485,Delhi
3397,2024-01-08 17:55:00,2024-01-08 18:35:00,6.46,179,Chennai
3398,2024-01-19 21:05:00,2024-01-19 22:15:00,6.71,275,Hyderabad
3399,2024-01-27 10:46:00,2024-01-27 11:23:00,6.65,179,Mumbai
3400,2024-01-16 23:10:00,2024-01-16 23:46:00,1.48,449,Hyderabad
3401,2024-01-07 23:28:00,2024-01-07 23:58:00,4.73,204,Bangalore
3402,2024-01-08 09:17:00,2024-01-08 09:57:00,7.04,488,Mumbai
3403,2024-01-19 17:53:00,2024-01-19 18:29:00,4.28,309,Chennai
3404,2024-01-15 04:27:00,2024-01-15 05:08:00,8.36,452,Hyderabad
3405,2024-01-12 08:24:00,2024-01-12 09:01:00,8.78,187,Hyderabad
3406,2024-01-24 01:24:00,2024-01-24 02:17:00,9.69,132,Delhi
3407,2024-01-12 17:28:00,2024-01-12 18:00:00,2.8,472,Mumbai
3408,2024-01-16 13:58:00,2024-01-16 14:40:00,1.52,255,Chennai
3409,2024-01-07 13:54:00,2024-01-07 14:37:00,6.78,497,Mumbai
3410,2024-01-23 14:23:00,2024-01-23 14:58:00,1.48,304,Delhi
3411,2024-01-30 02:29:00,2024-01-30 03:16:00,6.61,388,Hyderabad
3412,2024-01-02 07:58:00,2024-01-02 08:48:00,8.55,328,Chennai
3413,2024-01-01 04:24:00,2024-01-01 05:04:00,8.53,151,Hyderabad
3414,2024-01-31 13:58:00,2024-01-31 14:47:00,1.83,329,Hyderabad
3415,2024-01-23 15:05:00,2024-01-23 15:53:00,9.17,317,Bangalore
3416,2024-01-02 19:18:00,2024-01-02 20:25:00,9.35,351,Chennai
3417,2024-01-22 00:20:00,2024-01-22 00:52:00,5.87,467,Bangalore
3418,2024-01-29 05:31:00,2024-01-29 06:07:00,3.82,272,Delhi
3419,2024-01-04 22:05:00,2024-01-04 23:13:00,9.03,230,Bangalore
3420,2024-01-22 03:18:00,2024-01-22 03:50:00,2.9,163,Bangalore
3421,2024-01-18 10:58:00,2024-01-18 11:38:00,9.8,306,Bangalore
3422,2024-01-28 11:00:00,2024-01-28 11:34:00,4.93,263,Delhi
3423,2024-01-03 22:28:00,2024-01-03 23:43:00,9.87,207,Hyderabad
3424,2024-01-14 23:23:00,2024-01-15 00:02:00,4.62,404,Mumbai
3425,2024-01-08 14:40:00,2024-01-08 15:19:00,1.8,311,Mumbai
3426,2024-01-27 11:27:00,2024-01-27 12:07:00,6.76,306,Mumbai
3427,2024-01-14 20:51:00,2024-01-14 21:56:00,8.31,163,Delhi
3428,2024-01-13 05:41:00,2024-01-13 06:23:00,7.66,161,Delhi
3429,2024-01-09 16:35:00,2024-01-09 17:13:00,4.6,326,Mumbai
3430,2024-01-16 06:07:00,2024-01-16 06:52:00,7.31,343,Bangalore
3431,2024-01-20 22:51:00,2024-01-20 23:55:00,7.08,447,Bangalore
3432,2024-01-13 17:43:00,2024-01-13 18:33:00,8.72,243,Bangalore
3433,2024-01-24 16:32:00,2024-01-24 17:19:00,7.19,199,Hyderabad
3434,2024-01-02 17:19:00,2024-01-02 17:58:00,9.66,104,Mumbai
3435,2024-01-05 06:22:00,2024-01-05 06:57:00,6.1,203,Hyderabad
3436,2024-01-17 01:13:00,2024-01-17 01:37:00,2.34,370,Mumbai
3437,2024-01-03 06:34:00,2024-01-03 07:18:00,5.13,481,Mumbai
3438,2024-01-05 20:31:00,2024-01-05 21:34:00,8.9,254,Chennai
3439,2024-01-11 00:09:00,2024-01-11 00:40:00,5.07,486,Bangalore
3440,2024-01-12 18:08:00,2024-01-12 18:43:00,5.81,480,Chennai
3441,2024-01-01 04:00:00,2024-01-01 04:40:00,5.9,255,Delhi
3442,2024-01-05 17:00:00,2024-01-05 17:37:00,8.11,238,Delhi
3443,2024-01-12 15:28:00,2024-01-12 16:14:00,8.74,147,Hyderabad
3444,2024-01-23 23:55:00,2024-01-24 00:18:00,1.46,175,Chennai
3445,2024-01-30 02:09:00,2024-01-30 02:44:00,6.1,432,Hyderabad
3446,2024-01-28 17:27:00,2024-01-28 18:03:00,4.96,250,Mumbai
3447,2024-01-03 19:18:00,2024-01-03 20:33:00,8.2,117,Mumbai
3448,2024-01-11 07:50:00,2024-01-11 08:35:00,7.92,114,Chennai
3449,2024-01-02 17:55:00,2024-01-02 18:27:00,2.75,446,Chennai
3450,2024-01-26 08:36:00,2024-01-26 09:24:00,9.83,167,Delhi
3451,2024-01-16 17:24:00,2024-01-16 18:05:00,5.72,487,Bangalore
3452,2024-01-11 20:34:00,2024-01-11 21:31:00,3.64,490,Delhi
3453,2024-01-22 02:42:00,2024-01-22 03:23:00,5.89,295,Chennai
3454,2024-01-25 23:02:00,2024-01-25 23:44:00,7.67,188,Mumbai
3455,2024-01-19 12:20:00,2024-01-19 13:14:00,4.67,209,Bangalore
3456,2024-01-10 11:43:00,2024-01-10 12:21:00,8.95,102,Mumbai
3457,2024-01-02 01:55:00,2024-01-02 02:33:00,3.81,265,Hyderabad
3458,2024-01-27 11:02:00,2024-01-27 11:37:00,5.85,171,Hyderabad
3459,2024-01-26 22:49:00,2024-01-26 23:53:00,5.16,245,Mumbai
3460,2024-01-09 04:04:00,2024-01-09 04:32:00,2.84,432,Chennai
3461,2024-01-26 00:43:00,2024-01-26 01:08:00,1.48,350,Hyderabad
3462,2024-01-09 09:43:00,2024-01-09 10:13:00,3.26,216,Chennai
3463,2024-01-22 11:30:00,2024-01-22 12:06:00,2.36,125,Bangalore
3464,2024-01-28 16:47:00,2024-01-28 17:18:00,5.45,370,Mumbai
3465,2024-01-22 00:14:00,2024-01-22 00:39:00,2.15,338,Hyderabad
3466,2024-01-22 00:50:00,2024-01-22 01:24:00,5.88,477,Delhi
3467,2024-01-19 04:52:00,2024-01-19 05:27:00,1.96,267,Delhi
3468,2024-01-07 09:13:00,2024-01-07 09:49:00,3.48,489,Mumbai
3469,2024-01-13 17:15:00,2024-01-13 17:45:00,5.0,426,Bangalore
3470,2024-01-07 04:20:00,2024-01-07 04:54:00,5.21,306,Mumbai
3471,2024-01-26 22:57:00,2024-01-27 00:00:00,3.85,397,Delhi
3472,2024-01-14 21:47:00,2024-01-14 22:43:00,1.85,404,Hyderabad
3473,2024-01-30 16:46:00,2024-01-30 17:20:00,1.3,466,Bangalore
3474,2024-01-21 08:54:00,2024-01-21 09:31:00,4.26,205,Delhi
3475,2024-01-22 12:59:00,2024-01-22 13:52:00,8.23,219,Mumbai
3476,2024-01-27 22:15:00,2024-01-27 23:24:00,5.88,382,Hyderabad
3477,2024-01-22 23:44:00,2024-01-23 00:32:00,8.59,238,Chennai
3478,2024-01-17 15:36:00,2024-01-17 16:13:00,7.39,243,Bangalore
3479,2024-01-07 22:11:00,2024-01-07 23:13:00,4.72,219,Hyderabad
3480,2024-01-03 05:10:00,2024-01-03 05:48:00,5.97,419,Delhi
3481,2024-01-10 03:44:00,2024-01-10 04:18:00,6.58,462,Bangalore
3482,2024-01-03 17:11:00,2024-01-03 17:39:00,3.57,153,Mumbai
3483,2024-01-10 17:35:00,2024-01-10 18:11:00,7.7,237,Mumbai
3484,2024-01-01 12:11:00,2024-01-01 12:59:00,2.37,218,Bangalore
3485,2024-01-07 20:52:00,2024-01-07 21:58:00,9.45,306,Delhi
3486,2024-01-07 13:49:00,2024-01-07 14:27:00,1.4,131,Mumbai
3487,2024-01-24 13:13:00,2024-01-24 14:02:00,4.9,261,Chennai
3488,2024-01-22 00:09:00,2024-01-22 00:35:00,1.9,259,Delhi
3489,2024-01-27 23:47:00,2024-01-28 00:37:00,8.54,440,Chennai
3490,2024-01-02 02:38:00,2024-01-02 03:15:00,8.15,383,Hyderabad
3491,2024-01-28 22:25:00,2024-01-28 23:30:00,5.4,108,Bangalore
3492,2024-01-14 23:25:00,2024-01-15 00:04:00,3.05,214,Chennai
3493,2024-01-06 00:56:00,2024-01-06 01:35:00,8.03,203,Delhi
3494,2024-01-24 08:57:00,2024-01-24 09:30:00,4.2,203,Bangalore
3495,2024-01-19 06:24:00,2024-01-19 07:01:00,6.23,476,Bangalore
3496,2024-01-15 00:46:00,2024-01-15 01:30:00,7.36,263,Delhi
3497,2024-01-26 19:25:00,2024-01-26 20:23:00,5.22,197,Chennai
3498,2024-01-07 23:06:00,2024-01-07 23:41:00,7.53,413,Mumbai
3499,2024-01-11 03:44:00,2024-01-11 04:23:00,7.84,400,Mumbai
3500,2024-01-31 21:39:00,2024-01-31 22:48:00,9.48,240,Delhi
3501,2024-01-11 22:55:00,2024-01-12 00:08:00,10.0,488,Mumbai
3502,2024-01-09 04:35:00,2024-01-09 05:14:00,5.12,292,Delhi
3503,2024-01-10 13:53:00,2024-01-10 14:39:00,1.72,317,Chennai
3504,2024-01-14 17:59:00,2024-01-14 18:38:00,3.7,227,Chennai
3505,2024-01-21 11:14:00,2024-01-21 11:42:00,2.04,180,Bangalore
3506,2024-01-27 23:30:00,2024-01-28 00:11:00,4.21,228,Hyderabad
3507,2024-01-02 05:08:00,2024-01-02 05:49:00,5.5,134,Chennai
3508,2024-01-12 22:34:00,2024-01-12 23:20:00,3.42,332,Hyderabad
3509,2024-01-01 21:21:00,2024-01-01 22:32:00,9.9,290,Hyderabad
3510,2024-01-17 07:49:00,2024-01-17 08:18:00,3.6,476,Mumbai
3511,2024-01-18 07:12:00,2024-01-18 07:46:00,5.4,244,Chennai
3512,2024-01-23 18:36:00,2024-01-23 19:17:00,7.9,219,Mumbai
3513,2024-01-23 18:21:00,2024-01-23 19:01:00,7.22,271,Mumbai
3514,2024-01-30 19:16:00,2024-01-30 20:16:00,6.44,220,Chennai
3515,2024-01-17 15:51:00,2024-01-17 16:37:00,7.62,293,Mumbai
3516,2024-01-27 19:08:00,2024-01-27 19:59:00,5.68,301,Delhi
3517,2024-01-05 16:58:00,2024-01-05 17:35:00,3.33,169,Chennai
3518,2024-01-01 00:10:00,2024-01-01 00:53:00,9.26,275,Delhi
3519,2024-01-15 10:04:00,2024-01-15 10:31:00,1.91,258,Delhi
3520,2024-01-16 20:02:00,2024-01-16 21:04:00,6.75,355,Bangalore
3521,2024-01-20 16:43:00,2024-01-20 17:17:00,5.14,158,Chennai
3522,2024-01-12 20:18:00,2024-01-12 21:08:00,1.81,258,Chennai
3523,2024-01-02 12:19:00,2024-01-02 13:02:00,2.6,454,Bangalore
3524,2024-01-23 00:56:00,2024-01-23 01:19:00,1.07,213,Chennai
3525,2024-01-03 00:54:00,2024-01-03 01:44:00,9.22,271,Delhi
3526,2024-01-06 03:44:00,2024-01-06 04:33:00,7.76,454,Hyderabad
3527,2024-01-06 20:41:00,2024-01-06 21:36:00,3.01,306,Chennai
3528,2024-01-20 02:02:00,2024-01-20 02:39:00,1.78,318,Mumbai
3529,2024-01-26 10:02:00,2024-01-26 10:40:00,5.08,190,Mumbai
3530,2024-01-21 02:22:00,2024-01-21 03:03:00,6.02,447,Chennai
3531,2024-01-31 00:21:00,2024-01-31 01:11:00,8.45,269,Bangalore
3532,2024-01-16 04:53:00,2024-01-16 05:33:00,7.87,450,Chennai
3533,2024-01-12 19:36:00,2024-01-12 20:33:00,2.88,259,Chennai
3534,2024-01-29 00:45:00,2024-01-29 01:22:00,8.71,348,Hyderabad
3535,2024-01-20 03:01:00,2024-01-20 03:30:00,2.58,365,Hyderabad
3536,2024-01-22 13:53:00,2024-01-22 14:45:00,4.9,411,Hyderabad
3537,2024-01-18 20:22:00,2024-01-18 21:21:00,7.74,262,Hyderabad
3538,2024-01-23 00:08:00,2024-01-23 00:51:00,5.8,312,Mumbai
3539,2024-01-04 22:04:00,2024-01-04 22:58:00,3.13,202,Hyderabad
3540,2024-01-03 05:19:00,2024-01-03 05:53:00,4.13,256,Hyderabad
3541,2024-01-26 15:58:00,2024-01-26 16:42:00,6.33,433,Hyderabad
3542,2024-01-30 14:35:00,2024-01-30 15:14:00,1.3,156,Hyderabad
3543,2024-01-04 09:25:00,2024-01-04 10:07:00,5.32,159,Mumbai
3544,2024-01-17 10:33:00,2024-01-17 11:01:00,3.72,265,Mumbai
3545,2024-01-11 15:57:00,2024-01-11 16:29:00,4.98,292,Mumbai
3546,2024-01-22 09:57:00,2024-01-22 10:30:00,2.26,212,Chennai
3547,2024-01-29 06:08:00,2024-01-29 06:43:00,6.61,142,Hyderabad
3548,2024-01-08 00:14:00,2024-01-08 00:56:00,9.96,444,Chennai
3549,2024-01-18 04:29:00,2024-01-18 05:05:00,8.16,138,Hyderabad
3550,2024-01-21 19:32:00,2024-01-21 20:37:00,5.57,470,Hyderabad
3551,2024-01-20 18:39:00,2024-01-20 19:20:00,9.36,108,Delhi
3552,2024-01-08 03:49:00,2024-01-08 04:29:00,9.73,397,Bangalore
3553,2024-01-09 02:15:00,2024-01-09 02:53:00,9.01,428,Mumbai
3554,2024-01-18 09:36:00,2024-01-18 10:14:00,8.7,200,Hyderabad
3555,2024-01-19 14:42:00,2024-01-19 15:44:00,8.88,430,Chennai
3556,2024-01-12 08:40:00,2024-01-12 09:08:00,3.1,224,Mumbai
3557,2024-01-23 00:57:00,2024-01-23 01:33:00,8.08,131,Hyderabad
3558,2024-01-22 10:39:00,2024-01-22 11:06:00,2.83,231,Hyderabad
3559,2024-01-29 22:17:00,2024-01-29 23:09:00,3.63,424,Bangalore
3560,2024-01-27 06:59:00,2024-01-27 07:40:00,4.79,436,Delhi
3561,2024-01-11 19:58:00,2024-01-11 20:54:00,3.15,311,Chennai
3562,2024-01-26 13:39:00,2024-01-26 14:26:00,3.55,407,Mumbai
3563,2024-01-06 13:29:00,2024-01-06 14:26:00,8.24,306,Bangalore
3564,2024-01-09 17:46:00,2024-01-09 18:11:00,1.6,159,Chennai
3565,2024-01-20 03:14:00,2024-01-20 03:50:00,3.29,297,Mumbai
3566,2024-01-16 18:58:00,2024-01-16 19:37:00,7.15,481,Bangalore
3567,2024-01-15 19:23:00,2024-01-15 20:15:00,1.3,241,Bangalore
3568,2024-01-10 02:49:00,2024-01-10 03:29:00,4.51,479,Mumbai
3569,2024-01-01 11:56:00,2024-01-01 12:36:00,6.8,303,Bangalore
3570,2024-01-25 01:55:00,2024-01-25 02:23:00,3.32,495,Hyderabad
3571,2024-01-17 09:24:00,2024-01-17 09:59:00,7.74,395,Bangalore
3572,2024-01-15 21:03:00,2024-01-15 22:09:00,8.63,458,Chennai
3573,2024-01-07 06:00:00,2024-01-07 06:41:00,4.94,444,Hyderabad
3574,2024-01-12 08:29:00,2024-01-12 08:53:00,2.11,480,Delhi
3575,2024-01-20 01:52:00,2024-01-20 02:23:00,1.89,249,Delhi
3576,2024-01-29 09:16:00,2024-01-29 09:52:00,2.58,414,Chennai
3577,2024-01-05 16:56:00,2024-01-05 17:39:00,7.73,161,Bangalore
3578,2024-01-26 00:21:00,2024-01-26 00:58:00,7.65,146,Hyderabad
3579,2024-01-30 18:44:00,2024-01-30 19:24:00,6.22,170,Delhi
3580,2024-01-18 01:38:00,2024-01-18 02:16:00,8.14,237,Bangalore
3581,2024-01-29 01:19:00,2024-01-29 01:42:00,1.32,479,Mumbai
3582,2024-01-08 14:27:00,2024-01-08 15:19:00,9.17,397,Delhi
3583,2024-01-20 09:36:00,2024-01-20 10:08:00,2.94,235,Bangalore
3584,2024-01-04 08:55:00,2024-01-04 09:31:00,7.88,212,Hyderabad
3585,2024-01-26 17:22:00,2024-01-26 18:08:00,9.33,320,Chennai
3586,2024-01-03 03:16:00,2024-01-03 03:53:00,4.36,124,Delhi
3587,2024-01-01 07:22:00,2024-01-01 07:53:00,4.84,482,Bangalore
3588,2024-01-22 03:03:00,2024-01-22 03:44:00,5.89,496,Mumbai
3589,2024-01-31 19:38:00,2024-01-31 20:32:00,3.9,395,Mumbai
3590,2024-01-05 05:13:00,2024-01-05 05:57:00,9.35,439,Mumbai
3591,2024-01-03 00:47:00,2024-01-03 01:35:00,7.0,299,Bangalore
3592,2024-01-20 00:06:00,2024-01-20 00:49:00,9.0,487,Chennai
3593,2024-01-17 12:17:00,2024-01-17 13:12:00,7.39,170,Hyderabad
3594,2024-01-06 04:21:00,2024-01-06 05:04:00,8.09,372,Chennai
3595,2024-01-07 20:46:00,2024-01-07 21:44:00,6.96,400,Bangalore
3596,2024-01-11 19:17:00,2024-01-11 20:33:00,8.88,236,Hyderabad
3597,2024-01-24 23:44:00,2024-01-25 00:21:00,2.52,483,Delhi
3598,2024-01-05 19:32:00,2024-01-05 20:39:00,5.5,418,Hyderabad
3599,2024-01-05 04:35:00,2024-01-05 05:01:00,1.48,128,Delhi
3600,2024-01-12 19:19:00,2024-01-12 20:19:00,1.02,383,Hyderabad
3601,2024-01-14 23:24:00,2024-01-14 23:50:00,2.1,258,Hyderabad
3602,2024-01-26 07:52:00,2024-01-26 08:32:00,9.44,269,Hyderabad
3603,2024-01-31 12:52:00,2024-01-31 13:58:00,9.67,204,Hyderabad
3604,2024-01-02 11:41:00,2024-01-02 12:17:00,6.75,174,Delhi
3605,2024-01-16 21:13:00,2024-01-16 22:07:00,6.85,218,Chennai
3606,2024-01-23 17:13:00,2024-01-23 17:52:00,7.98,362,Hyderabad
3607,2024-01-12 20:35:00,2024-01-12 21:30:00,7.88,184,Bangalore
3608,2024-01-22 11:16:00,2024-01-22 12:00:00,5.66,130,Hyderabad
3609,2024-01-21 21:58:00,2024-01-21 22:59:00,2.74,146,Bangalore
3610,2024-01-31 14:47:00,2024-01-31 15:31:00,7.42,309,Chennai
3611,2024-01-19 13:35:00,2024-01-19 14:30:00,8.2,384,Chennai
3612,2024-01-10 11:09:00,2024-01-10 11:45:00,1.37,486,Hyderabad
3613,2024-01-26 19:01:00,2024-01-26 20:06:00,8.44,492,Bangalore
3614,2024-01-12 01:17:00,2024-01-12 02:07:00,9.87,250,Mumbai
3615,2024-01-19 10:32:00,2024-01-19 11:07:00,6.77,300,Bangalore
3616,2024-01-04 16:51:00,2024-01-04 17:39:00,9.01,484,Chennai
3617,2024-01-03 15:30:00,2024-01-03 16:03:00,6.76,195,Bangalore
3618,2024-01-01 06:28:00,2024-01-01 07:08:00,4.61,198,Chennai
3619,2024-01-29 13:56:00,2024-01-29 14:36:00,3.11,294,Chennai
3620,2024-01-17 13:59:00,2024-01-17 15:01:00,8.34,380,Mumbai
3621,2024-01-30 02:04:00,2024-01-30 02:51:00,8.0,258,Mumbai
3622,2024-01-09 05:56:00,2024-01-09 06:35:00,7.41,256,Delhi
3623,2024-01-31 22:00:00,2024-01-31 22:54:00,7.33,286,Mumbai
3624,2024-01-09 20:36:00,2024-01-09 21:30:00,1.19,375,Hyderabad
3625,2024-01-13 15:41:00,2024-01-13 16:20:00,3.27,325,Chennai
3626,2024-01-30 17:11:00,2024-01-30 17:41:00,4.96,126,Chennai
3627,2024-01-05 11:54:00,2024-01-05 12:20:00,2.58,237,Hyderabad
3628,2024-01-11 00:56:00,2024-01-11 01:39:00,6.52,465,Bangalore
3629,2024-01-21 09:06:00,2024-01-21 09:37:00,2.56,404,Bangalore
3630,2024-01-02 12:19:00,2024-01-02 13:14:00,5.08,490,Mumbai
3631,2024-01-09 22:46:00,2024-01-09 23:32:00,1.44,274,Mumbai
3632,2024-01-21 17:22:00,2024-01-21 17:47:00,1.61,411,Bangalore
3633,2024-01-04 18:06:00,2024-01-04 18:48:00,9.7,168,Delhi
3634,2024-01-30 10:08:00,2024-01-30 10:46:00,5.94,283,Hyderabad
3635,2024-01-23 19:35:00,2024-01-23 20:27:00,4.88,148,Mumbai
3636,2024-01-21 12:21:00,2024-01-21 13:14:00,4.67,394,Bangalore
3637,2024-01-24 12:11:00,2024-01-24 12:45:00,2.16,418,Chennai
3638,2024-01-16 01:02:00,2024-01-16 01:47:00,9.86,248,Delhi
3639,2024-01-09 19:21:00,2024-01-09 20:26:00,6.52,451,Bangalore
3640,2024-01-08 07:57:00,2024-01-08 08:27:00,3.49,118,Mumbai
3641,2024-01-27 23:54:00,2024-01-28 00:20:00,1.64,419,Mumbai
3642,2024-01-19 15:24:00,2024-01-19 16:12:00,7.92,322,Delhi
3643,2024-01-12 03:51:00,2024-01-12 04:40:00,8.91,339,Delhi
3644,2024-01-25 20:56:00,2024-01-25 22:01:00,4.4,310,Bangalore
3645,2024-01-13 11:52:00,2024-01-13 12:41:00,9.58,468,Bangalore
3646,2024-01-13 16:06:00,2024-01-13 16:55:00,8.79,272,Delhi
3647,2024-01-23 18:05:00,2024-01-23 18:36:00,1.1,247,Mumbai
3648,2024-01-30 06:42:00,2024-01-30 07:14:00,1.55,497,Delhi
3649,2024-01-01 15:43:00,2024-01-01 16:25:00,5.39,294,Delhi
3650,2024-01-08 13:17:00,2024-01-08 14:04:00,1.77,246,Chennai
3651,2024-01-04 17:15:00,2024-01-04 17:56:00,4.88,437,Bangalore
3652,2024-01-28 19:20:00,2024-01-28 20:19:00,6.1,365,Hyderabad
3653,2024-01-29 10:36:00,2024-01-29 11:10:00,1.72,379,Hyderabad
3654,2024-01-14 14:27:00,2024-01-14 15:11:00,6.4,410,Bangalore
3655,2024-01-28 21:16:00,2024-01-28 22:08:00,3.51,141,Mumbai
3656,2024-01-18 02:49:00,2024-01-18 03:36:00,9.4,367,Bangalore
3657,2024-01-18 17:22:00,2024-01-18 18:01:00,7.72,272,Delhi
3658,2024-01-27 17:10:00,2024-01-27 17:43:00,3.24,276,Bangalore
3659,2024-01-26 19:21:00,2024-01-26 20:23:00,3.15,407,Chennai
3660,2024-01-24 14:41:00,2024-01-24 15:29:00,5.22,199,Delhi
3661,2024-01-26 13:18:00,2024-01-26 14:01:00,6.44,421,Bangalore
3662,2024-01-07 07:23:00,2024-01-07 08:01:00,9.33,361,Bangalore
3663,2024-01-20 17:42:00,2024-01-20 18:05:00,1.01,205,Hyderabad
3664,2024-01-23 09:14:00,2024-01-23 09:50:00,6.63,291,Mumbai
3665,2024-01-14 13:20:00,2024-01-14 13:57:00,1.15,473,Mumbai
3666,2024-01-31 06:59:00,2024-01-31 07:48:00,9.69,220,Delhi
3667,2024-01-09 13:03:00,2024-01-09 13:49:00,6.51,362,Mumbai
3668,2024-01-19 02:03:00,2024-01-19 02:51:00,8.82,313,Bangalore
3669,2024-01-23 11:35:00,2024-01-23 12:23:00,9.8,221,Hyderabad
3670,2024-01-23 00:28:00,2024-01-23 01:13:00,7.45,121,Chennai
3671,2024-01-03 00:47:00,2024-01-03 01:22:00,1.21,133,Chennai
3672,2024-01-15 14:49:00,2024-01-15 15:36:00,7.77,386,Chennai
3673,2024-01-27 11:29:00,2024-01-27 12:13:00,9.07,436,Bangalore
3674,2024-01-24 14:51:00,2024-01-24 15:40:00,4.26,230,Hyderabad
3675,2024-01-28 00:30:00,2024-01-28 00:59:00,4.27,221,Chennai
3676,2024-01-11 04:52:00,2024-01-11 05:31:00,5.58,254,Mumbai
3677,2024-01-20 13:19:00,2024-01-20 14:09:00,5.17,422,Chennai
3678,2024-01-17 09:35:00,2024-01-17 10:27:00,9.73,325,Bangalore
3679,2024-01-10 03:45:00,2024-01-10 04:13:00,1.45,164,Chennai
3680,2024-01-26 16:17:00,2024-01-26 16:53:00,7.15,208,Mumbai
3681,2024-01-12 16:36:00,2024-01-12 17:08:00,5.85,360,Chennai
3682,2024-01-24 14:05:00,2024-01-24 14:43:00,4.25,275,Delhi
3683,2024-01-01 09:33:00,2024-01-01 10:01:00,2.46,149,Delhi
3684,2024-01-14 00:17:00,2024-01-14 00:53:00,7.68,478,Chennai
3685,2024-01-08 10:51:00,2024-01-08 11:37:00,7.93,427,Mumbai
3686,2024-01-30 20:38:00,2024-01-30 21:51:00,8.48,100,Chennai
3687,2024-01-30 04:12:00,2024-01-30 04:46:00,1.71,390,Bangalore
3688,2024-01-25 05:49:00,2024-01-25 06:36:00,8.9,379,Bangalore
3689,2024-01-13 19:41:00,2024-01-13 20:56:00,8.4,435,Bangalore
3690,2024-01-28 11:59:00,2024-01-28 12:29:00,1.47,341,Bangalore
3691,2024-01-17 05:08:00,2024-01-17 05:44:00,6.12,407,Chennai
3692,2024-01-12 07:40:00,2024-01-12 08:17:00,5.66,317,Bangalore
3693,2024-01-19 13:03:00,2024-01-19 13:57:00,5.83,304,Mumbai
3694,2024-01-21 17:28:00,2024-01-21 18:15:00,7.87,214,Mumbai
3695,2024-01-28 05:23:00,2024-01-28 06:16:00,9.69,102,Hyderabad
3696,2024-01-11 21:54:00,2024-01-11 22:53:00,2.31,111,Hyderabad
3697,2024-01-27 19:50:00,2024-01-27 20:52:00,6.33,337,Mumbai
3698,2024-01-21 22:40:00,2024-01-21 23:40:00,7.03,100,Bangalore
3699,2024-01-18 19:58:00,2024-01-18 21:05:00,8.44,474,Hyderabad
3700,2024-01-30 14:51:00,2024-01-30 15:47:00,5.89,372,Mumbai
3701,2024-01-26 16:24:00,2024-01-26 17:06:00,5.15,463,Bangalore
3702,2024-01-19 19:26:00,2024-01-19 20:22:00,8.04,322,Chennai
3703,2024-01-10 07:17:00,2024-01-10 08:01:00,8.18,455,Chennai
3704,2024-01-17 23:26:00,2024-01-18 00:02:00,1.27,456,Chennai
3705,2024-01-12 08:38:00,2024-01-12 09:17:00,9.25,317,Bangalore
3706,2024-01-07 05:23:00,2024-01-07 05:54:00,5.54,209,Delhi
3707,2024-01-13 17:06:00,2024-01-13 17:41:00,7.34,499,Bangalore
3708,2024-01-14 08:34:00,2024-01-14 09:10:00,6.95,368,Mumbai
3709,2024-01-14 06:15:00,2024-01-14 06:48:00,6.12,334,Chennai
3710,2024-01-01 17:13:00,2024-01-01 18:02:00,9.5,346,Delhi
3711,2024-01-24 04:59:00,2024-01-24 05:44:00,8.43,112,Mumbai
3712,2024-01-21 03:40:00,2024-01-21 04:16:00,5.45,368,Mumbai
3713,2024-01-17 01:10:00,2024-01-17 01:40:00,1.52,124,Mumbai
3714,2024-01-29 22:38:00,2024-01-29 23:37:00,2.84,260,Bangalore
3715,2024-01-11 17:13:00,2024-01-11 17:48:00,1.62,297,Mumbai
3716,2024-01-23 12:04:00,2024-01-23 12:48:00,5.66,261,Bangalore
3717,2024-01-04 06:36:00,2024-01-04 07:08:00,1.81,319,Bangalore
3718,2024-01-21 11:55:00,2024-01-21 12:28:00,3.6,217,Chennai
3719,2024-01-30 21:15:00,2024-01-30 22:16:00,4.85,473,Bangalore
3720,2024-01-21 23:07:00,2024-01-21 23:56:00,8.34,251,Hyderabad
3721,2024-01-26 23:57:00,2024-01-27 00:46:00,7.64,273,Hyderabad
3722,2024-01-15 19:19:00,2024-01-15 20:32:00,8.93,384,Chennai
3723,2024-01-14 02:23:00,2024-01-14 03:06:00,8.11,278,Delhi
3724,2024-01-25 17:18:00,2024-01-25 17:52:00,7.15,138,Delhi
3725,2024-01-09 18:07:00,2024-01-09 18:54:00,8.23,338,Mumbai
3726,2024-01-11 17:14:00,2024-01-11 17:53:00,2.82,196,Chennai
3727,2024-01-15 11:10:00,2024-01-15 11:54:00,8.95,216,Mumbai
3728,2024-01-20 16:35:00,2024-01-20 17:19:00,8.66,320,Mumbai
3729,2024-01-20 19:43:00,2024-01-20 20:32:00,3.13,373,Hyderabad
3730,2024-01-15 07:14:00,2024-01-15 07:57:00,7.42,282,Bangalore
3731,2024-01-14 06:57:00,2024-01-14 07:27:00,1.37,158,Chennai
3732,2024-01-17 16:18:00,2024-01-17 16:52:00,5.6,304,Chennai
3733,2024-01-08 08:48:00,2024-01-08 09:28:00,7.31,353,Mumbai
3734,2024-01-06 22:34:00,2024-01-06 23:47:00,8.4,151,Delhi
3735,2024-01-15 06:12:00,2024-01-15 06:49:00,8.96,217,Delhi
3736,2024-01-04 13:48:00,2024-01-04 14:43:00,9.68,180,Bangalore
3737,2024-01-09 21:34:00,2024-01-09 22:28:00,2.03,400,Bangalore
3738,2024-01-01 09:43:00,2024-01-01 10:26:00,4.66,311,Delhi
3739,2024-01-08 09:37:00,2024-01-08 10:17:00,3.24,384,Chennai
3740,2024-01-28 23:13:00,2024-01-28 23:51:00,8.59,312,Chennai
3741,2024-01-27 02:15:00,2024-01-27 02:50:00,4.46,206,Bangalore
3742,2024-01-14 22:50:00,2024-01-14 23:48:00,2.93,355,Chennai
3743,2024-01-14 17:25:00,2024-01-14 18:01:00,7.12,158,Delhi
3744,2024-01-23 02:14:00,2024-01-23 02:39:00,1.49,123,Mumbai
3745,2024-01-11 15:52:00,2024-01-11 16:27:00,3.08,171,Bangalore
3746,2024-01-02 12:06:00,2024-01-02 13:00:00,8.43,176,Hyderabad
3747,2024-01-27 22:14:00,2024-01-27 23:15:00,2.38,380,Chennai
3748,2024-01-12 00:39:00,2024-01-12 01:16:00,4.92,356,Bangalore
3749,2024-01-13 07:15:00,2024-01-13 08:06:00,9.63,220,Mumbai
3750,2024-01-21 16:39:00,2024-01-21 17:09:00,4.43,492,Hyderabad
3751,2024-01-31 15:21:00,2024-01-31 15:59:00,5.08,248,Hyderabad
3752,2024-01-09 06:02:00,2024-01-09 06:49:00,7.98,498,Mumbai
3753,2024-01-24 22:57:00,2024-01-25 00:03:00,6.34,285,Delhi
3754,2024-01-11 19:19:00,2024-01-11 20:20:00,1.34,421,Chennai
3755,2024-01-09 07:48:00,2024-01-09 08:28:00,5.97,271,Chennai
3756,2024-01-21 09:29:00,2024-01-21 09:54:00,1.13,317,Chennai
3757,2024-01-22 06:57:00,2024-01-22 07:34:00,7.29,319,Chennai
3758,2024-01-12 05:41:00,2024-01-12 06:10:00,2.83,240,Hyderabad
3759,2024-01-09 23:59:00,2024-01-10 00:37:00,5.2,496,Bangalore
3760,2024-01-05 07:18:00,2024-01-05 07:55:00,1.94,342,Bangalore
3761,2024-01-07 03:46:00,2024-01-07 04:20:00,1.8,102,Bangalore
3762,2024-01-07 09:47:00,2024-01-07 10:25:00,8.47,455,Chennai
3763,2024-01-01 06:30:00,2024-01-01 07:07:00,7.38,309,Chennai
3764,2024-01-17 00:25:00,2024-01-17 01:02:00,7.33,342,Bangalore
3765,2024-01-28 14:42:00,2024-01-28 15:38:00,7.36,360,Delhi
3766,2024-01-13 10:13:00,2024-01-13 10:48:00,6.87,251,Mumbai
3767,2024-01-08 02:50:00,2024-01-08 03:38:00,7.28,471,Mumbai
3768,2024-01-15 15:34:00,2024-01-15 16:14:00,5.96,170,Bangalore
3769,2024-01-27 19:31:00,2024-01-27 20:15:00,1.28,444,Chennai
3770,2024-01-22 08:06:00,2024-01-22 08:43:00,1.68,113,Hyderabad
3771,2024-01-08 06:47:00,2024-01-08 07:32:00,8.38,117,Chennai
3772,2024-01-06 06:12:00,2024-01-06 06:57:00,9.36,231,Chennai
3773,2024-01-18 16:25:00,2024-01-18 17:02:00,4.58,253,Hyderabad
3774,2024-01-21 02:37:00,2024-01-21 03:16:00,6.14,190,Mumbai
3775,2024-01-24 05:36:00,2024-01-24 06:16:00,7.74,343,Mumbai
3776,2024-01-22 16:27:00,2024-01-22 17:04:00,8.82,301,Chennai
3777,2024-01-06 01:34:00,2024-01-06 02:07:00,2.65,198,Delhi
3778,2024-01-12 00:59:00,2024-01-12 01:26:00,1.57,258,Chennai
3779,2024-01-12 21:20:00,2024-01-12 22:24:00,3.85,497,Mumbai
3780,2024-01-25 10:16:00,2024-01-25 10:56:00,3.92,214,Hyderabad
3781,2024-01-18 03:26:00,2024-01-18 04:17:00,9.28,395,Hyderabad
3782,2024-01-08 04:30:00,2024-01-08 05:03:00,2.97,216,Bangalore
3783,2024-01-07 02:49:00,2024-01-07 03:27:00,5.08,497,Hyderabad
3784,2024-01-17 00:24:00,2024-01-17 00:59:00,7.09,123,Bangalore
3785,2024-01-12 00:53:00,2024-01-12 01:27:00,1.8,171,Hyderabad
3786,2024-01-26 16:24:00,2024-01-26 16:52:00,3.11,173,Mumbai
3787,2024-01-28 03:59:00,2024-01-28 04:43:00,7.27,185,Hyderabad
3788,2024-01-13 01:45:00,2024-01-13 02:36:00,8.98,136,Delhi
3789,2024-01-09 03:19:00,2024-01-09 04:01:00,7.36,424,Hyderabad
3790,2024-01-14 22:24:00,2024-01-14 23:27:00,7.54,468,Mumbai
3791,2024-01-06 17:31:00,2024-01-06 18:13:00,4.16,173,Chennai
3792,2024-01-08 08:27:00,2024-01-08 08:58:00,4.55,433,Delhi
3793,2024-01-29 03:13:00,2024-01-29 03:48:00,3.12,181,Bangalore
3794,2024-01-05 06:00:00,2024-01-05 06:42:00,7.25,155,Delhi
3795,2024-01-25 08:59:00,2024-01-25 09:36:00,6.81,360,Chennai
3796,2024-01-18 04:36:00,2024-01-18 05:05:00,2.09,466,Mumbai
3797,2024-01-20 05:25:00,2024-01-20 06:01:00,4.06,349,Bangalore
3798,2024-01-13 19:21:00,2024-01-13 20:31:00,6.57,427,Bangalore
3799,2024-01-23 17:46:00,2024-01-23 18:29:00,8.31,447,Chennai
3800,2024-01-15 11:29:00,2024-01-15 12:10:00,6.63,101,Hyderabad
3801,2024-01-09 18:38:00,2024-01-09 19:13:00,6.79,232,Chennai
3802,2024-01-13 09:22:00,2024-01-13 10:00:00,4.52,241,Chennai
3803,2024-01-24 04:51:00,2024-01-24 05:37:00,9.59,399,Mumbai
3804,2024-01-18 21:24:00,2024-01-18 22:32:00,6.96,240,Mumbai
3805,2024-01-19 09:27:00,2024-01-19 10:08:00,6.26,278,Bangalore
3806,2024-01-16 04:50:00,2024-01-16 05:32:00,4.95,414,Hyderabad
3807,2024-01-07 17:26:00,2024-01-07 18:03:00,7.48,239,Bangalore
3808,2024-01-05 19:08:00,2024-01-05 20:02:00,4.75,187,Mumbai
3809,2024-01-16 23:58:00,2024-01-17 00:24:00,1.12,247,Bangalore
3810,2024-01-03 15:53:00,2024-01-03 16:25:00,5.73,161,Bangalore
3811,2024-01-24 18:03:00,2024-01-24 18:42:00,6.9,459,Delhi
3812,2024-01-12 20:47:00,2024-01-12 21:48:00,5.78,320,Delhi
3813,2024-01-30 05:44:00,2024-01-30 06:34:00,9.16,490,Bangalore
3814,2024-01-11 21:29:00,2024-01-11 22:40:00,9.6,225,Hyderabad
3815,2024-01-07 21:37:00,2024-01-07 22:47:00,6.52,405,Mumbai
3816,2024-01-25 13:21:00,2024-01-25 14:14:00,8.98,229,Chennai
3817,2024-01-29 15:08:00,2024-01-29 15:51:00,6.83,328,Chennai
3818,2024-01-27 05:47:00,2024-01-27 06:31:00,5.82,320,Hyderabad
3819,2024-01-08 00:34:00,2024-01-08 01:07:00,6.22,499,Mumbai
3820,2024-01-17 09:27:00,2024-01-17 09:59:00,1.24,390,Hyderabad
3821,2024-01-11 02:15:00,2024-01-11 02:56:00,5.96,138,Chennai
3822,2024-01-26 11:36:00,2024-01-26 12:24:00,8.07,388,Hyderabad
3823,2024-01-01 13:04:00,2024-01-01 14:00:00,8.92,390,Mumbai
3824,2024-01-04 04:27:00,2024-01-04 05:20:00,9.71,450,Bangalore
3825,2024-01-31 01:08:00,2024-01-31 01:44:00,6.11,157,Bangalore
3826,2024-01-13 00:31:00,2024-01-13 01:04:00,3.54,117,Hyderabad
3827,2024-01-25 17:14:00,2024-01-25 17:41:00,1.2,287,Mumbai
3828,2024-01-14 00:00:00,2024-01-14 00:41:00,7.88,107,Chennai
3829,2024-01-26 10:24:00,2024-01-26 10:56:00,5.59,338,Bangalore
3830,2024-01-02 12:48:00,2024-01-02 13:32:00,5.88,471,Mumbai
3831,2024-01-22 18:48:00,2024-01-22 19:16:00,1.71,130,Hyderabad
3832,2024-01-04 03:47:00,2024-01-04 04:14:00,2.52,378,Hyderabad
3833,2024-01-12 01:18:00,2024-01-12 01:57:00,6.45,416,Delhi
3834,2024-01-16 13:43:00,2024-01-16 14:25:00,2.59,344,Hyderabad
3835,2024-01-22 16:52:00,2024-01-22 17:23:00,5.85,469,Hyderabad
3836,2024-01-24 11:47:00,2024-01-24 12:20:00,3.24,143,Delhi
3837,2024-01-13 08:34:00,2024-01-13 09:16:00,8.72,226,Hyderabad
3838,2024-01-01 16:01:00,2024-01-01 16:36:00,6.61,191,Delhi
3839,2024-01-22 05:33:00,2024-01-22 06:12:00,6.69,167,Hyderabad
3840,2024-01-10 04:31:00,2024-01-10 05:01:00,1.65,473,Delhi
3841,2024-01-12 07:21:00,2024-01-12 07:59:00,2.63,154,Bangalore
3842,2024-01-29 22:52:00,2024-01-29 23:48:00,2.26,319,Hyderabad
3843,2024-01-31 00:41:00,2024-01-31 01:15:00,4.25,312,Hyderabad
3844,2024-01-10 00:54:00,2024-01-10 01:35:00,7.78,387,Delhi
3845,2024-01-03 20:26:00,2024-01-03 21:16:00,3.74,429,Chennai
3846,2024-01-21 03:51:00,2024-01-21 04:36:00,9.13,110,Bangalore
3847,2024-01-10 08:52:00,2024-01-10 09:42:00,8.85,365,Hyderabad
3848,2024-01-21 02:23:00,2024-01-21 02:52:00,1.37,348,Delhi
3849,2024-01-02 13:03:00,2024-01-02 13:51:00,9.38,402,Delhi
3850,2024-01-28 20:17:00,2024-01-28 21:18:00,4.67,257,Bangalore
3851,2024-01-04 23:41:00,2024-01-05 00:17:00,3.34,417,Delhi
3852,2024-01-24 08:02:00,2024-01-24 08:40:00,7.34,365,Bangalore
3853,2024-01-16 23:37:00,2024-01-17 00:28:00,9.16,348,Hyderabad
3854,2024-01-07 02:33:00,2024-01-07 03:10:00,2.17,306,Hyderabad
3855,2024-01-03 17:36:00,2024-01-03 17:58:00,1.19,142,Mumbai
3856,2024-01-15 16:27:00,2024-01-15 17:03:00,1.39,499,Delhi
3857,2024-01-04 16:32:00,2024-01-04 17:14:00,5.39,194,Bangalore
3858,2024-01-29 11:42:00,2024-01-29 12:14:00,4.38,466,Hyderabad
3859,2024-01-27 02:56:00,2024-01-27 03:28:00,5.78,248,Chennai
3860,2024-01-07 07:36:00,2024-01-07 08:19:00,7.43,358,Delhi
3861,2024-01-26 15:44:00,2024-01-26 16:26:00,5.07,271,Chennai
3862,2024-01-03 02:53:00,2024-01-03 03:39:00,8.03,269,Hyderabad
3863,2024-01-20 06:43:00,2024-01-20 07:24:00,6.87,222,Hyderabad
3864,2024-01-17 12:54:00,2024-01-17 13:54:00,8.02,380,Chennai
3865,2024-01-19 21:57:00,2024-01-19 23:00:00,6.36,215,Bangalore
3866,2024-01-03 05:30:00,2024-01-03 06:12:00,4.57,244,Delhi
3867,2024-01-09 19:58:00,2024-01-09 20:53:00,2.96,310,Bangalore
3868,2024-01-06 20:30:00,2024-01-06 21:27:00,8.46,298,Chennai
3869,2024-01-30 04:55:00,2024-01-30 05:41:00,9.99,118,Bangalore
3870,2024-01-30 14:42:00,2024-01-30 15:28:00,3.35,457,Hyderabad
3871,2024-01-08 02:39:00,2024-01-08 03:14:00,7.85,406,Bangalore
3872,2024-01-19 09:40:00,2024-01-19 10:21:00,9.89,417,Hyderabad
3873,2024-01-27 18:46:00,2024-01-27 19:21:00,3.47,135,Chennai
3874,2024-01-17 17:00:00,2024-01-17 17:51:00,9.47,155,Bangalore
3875,2024-01-27 21:15:00,2024-01-27 22:21:00,6.19,381,Delhi
3876,2024-01-07 02:42:00,2024-01-07 03:19:00,3.14,272,Delhi
3877,2024-01-24 14:34:00,2024-01-24 15:23:00,2.47,290,Delhi
3878,2024-01-26 21:27:00,2024-01-26 22:29:00,3.88,367,Hyderabad
3879,2024-01-20 10:36:00,2024-01-20 11:13:00,2.33,297,Bangalore
3880,2024-01-09 03:04:00,2024-01-09 03:48:00,7.29,315,Chennai
3881,2024-01-22 14:35:00,2024-01-22 15:12:00,2.63,346,Bangalore
3882,2024-01-03 20:19:00,2024-01-03 21:07:00,3.77,140,Bangalore
3883,2024-01-23 00:58:00,2024-01-23 01:36:00,3.15,493,Delhi
3884,2024-01-19 20:05:00,2024-01-19 21:05:00,7.66,173,Chennai
3885,2024-01-16 02:47:00,2024-01-16 03:20:00,2.15,297,Hyderabad
3886,2024-01-12 02:52:00,2024-01-12 03:22:00,1.71,258,Chennai
3887,2024-01-27 22:44:00,2024-01-27 23:52:00,5.96,230,Chennai
3888,2024-01-03 03:39:00,2024-01-03 04:29:00,8.09,409,Delhi
3889,2024-01-19 22:06:00,2024-01-19 23:17:00,6.55,417,Hyderabad
3890,2024-01-11 01:07:00,2024-01-11 01:39:00,2.87,179,Bangalore
3891,2024-01-26 10:14:00,2024-01-26 10:40:00,2.16,499,Bangalore
3892,2024-01-10 13:20:00,2024-01-10 14:00:00,5.07,279,Bangalore
3893,2024-01-28 07:20:00,2024-01-28 07:59:00,9.23,180,Bangalore
3894,2024-01-22 08:36:00,2024-01-22 09:08:00,5.49,211,Mumbai
3895,2024-01-08 05:07:00,2024-01-08 05:54:00,7.64,453,Mumbai
3896,2024-01-31 00:11:00,2024-01-31 00:56:00,7.99,250,Chennai
3897,2024-01-06 02:21:00,2024-01-06 03:09:00,9.36,293,Mumbai
3898,2024-01-20 07:58:00,2024-01-20 08:38:00,4.0,344,Mumbai
3899,2024-01-31 19:28:00,2024-01-31 20:36:00,9.89,386,Bangalore
3900,2024-01-09 00:40:00,2024-01-09 01:12:00,4.16,267,Chennai
3901,2024-01-07 16:48:00,2024-01-07 17:18:00,2.44,271,Mumbai
3902,2024-01-27 00:40:00,2024-01-27 01:22:00,7.58,112,Bangalore
3903,2024-01-03 19:16:00,2024-01-03 20:11:00,3.41,357,Delhi
3904,2024-01-15 07:57:00,2024-01-15 08:22:00,1.2,180,Hyderabad
3905,2024-01-22 01:55:00,2024-01-22 02:35:00,4.86,165,Mumbai
3906,2024-01-04 05:57:00,2024-01-04 06:28:00,5.54,427,Bangalore
3907,2024-01-28 15:28:00,2024-01-28 16:11:00,7.93,112,Delhi
3908,2024-01-02 09:45:00,2024-01-02 10:27:00,6.85,350,Mumbai
3909,2024-01-27 20:42:00,2024-01-27 21:55:00,9.59,242,Mumbai
3910,2024-01-14 04:29:00,2024-01-14 04:59:00,4.8,247,Bangalore
3911,2024-01-03 17:34:00,2024-01-03 17:56:00,1.46,317,Mumbai
3912,2024-01-01 10:22:00,2024-01-01 11:03:00,5.38,169,Bangalore
3913,2024-01-01 09:54:00,2024-01-01 10:29:00,2.95,421,Chennai
3914,2024-01-29 00:27:00,2024-01-29 01:11:00,6.29,416,Bangalore
3915,2024-01-06 21:16:00,2024-01-06 22:16:00,2.05,239,Delhi
3916,2024-01-10 08:49:00,2024-01-10 09:23:00,6.49,209,Hyderabad
3917,2024-01-11 19:54:00,2024-01-11 21:04:00,6.62,360,Bangalore
3918,2024-01-09 01:08:00,2024-01-09 01:53:00,6.57,378,Chennai
3919,2024-01-06 01:00:00,2024-01-06 01:34:00,4.94,118,Delhi
3920,2024-01-16 00:45:00,2024-01-16 01:27:00,5.49,312,Bangalore
3921,2024-01-07 04:03:00,2024-01-07 04:49:00,9.22,361,Chennai
3922,2024-01-30 10:27:00,2024-01-30 11:16:00,9.99,188,Hyderabad
3923,2024-01-29 16:28:00,2024-01-29 17:04:00,4.02,460,Delhi
3924,2024-01-02 14:29:00,2024-01-02 15:08:00,4.93,455,Chennai
3925,2024-01-16 01:41:00,2024-01-16 02:06:00,2.9,401,Chennai
3926,2024-01-11 18:27:00,2024-01-11 18:57:00,3.81,411,Hyderabad
3927,2024-01-05 13:02:00,2024-01-05 13:58:00,4.37,314,Delhi
3928,2024-01-01 07:24:00,2024-01-01 07:49:00,2.77,300,Delhi
3929,2024-01-23 07:50:00,2024-01-23 08:28:00,3.6,487,Mumbai
3930,2024-01-18 17:30:00,2024-01-18 18:09:00,7.31,400,Delhi
3931,2024-01-12 20:55:00,2024-01-12 21:54:00,2.05,472,Mumbai
3932,2024-01-25 12:32:00,2024-01-25 13:31:00,9.0,131,Mumbai
3933,2024-01-18 09:04:00,2024-01-18 09:41:00,3.29,385,Delhi
3934,2024-01-30 11:12:00,2024-01-30 11:50:00,6.42,111,Mumbai
3935,2024-01-08 05:54:00,2024-01-08 06:27:00,3.4,400,Chennai
3936,2024-01-23 06:19:00,2024-01-23 07:01:00,4.23,404,Chennai
3937,2024-01-14 12:12:00,2024-01-14 13:05:00,8.64,145,Chennai
3938,2024-01-22 10:30:00,2024-01-22 11:12:00,9.55,378,Delhi
3939,2024-01-12 12:02:00,2024-01-12 12:53:00,3.05,225,Mumbai
3940,2024-01-22 11:51:00,2024-01-22 12:41:00,8.17,230,Delhi
3941,2024-01-16 23:14:00,2024-01-16 23:39:00,1.39,301,Mumbai
3942,2024-01-26 00:59:00,2024-01-26 01:37:00,4.74,363,Hyderabad
3943,2024-01-09 08:28:00,2024-01-09 08:57:00,2.27,393,Delhi
3944,2024-01-17 18:16:00,2024-01-17 18:57:00,5.97,350,Mumbai
3945,2024-01-29 23:35:00,2024-01-30 00:15:00,9.58,207,Mumbai
3946,2024-01-14 23:28:00,2024-01-15 00:05:00,8.84,225,Delhi
3947,2024-01-26 19:36:00,2024-01-26 20:35:00,8.28,209,Delhi
3948,2024-01-13 03:16:00,2024-01-13 03:41:00,1.3,201,Bangalore
3949,2024-01-07 23:45:00,2024-01-08 00:24:00,8.09,129,Delhi
3950,2024-01-19 03:02:00,2024-01-19 03:30:00,3.83,209,Chennai
3951,2024-01-27 00:43:00,2024-01-27 01:23:00,9.42,258,Hyderabad
3952,2024-01-11 14:44:00,2024-01-11 15:43:00,6.29,396,Bangalore
3953,2024-01-19 08:30:00,2024-01-19 09:21:00,9.36,179,Delhi
3954,2024-01-07 06:53:00,2024-01-07 07:25:00,2.73,424,Bangalore
3955,2024-01-10 21:45:00,2024-01-10 22:44:00,1.98,285,Chennai
3956,2024-01-05 19:01:00,2024-01-05 19:57:00,1.07,314,Mumbai
3957,2024-01-16 00:13:00,2024-01-16 00:43:00,2.57,229,Bangalore
3958,2024-01-06 16:34:00,2024-01-06 17:16:00,6.3,329,Bangalore
3959,2024-01-22 07:49:00,2024-01-22 08:36:00,6.5,463,Mumbai
3960,2024-01-11 04:55:00,2024-01-11 05:33:00,3.95,426,Chennai
3961,2024-01-02 07:12:00,2024-01-02 07:54:00,9.64,278,Mumbai
3962,2024-01-17 18:00:00,2024-01-17 18:33:00,3.82,248,Chennai
3963,2024-01-11 02:54:00,2024-01-11 03:22:00,3.51,380,Bangalore
3964,2024-01-15 23:28:00,2024-01-16 00:03:00,5.65,106,Hyderabad
3965,2024-01-19 13:00:00,2024-01-19 13:51:00,3.33,131,Mumbai
3966,2024-01-28 09:27:00,2024-01-28 09:56:00,2.95,426,Mumbai
3967,2024-01-08 03:33:00,2024-01-08 04:19:00,7.06,191,Delhi
3968,2024-01-19 01:53:00,2024-01-19 02:35:00,6.17,484,Chennai
3969,2024-01-21 17:46:00,2024-01-21 18:18:00,5.92,374,Bangalore
3970,2024-01-23 17:47:00,2024-01-23 18:14:00,2.48,363,Delhi
3971,2024-01-31 17:18:00,2024-01-31 17:57:00,4.47,356,Hyderabad
3972,2024-01-06 09:52:00,2024-01-06 10:26:00,1.99,220,Hyderabad
3973,2024-01-09 10:31:00,2024-01-09 11:04:00,4.27,342,Mumbai
3974,2024-01-21 08:11:00,2024-01-21 08:54:00,5.37,110,Hyderabad
3975,2024-01-20 04:10:00,2024-01-20 04:47:00,2.89,128,Bangalore
3976,2024-01-17 06:07:00,2024-01-17 06:44:00,7.62,135,Chennai
3977,2024-01-07 13:23:00,2024-01-07 14:06:00,2.96,225,Mumbai
3978,2024-01-04 06:58:00,2024-01-04 07:42:00,7.76,269,Mumbai
3979,2024-01-07 19:40:00,2024-01-07 20:32:00,2.47,136,Chennai
3980,2024-01-15 11:00:00,2024-01-15 11:31:00,1.68,348,Mumbai
3981,2024-01-07 00:31:00,2024-01-07 01:12:00,5.26,497,Delhi
3982,2024-01-24 16:05:00,2024-01-24 16:43:00,8.26,171,Delhi
3983,2024-01-05 09:20:00,2024-01-05 09:59:00,8.07,381,Chennai
3984,2024-01-31 10:47:00,2024-01-31 11:18:00,2.42,176,Hyderabad
3985,2024-01-04 15:58:00,2024-01-04 16:48:00,8.4,195,Delhi
3986,2024-01-02 22:26:00,2024-01-02 23:23:00,3.6,175,Hyderabad
3987,2024-01-03 05:52:00,2024-01-03 06:41:00,7.79,134,Chennai
3988,2024-01-03 16:58:00,2024-01-03 17:34:00,6.01,331,Chennai
3989,2024-01-18 09:43:00,2024-01-18 10:24:00,4.99,411,Mumbai
3990,2024-01-15 05:08:00,2024-01-15 05:59:00,9.6,168,Hyderabad
3991,2024-01-20 01:05:00,2024-01-20 01:35:00,3.83,498,Delhi
3992,2024-01-25 14:05:00,2024-01-25 14:53:00,7.92,186,Chennai
3993,2024-01-27 03:17:00,2024-01-27 04:07:00,9.96,380,Delhi
3994,2024-01-24 15:28:00,2024-01-24 16:07:00,8.16,426,Hyderabad
3995,2024-01-02 12:56:00,2024-01-02 13:51:00,4.55,300,Bangalore
3996,2024-01-25 02:38:00,2024-01-25 03:20:00,5.34,431,Chennai
3997,2024-01-02 17:52:00,2024-01-02 18:16:00,1.15,109,Delhi
3998,2024-01-13 09:56:00,2024-01-13 10:23:00,2.73,170,Mumbai
3999,2024-01-31 22:18:00,2024-01-31 23:15:00,5.63,205,Mumbai
4000,2024-01-28 15:48:00,2024-01-28 16:27:00,2.53,235,Chennai
4001,2024-01-30 23:27:00,2024-01-31 00:13:00,6.32,128,Bangalore
4002,2024-01-10 00:15:00,2024-01-10 00:58:00,8.4,453,Chennai
4003,2024-01-09 14:54:00,2024-01-09 15:47:00,9.75,146,Hyderabad
4004,2024-01-16 18:34:00,2024-01-16 19:22:00,7.11,363,Delhi
4005,2024-01-19 05:21:00,2024-01-19 06:04:00,7.74,166,Delhi
4006,2024-01-21 05:26:00,2024-01-21 06:13:00,8.81,155,Hyderabad
4007,2024-01-15 22:00:00,2024-01-15 22:55:00,2.86,263,Chennai
4008,2024-01-02 18:41:00,2024-01-02 19:25:00,7.39,103,Chennai
4009,2024-01-07 17:02:00,2024-01-07 17:55:00,9.53,173,Chennai
4010,2024-01-29 04:33:00,2024-01-29 05:07:00,4.35,381,Mumbai
4011,2024-01-05 20:57:00,2024-01-05 22:08:00,6.35,484,Delhi
4012,2024-01-02 02:28:00,2024-01-02 02:52:00,1.24,307,Delhi
4013,2024-01-22 19:23:00,2024-01-22 20:25:00,8.64,341,Delhi
4014,2024-01-01 20:40:00,2024-01-01 21:37:00,6.74,148,Hyderabad
4015,2024-01-04 07:29:00,2024-01-04 08:07:00,6.15,101,Delhi
4016,2024-01-06 04:12:00,2024-01-06 04:52:00,3.68,164,Chennai
4017,2024-01-26 06:06:00,2024-01-26 06:47:00,9.95,280,Delhi
4018,2024-01-31 19:21:00,2024-01-31 20:13:00,4.55,210,Bangalore
4019,2024-01-23 02:20:00,2024-01-23 02:57:00,2.97,373,Chennai
4020,2024-01-05 07:49:00,2024-01-05 08:24:00,1.86,357,Hyderabad
4021,2024-01-25 01:48:00,2024-01-25 02:33:00,9.47,199,Mumbai
4022,2024-01-20 08:28:00,2024-01-20 09:11:00,5.69,456,Mumbai
4023,2024-01-20 12:46:00,2024-01-20 13:42:00,6.36,288,Chennai
4024,2024-01-20 00:36:00,2024-01-20 01:15:00,7.69,278,Chennai
4025,2024-01-24 20:56:00,2024-01-24 22:03:00,8.76,122,Hyderabad
4026,2024-01-17 02:22:00,2024-01-17 03:00:00,7.63,389,Bangalore
4027,2024-01-13 07:08:00,2024-01-13 07:40:00,5.91,482,Bangalore
4028,2024-01-02 22:29:00,2024-01-02 23:27:00,3.43,483,Bangalore
4029,2024-01-27 23:04:00,2024-01-27 23:49:00,8.03,236,Bangalore
4030,2024-01-24 05:00:00,2024-01-24 05:39:00,6.99,125,Bangalore
4031,2024-01-27 18:57:00,2024-01-27 19:38:00,7.43,320,Mumbai
4032,2024-01-15 19:30:00,2024-01-15 20:28:00,4.4,270,Chennai
4033,2024-01-03 21:20:00,2024-01-03 22:10:00,3.24,199,Delhi
4034,2024-01-12 14:13:00,2024-01-12 14:48:00,1.92,165,Hyderabad
4035,2024-01-12 03:18:00,2024-01-12 03:55:00,8.58,163,Mumbai
4036,2024-01-27 05:54:00,2024-01-27 06:34:00,9.03,174,Chennai
4037,2024-01-30 00:23:00,2024-01-30 00:57:00,6.85,329,Mumbai
4038,2024-01-03 04:38:00,2024-01-03 05:11:00,1.24,444,Hyderabad
4039,2024-01-09 18:22:00,2024-01-09 18:52:00,3.39,281,Bangalore
4040,2024-01-23 08:30:00,2024-01-23 09:08:00,4.84,482,Mumbai
4041,2024-01-01 06:40:00,2024-01-01 07:16:00,7.93,339,Chennai
4042,2024-01-08 16:56:00,2024-01-08 17:20:00,2.14,387,Bangalore
4043,2024-01-01 18:46:00,2024-01-01 19:17:00,2.56,238,Chennai
4044,2024-01-03 09:04:00,2024-01-03 09:32:00,3.47,405,Delhi
4045,2024-01-06 03:14:00,2024-01-06 03:48:00,3.86,157,Chennai
4046,2024-01-17 12:21:00,2024-01-17 13:16:00,6.23,395,Delhi
4047,2024-01-25 23:33:00,2024-01-26 00:08:00,4.47,490,Bangalore
4048,2024-01-02 13:49:00,2024-01-02 14:27:00,1.25,331,Delhi
4049,2024-01-01 05:41:00,2024-01-01 06:16:00,5.04,448,Delhi
4050,2024-01-16 05:26:00,2024-01-16 06:03:00,3.29,222,Delhi
4051,2024-01-19 14:47:00,2024-01-19 15:27:00,4.58,442,Delhi
4052,2024-01-12 16:36:00,2024-01-12 17:16:00,5.34,176,Chennai
4053,2024-01-14 12:15:00,2024-01-14 13:03:00,4.51,368,Delhi
4054,2024-01-10 15:45:00,2024-01-10 16:26:00,6.55,140,Delhi
4055,2024-01-18 18:10:00,2024-01-18 19:02:00,9.23,161,Mumbai
4056,2024-01-30 23:58:00,2024-01-31 00:22:00,2.49,281,Hyderabad
4057,2024-01-23 00:43:00,2024-01-23 01:22:00,5.47,365,Mumbai
4058,2024-01-13 19:11:00,2024-01-13 20:08:00,5.4,145,Chennai
4059,2024-01-23 06:17:00,2024-01-23 07:00:00,8.62,466,Mumbai
4060,2024-01-09 13:26:00,2024-01-09 14:11:00,2.68,341,Hyderabad
4061,2024-01-29 23:47:00,2024-01-30 00:29:00,9.86,339,Delhi
4062,2024-01-01 22:22:00,2024-01-01 23:15:00,1.75,442,Mumbai
4063,2024-01-09 22:15:00,2024-01-09 23:23:00,6.63,203,Mumbai
4064,2024-01-15 04:45:00,2024-01-15 05:22:00,6.96,137,Delhi
4065,2024-01-24 20:59:00,2024-01-24 21:47:00,4.33,289,Hyderabad
4066,2024-01-02 17:48:00,2024-01-02 18:23:00,7.11,119,Delhi
4067,2024-01-14 02:33:00,2024-01-14 02:57:00,1.64,223,Mumbai
4068,2024-01-15 04:01:00,2024-01-15 04:34:00,2.01,165,Mumbai
4069,2024-01-22 00:20:00,2024-01-22 00:53:00,3.32,375,Bangalore
4070,2024-01-30 08:53:00,2024-01-30 09:24:00,3.09,201,Bangalore
4071,2024-01-04 03:55:00,2024-01-04 04:47:00,9.75,294,Mumbai
4072,2024-01-03 21:29:00,2024-01-03 22:28:00,2.79,432,Chennai
4073,2024-01-10 07:46:00,2024-01-10 08:16:00,4.85,185,Mumbai
4074,2024-01-02 02:37:00,2024-01-02 03:24:00,9.17,108,Delhi
4075,2024-01-18 13:02:00,2024-01-18 14:00:00,7.8,340,Delhi
4076,2024-01-24 16:01:00,2024-01-24 16:38:00,5.62,150,Chennai
4077,2024-01-19 19:43:00,2024-01-19 20:43:00,3.4,247,Delhi
4078,2024-01-11 03:49:00,2024-01-11 04:28:00,9.88,434,Mumbai
4079,2024-01-05 18:20:00,2024-01-05 19:06:00,7.83,198,Delhi
4080,2024-01-31 05:47:00,2024-01-31 06:22:00,4.4,330,Chennai
4081,2024-01-09 18:53:00,2024-01-09 19:18:00,1.77,306,Bangalore
4082,2024-01-26 11:03:00,2024-01-26 11:43:00,5.73,194,Mumbai
4083,2024-01-04 16:08:00,2024-01-04 16:46:00,9.01,315,Delhi
4084,2024-01-21 07:06:00,2024-01-21 07:40:00,6.99,182,Delhi
4085,2024-01-15 15:20:00,2024-01-15 15:59:00,6.47,149,Hyderabad
4086,2024-01-22 15:12:00,2024-01-22 15:41:00,2.92,306,Mumbai
4087,2024-01-22 02:12:00,2024-01-22 03:01:00,9.55,119,Delhi
4088,2024-01-28 13:46:00,2024-01-28 14:33:00,8.33,417,Hyderabad
4089,2024-01-11 22:59:00,2024-01-11 23:58:00,3.25,457,Chennai
4090,2024-01-27 12:18:00,2024-01-27 13:15:00,9.82,274,Chennai
4091,2024-01-02 20:49:00,2024-01-02 21:55:00,7.66,176,Bangalore
4092,2024-01-28 16:16:00,2024-01-28 16:54:00,6.09,460,Hyderabad
4093,2024-01-24 10:40:00,2024-01-24 11:10:00,2.07,442,Chennai
4094,2024-01-14 17:37:00,2024-01-14 18:23:00,8.88,376,Chennai
4095,2024-01-07 05:39:00,2024-01-07 06:21:00,5.26,133,Hyderabad
4096,2024-01-12 08:56:00,2024-01-12 09:21:00,2.43,348,Hyderabad
4097,2024-01-28 06:25:00,2024-01-28 06:59:00,7.18,189,Delhi
4098,2024-01-28 21:37:00,2024-01-28 22:37:00,3.76,159,Bangalore
4099,2024-01-12 04:57:00,2024-01-12 05:40:00,6.74,481,Hyderabad
4100,2024-01-29 00:48:00,2024-01-29 01:39:00,9.44,293,Delhi
4101,2024-01-09 03:54:00,2024-01-09 04:29:00,4.24,288,Hyderabad
4102,2024-01-31 13:44:00,2024-01-31 14:48:00,9.52,173,Chennai
4103,2024-01-04 07:13:00,2024-01-04 07:49:00,7.52,394,Chennai
4104,2024-01-06 23:58:00,2024-01-07 00:40:00,4.25,260,Chennai
4105,2024-01-06 10:26:00,2024-01-06 11:10:00,5.95,494,Mumbai
4106,2024-01-16 03:09:00,2024-01-16 04:01:00,9.11,177,Hyderabad
4107,2024-01-02 18:50:00,2024-01-02 19:34:00,8.15,327,Mumbai
4108,2024-01-08 21:26:00,2024-01-08 22:38:00,7.55,259,Hyderabad
4109,2024-01-07 20:01:00,2024-01-07 21:10:00,6.09,176,Bangalore
4110,2024-01-11 14:44:00,2024-01-11 15:34:00,3.76,409,Delhi
4111,2024-01-04 05:12:00,2024-01-04 05:47:00,2.03,125,Chennai
4112,2024-01-21 06:44:00,2024-01-21 07:15:00,4.51,208,Bangalore
4113,2024-01-30 01:27:00,2024-01-30 02:13:00,6.91,181,Chennai
4114,2024-01-11 13:27:00,2024-01-11 14:21:00,3.97,322,Mumbai
4115,2024-01-08 17:21:00,2024-01-08 17:54:00,1.13,386,Hyderabad
4116,2024-01-24 16:04:00,2024-01-24 16:37:00,5.15,270,Delhi
4117,2024-01-23 19:10:00,2024-01-23 20:17:00,6.52,446,Delhi
4118,2024-01-07 08:21:00,2024-01-07 08:47:00,2.53,126,Delhi
4119,2024-01-19 09:15:00,2024-01-19 09:54:00,8.03,280,Chennai
4120,2024-01-30 01:59:00,2024-01-30 02:38:00,6.35,210,Hyderabad
4121,2024-01-25 11:19:00,2024-01-25 12:08:00,8.89,310,Bangalore
4122,2024-01-20 16:04:00,2024-01-20 16:48:00,7.89,339,Bangalore
4123,2024-01-07 06:35:00,2024-01-07 07:18:00,5.67,122,Chennai
4124,2024-01-02 10:32:00,2024-01-02 11:08:00,6.26,217,Mumbai
4125,2024-01-16 02:27:00,2024-01-16 02:58:00,4.48,271,Bangalore
4126,2024-01-23 10:07:00,2024-01-23 10:55:00,8.94,411,Delhi
4127,2024-01-26 00:17:00,2024-01-26 00:44:00,1.7,253,Chennai
4128,2024-01-21 23:59:00,2024-01-22 00:30:00,1.6,410,Chennai
4129,2024-01-11 05:53:00,2024-01-11 06:42:00,8.43,444,Delhi
4130,2024-01-24 08:03:00,2024-01-24 08:45:00,6.31,426,Bangalore
4131,2024-01-20 07:07:00,2024-01-20 07:47:00,7.88,155,Delhi
4132,2024-01-19 03:38:00,2024-01-19 04:17:00,3.76,490,Bangalore
4133,2024-01-27 23:33:00,2024-01-28 00:14:00,7.92,411,Delhi
4134,2024-01-13 05:51:00,2024-01-13 06:42:00,9.19,217,Delhi
4135,2024-01-11 23:32:00,2024-01-12 00:18:00,8.73,118,Hyderabad
4136,2024-01-15 17:31:00,2024-01-15 18:05:00,3.73,223,Delhi
4137,2024-01-24 07:53:00,2024-01-24 08:31:00,5.43,235,Chennai
4138,2024-01-26 16:34:00,2024-01-26 17:07:00,1.7,246,Hyderabad
4139,2024-01-05 09:58:00,2024-01-05 10:41:00,5.52,366,Delhi
4140,2024-01-24 00:17:00,2024-01-24 00:55:00,2.77,451,Delhi
4141,2024-01-05 22:44:00,2024-01-05 23:52:00,8.98,309,Mumbai
4142,2024-01-18 02:11:00,2024-01-18 02:50:00,7.32,317,Delhi
4143,2024-01-07 02:58:00,2024-01-07 03:33:00,4.31,381,Chennai
4144,2024-01-01 12:41:00,2024-01-01 13:35:00,4.45,416,Bangalore
4145,2024-01-28 07:31:00,2024-01-28 07:58:00,2.92,344,Bangalore
4146,2024-01-19 16:20:00,2024-01-19 17:01:00,6.99,280,Delhi
4147,2024-01-31 20:21:00,2024-01-31 21:15:00,1.95,289,Delhi
4148,2024-01-17 19:37:00,2024-01-17 20:51:00,7.66,238,Delhi
4149,2024-01-26 06:25:00,2024-01-26 06:53:00,1.97,139,Delhi
4150,2024-01-02 21:07:00,2024-01-02 22:13:00,9.25,351,Bangalore
4151,2024-01-23 19:37:00,2024-01-23 20:45:00,5.03,203,Chennai
4152,2024-01-27 20:19:00,2024-01-27 21:22:00,3.51,119,Mumbai
4153,2024-01-08 11:00:00,2024-01-08 11:28:00,4.08,167,Delhi
4154,2024-01-08 03:00:00,2024-01-08 03:41:00,7.44,181,Delhi
4155,2024-01-14 05:29:00,2024-01-14 05:56:00,1.37,102,Mumbai
4156,2024-01-12 18:42:00,2024-01-12 19:32:00,8.5,319,Hyderabad
4157,2024-01-10 13:14:00,2024-01-10 14:05:00,9.56,208,Mumbai
4158,2024-01-31 01:01:00,2024-01-31 01:44:00,9.91,327,Chennai
4159,2024-01-01 09:15:00,2024-01-01 09:45:00,4.25,306,Mumbai
4160,2024-01-14 20:26:00,2024-01-14 21:31:00,9.48,362,Hyderabad
4161,2024-01-14 05:26:00,2024-01-14 06:18:00,9.65,162,Bangalore
4162,2024-01-14 17:49:00,2024-01-14 18:34:00,6.79,360,Bangalore
4163,2024-01-03 21:54:00,2024-01-03 22:53:00,9.04,210,Chennai
4164,2024-01-22 09:02:00,2024-01-22 09:47:00,8.28,359,Chennai
4165,2024-01-02 21:30:00,2024-01-02 22:14:00,2.45,370,Hyderabad
4166,2024-01-28 17:18:00,2024-01-28 17:50:00,3.3,324,Hyderabad
4167,2024-01-29 10:56:00,2024-01-29 11:35:00,4.08,243,Bangalore
4168,2024-01-24 21:24:00,2024-01-24 22:29:00,7.17,254,Chennai
4169,2024-01-12 06:44:00,2024-01-12 07:16:00,5.02,430,Chennai
4170,2024-01-18 22:51:00,2024-01-19 00:01:00,5.82,148,Chennai
4171,2024-01-23 18:23:00,2024-01-23 19:01:00,8.2,337,Delhi
4172,2024-01-13 18:34:00,2024-01-13 19:15:00,4.76,431,Chennai
4173,2024-01-14 11:46:00,2024-01-14 12:14:00,1.7,230,Delhi
4174,2024-01-04 15:24:00,2024-01-04 16:11:00,8.67,478,Bangalore
4175,2024-01-06 17:31:00,2024-01-06 18:03:00,5.06,209,Mumbai
4176,2024-01-02 20:59:00,2024-01-02 22:00:00,9.61,334,Chennai
4177,2024-01-03 03:32:00,2024-01-03 03:55:00,1.47,163,Mumbai
4178,2024-01-21 02:07:00,2024-01-21 02:48:00,8.36,142,Bangalore
4179,2024-01-12 20:16:00,2024-01-12 21:18:00,5.12,415,Chennai
4180,2024-01-31 07:50:00,2024-01-31 08:28:00,5.44,203,Hyderabad
4181,2024-01-17 10:24:00,2024-01-17 11:00:00,1.11,333,Hyderabad
4182,2024-01-13 22:59:00,2024-01-14 00:03:00,8.9,317,Chennai
4183,2024-01-10 09:03:00,2024-01-10 09:33:00,4.96,474,Mumbai
4184,2024-01-09 19:48:00,2024-01-09 20:46:00,1.72,194,Hyderabad
4185,2024-01-19 10:23:00,2024-01-19 11:09:00,8.05,483,Mumbai
4186,2024-01-28 10:50:00,2024-01-28 11:14:00,1.48,256,Delhi
4187,2024-01-11 13:20:00,2024-01-11 14:00:00,3.24,434,Hyderabad
4188,2024-01-30 10:04:00,2024-01-30 10:52:00,7.44,305,Delhi
4189,2024-01-19 13:54:00,2024-01-19 14:51:00,7.63,351,Delhi
4190,2024-01-02 03:44:00,2024-01-02 04:22:00,6.09,479,Hyderabad
4191,2024-01-09 15:08:00,2024-01-09 15:47:00,5.43,256,Chennai
4192,2024-01-30 23:53:00,2024-01-31 00:29:00,7.31,364,Bangalore
4193,2024-01-29 23:56:00,2024-01-30 00:37:00,8.95,125,Chennai
4194,2024-01-31 18:59:00,2024-01-31 19:30:00,3.88,302,Delhi
4195,2024-01-25 12:57:00,2024-01-25 13:57:00,6.52,434,Bangalore
4196,2024-01-01 00:47:00,2024-01-01 01:33:00,7.28,332,Chennai
4197,2024-01-11 19:16:00,2024-01-11 20:18:00,6.5,152,Hyderabad
4198,2024-01-13 14:44:00,2024-01-13 15:34:00,2.77,364,Delhi
4199,2024-01-28 20:27:00,2024-01-28 21:23:00,3.53,301,Bangalore
4200,2024-01-06 20:36:00,2024-01-06 21:42:00,9.86,115,Mumbai
4201,2024-01-27 07:03:00,2024-01-27 07:27:00,1.57,244,Chennai
4202,2024-01-21 21:20:00,2024-01-21 22:32:00,8.09,482,Chennai
4203,2024-01-28 09:32:00,2024-01-28 10:09:00,5.68,144,Chennai
4204,2024-01-08 07:09:00,2024-01-08 07:48:00,7.41,206,Chennai
4205,2024-01-04 02:42:00,2024-01-04 03:16:00,1.72,326,Mumbai
4206,2024-01-11 16:00:00,2024-01-11 16:44:00,5.29,408,Mumbai
4207,2024-01-22 17:27:00,2024-01-22 18:18:00,8.82,358,Delhi
4208,2024-01-22 22:17:00,2024-01-22 23:15:00,5.52,156,Bangalore
4209,2024-01-12 08:28:00,2024-01-12 09:08:00,8.57,454,Hyderabad
4210,2024-01-04 19:00:00,2024-01-04 20:10:00,5.99,474,Chennai
4211,2024-01-17 08:38:00,2024-01-17 09:26:00,8.32,183,Delhi
4212,2024-01-06 04:59:00,2024-01-06 05:51:00,9.61,491,Mumbai
4213,2024-01-20 00:38:00,2024-01-20 01:15:00,2.97,260,Chennai
4214,2024-01-16 04:15:00,2024-01-16 04:56:00,4.52,297,Delhi
4215,2024-01-30 05:49:00,2024-01-30 06:29:00,6.28,300,Mumbai
4216,2024-01-04 16:33:00,2024-01-04 17:07:00,3.05,399,Chennai
4217,2024-01-29 17:40:00,2024-01-29 18:14:00,3.95,423,Chennai
4218,2024-01-27 23:48:00,2024-01-28 00:25:00,2.41,201,Delhi
4219,2024-01-11 01:42:00,2024-01-11 02:09:00,3.26,199,Hyderabad
4220,2024-01-14 05:10:00,2024-01-14 05:39:00,4.38,265,Hyderabad
4221,2024-01-09 16:26:00,2024-01-09 17:01:00,2.11,289,Delhi
4222,2024-01-04 08:18:00,2024-01-04 09:04:00,7.97,419,Chennai
4223,2024-01-13 18:54:00,2024-01-13 19:29:00,6.07,145,Bangalore
4224,2024-01-10 05:42:00,2024-01-10 06:10:00,2.64,107,Chennai
4225,2024-01-16 09:27:00,2024-01-16 10:02:00,4.89,124,Chennai
4226,2024-01-12 06:47:00,2024-01-12 07:27:00,9.51,374,Delhi
4227,2024-01-16 08:33:00,2024-01-16 09:00:00,2.4,273,Chennai
4228,2024-01-29 14:50:00,2024-01-29 15:47:00,6.84,195,Chennai
4229,2024-01-25 12:55:00,2024-01-25 13:57:00,9.09,407,Chennai
4230,2024-01-03 16:04:00,2024-01-03 16:56:00,9.74,119,Chennai
4231,2024-01-23 21:24:00,2024-01-23 22:29:00,7.79,449,Delhi
4232,2024-01-26 21:50:00,2024-01-26 22:34:00,2.23,379,Chennai
4233,2024-01-14 00:38:00,2024-01-14 01:19:00,7.24,298,Chennai
4234,2024-01-13 23:35:00,2024-01-14 00:12:00,6.92,323,Bangalore
4235,2024-01-04 12:31:00,2024-01-04 13:23:00,5.53,139,Chennai
4236,2024-01-02 22:32:00,2024-01-02 23:43:00,9.73,245,Bangalore
4237,2024-01-13 22:51:00,2024-01-13 23:51:00,1.03,259,Delhi
4238,2024-01-27 18:55:00,2024-01-27 19:32:00,6.84,280,Mumbai
4239,2024-01-14 22:48:00,2024-01-14 23:45:00,1.9,379,Mumbai
4240,2024-01-25 22:57:00,2024-01-26 00:02:00,3.09,151,Hyderabad
4241,2024-01-09 04:51:00,2024-01-09 05:30:00,5.55,108,Mumbai
4242,2024-01-15 05:59:00,2024-01-15 06:38:00,5.5,485,Chennai
4243,2024-01-08 18:33:00,2024-01-08 19:14:00,8.42,180,Chennai
4244,2024-01-12 14:39:00,2024-01-12 15:18:00,1.29,456,Mumbai
4245,2024-01-23 14:01:00,2024-01-23 14:51:00,6.66,425,Bangalore
4246,2024-01-31 13:24:00,2024-01-31 14:07:00,4.42,336,Chennai
4247,2024-01-06 16:45:00,2024-01-06 17:25:00,5.35,248,Hyderabad
4248,2024-01-04 23:33:00,2024-01-05 00:11:00,6.36,200,Hyderabad
4249,2024-01-21 16:27:00,2024-01-21 17:13:00,8.74,289,Bangalore
4250,2024-01-14 19:45:00,2024-01-14 20:48:00,8.19,324,Hyderabad
4251,2024-01-08 17:20:00,2024-01-08 17:47:00,3.58,463,Chennai
4252,2024-01-14 07:21:00,2024-01-14 07:44:00,1.64,385,Bangalore
4253,2024-01-31 08:07:00,2024-01-31 08:45:00,8.85,152,Bangalore
4254,2024-01-18 08:04:00,2024-01-18 08:56:00,9.0,485,Bangalore
4255,2024-01-26 07:58:00,2024-01-26 08:38:00,7.28,362,Hyderabad
4256,2024-01-27 01:29:00,2024-01-27 02:02:00,3.87,110,Chennai
4257,2024-01-07 08:03:00,2024-01-07 08:44:00,4.71,158,Delhi
4258,2024-01-15 15:08:00,2024-01-15 15:51:00,5.88,345,Chennai
4259,2024-01-22 12:49:00,2024-01-22 13:53:00,8.86,315,Bangalore
4260,2024-01-23 13:46:00,2024-01-23 14:34:00,2.99,132,Mumbai
4261,2024-01-29 05:05:00,2024-01-29 05:47:00,9.93,416,Chennai
4262,2024-01-28 19:00:00,2024-01-28 20:12:00,9.92,390,Chennai
4263,2024-01-22 06:02:00,2024-01-22 06:42:00,8.08,459,Delhi
4264,2024-01-17 18:08:00,2024-01-17 18:31:00,1.44,329,Bangalore
4265,2024-01-30 16:17:00,2024-01-30 16:47:00,3.59,255,Bangalore
4266,2024-01-26 07:29:00,2024-01-26 08:04:00,6.53,259,Delhi
4267,2024-01-05 22:04:00,2024-01-05 23:05:00,5.46,442,Hyderabad
4268,2024-01-08 13:57:00,2024-01-08 14:50:00,2.81,348,Delhi
4269,2024-01-12 22:28:00,2024-01-12 23:32:00,9.51,301,Delhi
4270,2024-01-29 17:52:00,2024-01-29 18:29:00,7.22,281,Hyderabad
4271,2024-01-20 02:04:00,2024-01-20 02:44:00,3.76,175,Mumbai
4272,2024-01-04 09:09:00,2024-01-04 09:51:00,5.96,186,Mumbai
4273,2024-01-30 20:57:00,2024-01-30 22:01:00,2.72,336,Delhi
4274,2024-01-30 13:07:00,2024-01-30 14:01:00,3.77,173,Delhi
4275,2024-01-24 18:28:00,2024-01-24 19:12:00,7.59,295,Chennai
4276,2024-01-21 16:26:00,2024-01-21 17:09:00,6.25,271,Hyderabad
4277,2024-01-20 07:24:00,2024-01-20 08:00:00,5.29,127,Chennai
4278,2024-01-04 17:29:00,2024-01-04 18:15:00,9.74,207,Mumbai
4279,2024-01-26 17:45:00,2024-01-26 18:25:00,7.7,353,Bangalore
4280,2024-01-23 05:32:00,2024-01-23 06:11:00,3.46,277,Bangalore
4281,2024-01-06 14:20:00,2024-01-06 15:06:00,6.76,130,Bangalore
4282,2024-01-26 06:28:00,2024-01-26 07:17:00,8.99,320,Hyderabad
4283,2024-01-09 04:57:00,2024-01-09 05:50:00,9.69,481,Delhi
4284,2024-01-10 02:11:00,2024-01-10 02:50:00,3.02,293,Delhi
4285,2024-01-18 03:50:00,2024-01-18 04:26:00,8.46,381,Bangalore
4286,2024-01-29 07:39:00,2024-01-29 08:11:00,6.48,142,Delhi
4287,2024-01-01 06:44:00,2024-01-01 07:21:00,5.1,183,Hyderabad
4288,2024-01-02 23:20:00,2024-01-02 23:48:00,2.9,230,Delhi
4289,2024-01-05 15:50:00,2024-01-05 16:36:00,9.32,217,Bangalore
4290,2024-01-03 14:39:00,2024-01-03 15:15:00,1.18,409,Bangalore
4291,2024-01-14 02:38:00,2024-01-14 03:06:00,3.74,202,Hyderabad
4292,2024-01-11 18:13:00,2024-01-11 18:59:00,7.98,225,Delhi
4293,2024-01-11 13:49:00,2024-01-11 14:38:00,2.05,432,Chennai
4294,2024-01-30 08:35:00,2024-01-30 09:11:00,6.26,238,Mumbai
4295,2024-01-13 07:54:00,2024-01-13 08:18:00,1.44,130,Hyderabad
4296,2024-01-07 11:53:00,2024-01-07 12:19:00,2.41,370,Chennai
4297,2024-01-12 00:49:00,2024-01-12 01:30:00,4.03,108,Hyderabad
4298,2024-01-12 03:27:00,2024-01-12 04:20:00,9.72,392,Bangalore
4299,2024-01-04 06:24:00,2024-01-04 07:09:00,9.96,352,Hyderabad
4300,2024-01-31 19:23:00,2024-01-31 20:16:00,2.76,267,Delhi
4301,2024-01-11 01:05:00,2024-01-11 01:38:00,4.01,227,Bangalore
4302,2024-01-05 10:00:00,2024-01-05 10:38:00,7.68,113,Bangalore
4303,2024-01-06 00:01:00,2024-01-06 00:39:00,6.62,381,Bangalore
4304,2024-01-04 16:01:00,2024-01-04 16:43:00,5.8,102,Delhi
4305,2024-01-06 23:44:00,2024-01-07 00:23:00,3.84,475,Mumbai
4306,2024-01-16 03:47:00,2024-01-16 04:36:00,9.22,265,Delhi
4307,2024-01-17 04:54:00,2024-01-17 05:32:00,3.63,306,Delhi
4308,2024-01-28 09:42:00,2024-01-28 10:13:00,5.65,395,Hyderabad
4309,2024-01-05 07:48:00,2024-01-05 08:30:00,6.62,477,Chennai
4310,2024-01-04 11:31:00,2024-01-04 12:08:00,2.35,490,Bangalore
4311,2024-01-30 05:58:00,2024-01-30 06:42:00,7.03,366,Bangalore
4312,2024-01-05 18:57:00,2024-01-05 19:19:00,1.39,269,Delhi
4313,2024-01-23 12:57:00,2024-01-23 13:48:00,6.2,327,Bangalore
4314,2024-01-12 21:55:00,2024-01-12 22:55:00,4.82,299,Hyderabad
4315,2024-01-23 05:30:00,2024-01-23 06:03:00,6.34,218,Chennai
4316,2024-01-01 11:42:00,2024-01-01 12:18:00,1.54,431,Hyderabad
4317,2024-01-29 12:11:00,2024-01-29 12:54:00,5.96,113,Mumbai
4318,2024-01-22 21:51:00,2024-01-22 23:02:00,9.02,480,Bangalore
4319,2024-01-15 18:24:00,2024-01-15 19:15:00,8.8,241,Delhi
4320,2024-01-04 22:51:00,2024-01-04 23:59:00,7.43,124,Chennai
4321,2024-01-29 07:38:00,2024-01-29 08:11:00,4.0,115,Delhi
4322,2024-01-30 18:24:00,2024-01-30 19:07:00,7.24,221,Bangalore
4323,2024-01-22 02:19:00,2024-01-22 02:54:00,3.9,148,Chennai
4324,2024-01-26 03:03:00,2024-01-26 03:39:00,5.62,264,Hyderabad
4325,2024-01-14 11:52:00,2024-01-14 12:38:00,6.03,475,Mumbai
4326,2024-01-17 10:20:00,2024-01-17 10:59:00,9.24,409,Chennai
4327,2024-01-17 07:01:00,2024-01-17 07:33:00,5.28,479,Chennai
4328,2024-01-05 08:37:00,2024-01-05 09:18:00,7.43,463,Mumbai
4329,2024-01-26 03:11:00,2024-01-26 03:40:00,1.35,185,Chennai
4330,2024-01-03 23:53:00,2024-01-04 00:34:00,3.87,493,Mumbai
4331,2024-01-30 22:35:00,2024-01-30 23:30:00,5.76,289,Mumbai
4332,2024-01-08 09:50:00,2024-01-08 10:28:00,6.84,142,Chennai
4333,2024-01-09 01:27:00,2024-01-09 01:57:00,1.8,246,Bangalore
4334,2024-01-01 09:17:00,2024-01-01 09:41:00,2.4,111,Hyderabad
4335,2024-01-26 03:39:00,2024-01-26 04:22:00,5.32,267,Hyderabad
4336,2024-01-12 23:38:00,2024-01-13 00:17:00,3.76,221,Mumbai
4337,2024-01-15 00:38:00,2024-01-15 01:21:00,9.58,121,Bangalore
4338,2024-01-04 08:42:00,2024-01-04 09:14:00,2.61,162,Mumbai
4339,2024-01-13 14:54:00,2024-01-13 15:42:00,4.34,172,Delhi
4340,2024-01-09 05:45:00,2024-01-09 06:23:00,3.68,448,Delhi
4341,2024-01-11 15:09:00,2024-01-11 15:46:00,8.33,137,Bangalore
4342,2024-01-03 20:22:00,2024-01-03 21:31:00,5.7,271,Bangalore
4343,2024-01-20 11:53:00,2024-01-20 12:29:00,6.43,380,Delhi
4344,2024-01-18 18:28:00,2024-01-18 19:07:00,5.81,175,Chennai
4345,2024-01-05 17:30:00,2024-01-05 18:16:00,8.5,319,Chennai
4346,2024-01-11 14:09:00,2024-01-11 14:55:00,5.12,446,Delhi
4347,2024-01-22 17:59:00,2024-01-22 18:38:00,7.99,386,Chennai
4348,2024-01-22 06:05:00,2024-01-22 06:42:00,3.92,359,Delhi
4349,2024-01-01 18:04:00,2024-01-01 18:38:00,2.59,130,Hyderabad
4350,2024-01-30 01:09:00,2024-01-30 01:53:00,9.99,439,Chennai
4351,2024-01-26 17:08:00,2024-01-26 17:55:00,8.87,297,Mumbai
4352,2024-01-18 00:00:00,2024-01-18 00:34:00,7.2,286,Bangalore
4353,2024-01-08 20:14:00,2024-01-08 20:57:00,1.6,203,Hyderabad
4354,2024-01-07 20:20:00,2024-01-07 21:31:00,9.28,352,Chennai
4355,2024-01-01 11:17:00,2024-01-01 11:52:00,6.28,261,Bangalore
4356,2024-01-27 21:31:00,2024-01-27 22:36:00,5.8,249,Hyderabad
4357,2024-01-20 22:47:00,2024-01-20 23:53:00,6.93,451,Chennai
4358,2024-01-02 04:12:00,2024-01-02 04:49:00,3.21,212,Hyderabad
4359,2024-01-11 02:46:00,2024-01-11 03:21:00,6.7,214,Mumbai
4360,2024-01-29 11:58:00,2024-01-29 12:42:00,6.98,153,Delhi
4361,2024-01-17 20:46:00,2024-01-17 21:39:00,2.79,479,Chennai
4362,2024-01-23 09:55:00,2024-01-23 10:36:00,8.8,401,Bangalore
4363,2024-01-29 02:00:00,2024-01-29 02:33:00,6.93,475,Hyderabad
4364,2024-01-03 23:48:00,2024-01-04 00:29:00,7.74,133,Chennai
4365,2024-01-24 14:20:00,2024-01-24 15:07:00,3.14,107,Chennai
4366,2024-01-14 19:53:00,2024-01-14 20:50:00,7.06,236,Bangalore
4367,2024-01-02 19:11:00,2024-01-02 20:11:00,4.95,112,Mumbai
4368,2024-01-12 08:44:00,2024-01-12 09:20:00,2.91,425,Chennai
4369,2024-01-17 12:43:00,2024-01-17 13:25:00,4.77,414,Chennai
4370,2024-01-03 16:00:00,2024-01-03 16:38:00,8.82,491,Chennai
4371,2024-01-18 00:24:00,2024-01-18 01:03:00,5.98,258,Delhi
4372,2024-01-16 07:38:00,2024-01-16 08:13:00,2.74,261,Chennai
4373,2024-01-16 05:59:00,2024-01-16 06:40:00,9.79,248,Bangalore
4374,2024-01-10 13:57:00,2024-01-10 14:48:00,9.78,218,Hyderabad
4375,2024-01-26 04:07:00,2024-01-26 04:33:00,3.18,252,Hyderabad
4376,2024-01-16 07:03:00,2024-01-16 07:45:00,9.24,460,Hyderabad
4377,2024-01-21 23:52:00,2024-01-22 00:31:00,8.49,155,Mumbai
4378,2024-01-11 11:44:00,2024-01-11 12:20:00,2.07,417,Hyderabad
4379,2024-01-01 00:08:00,2024-01-01 00:33:00,1.32,166,Mumbai
4380,2024-01-08 14:24:00,2024-01-08 14:59:00,1.39,292,Delhi
4381,2024-01-27 21:17:00,2024-01-27 22:20:00,9.48,405,Chennai
4382,2024-01-26 04:03:00,2024-01-26 04:28:00,2.26,438,Hyderabad
4383,2024-01-22 04:37:00,2024-01-22 05:10:00,5.27,175,Mumbai
4384,2024-01-26 20:40:00,2024-01-26 21:32:00,6.08,116,Delhi
4385,2024-01-06 10:44:00,2024-01-06 11:26:00,9.41,229,Mumbai
4386,2024-01-06 03:55:00,2024-01-06 04:34:00,3.95,113,Hyderabad
4387,2024-01-20 07:33:00,2024-01-20 08:04:00,1.51,203,Delhi
4388,2024-01-23 16:06:00,2024-01-23 16:39:00,2.85,192,Bangalore
4389,2024-01-12 02:55:00,2024-01-12 03:39:00,5.79,332,Chennai
4390,2024-01-16 02:45:00,2024-01-16 03:20:00,5.48,328,Delhi
4391,2024-01-30 01:08:00,2024-01-30 01:43:00,4.53,364,Hyderabad
4392,2024-01-24 11:55:00,2024-01-24 12:27:00,3.74,216,Delhi
4393,2024-01-18 23:15:00,2024-01-18 23:45:00,3.73,163,Bangalore
4394,2024-01-17 09:27:00,2024-01-17 10:07:00,9.03,381,Mumbai
4395,2024-01-06 00:49:00,2024-01-06 01:19:00,2.09,394,Hyderabad
4396,2024-01-21 04:45:00,2024-01-21 05:30:00,8.85,490,Mumbai
4397,2024-01-08 09:12:00,2024-01-08 09:48:00,8.1,133,Hyderabad
4398,2024-01-08 07:49:00,2024-01-08 08:25:00,7.79,318,Bangalore
4399,2024-01-03 22:05:00,2024-01-03 22:56:00,5.68,334,Chennai
4400,2024-01-24 08:19:00,2024-01-24 08:58:00,4.81,400,Hyderabad
4401,2024-01-05 19:17:00,2024-01-05 20:21:00,8.4,203,Chennai
4402,2024-01-23 02:31:00,2024-01-23 03:06:00,7.13,389,Mumbai
4403,2024-01-12 00:59:00,2024-01-12 01:24:00,1.63,222,Mumbai
4404,2024-01-11 10:12:00,2024-01-11 10:59:00,7.62,355,Chennai
4405,2024-01-04 04:46:00,2024-01-04 05:15:00,2.27,225,Mumbai
4406,2024-01-03 14:00:00,2024-01-03 15:05:00,9.64,468,Chennai
4407,2024-01-23 18:18:00,2024-01-23 19:04:00,8.2,492,Delhi
4408,2024-01-16 12:54:00,2024-01-16 14:00:00,9.25,410,Hyderabad
4409,2024-01-03 09:25:00,2024-01-03 10:01:00,2.32,189,Delhi
4410,2024-01-17 03:54:00,2024-01-17 04:24:00,4.53,182,Mumbai
4411,2024-01-08 17:49:00,2024-01-08 18:17:00,3.0,121,Mumbai
4412,2024-01-23 23:17:00,2024-01-23 23:59:00,5.21,254,Hyderabad
4413,2024-01-13 10:30:00,2024-01-13 10:59:00,4.01,104,Delhi
4414,2024-01-30 07:26:00,2024-01-30 08:09:00,5.68,370,Bangalore
4415,2024-01-15 04:30:00,2024-01-15 05:14:00,9.36,297,Hyderabad
4416,2024-01-11 04:22:00,2024-01-11 05:08:00,7.52,177,Chennai
4417,2024-01-04 01:05:00,2024-01-04 01:43:00,3.29,404,Hyderabad
4418,2024-01-01 04:26:00,2024-01-01 05:04:00,3.33,227,Bangalore
4419,2024-01-27 18:09:00,2024-01-27 18:49:00,6.13,168,Bangalore
4420,2024-01-06 02:47:00,2024-01-06 03:21:00,5.11,185,Chennai
4421,2024-01-09 07:12:00,2024-01-09 07:57:00,8.28,468,Mumbai
4422,2024-01-10 12:23:00,2024-01-10 13:23:00,9.26,302,Hyderabad
4423,2024-01-27 03:39:00,2024-01-27 04:05:00,1.27,432,Chennai
4424,2024-01-27 03:08:00,2024-01-27 03:46:00,9.32,116,Mumbai
4425,2024-01-25 23:32:00,2024-01-26 00:10:00,3.51,332,Mumbai
4426,2024-01-20 15:17:00,2024-01-20 15:50:00,1.87,488,Mumbai
4427,2024-01-14 00:34:00,2024-01-14 01:15:00,6.89,453,Chennai
4428,2024-01-07 09:30:00,2024-01-07 10:14:00,5.17,199,Mumbai
4429,2024-01-11 02:18:00,2024-01-11 03:05:00,7.42,425,Bangalore
4430,2024-01-28 02:33:00,2024-01-28 03:14:00,7.96,473,Delhi
4431,2024-01-31 23:02:00,2024-01-31 23:42:00,5.53,157,Delhi
4432,2024-01-24 00:39:00,2024-01-24 01:08:00,2.17,285,Mumbai
4433,2024-01-16 09:54:00,2024-01-16 10:25:00,4.67,296,Chennai
4434,2024-01-30 17:48:00,2024-01-30 18:34:00,8.33,280,Mumbai
4435,2024-01-10 07:28:00,2024-01-10 07:55:00,2.1,311,Chennai
4436,2024-01-01 01:12:00,2024-01-01 01:39:00,2.58,459,Bangalore
4437,2024-01-21 13:37:00,2024-01-21 14:14:00,2.9,288,Chennai
4438,2024-01-31 04:07:00,2024-01-31 04:42:00,3.68,187,Bangalore
4439,2024-01-09 08:01:00,2024-01-09 08:45:00,5.67,112,Delhi
4440,2024-01-30 22:16:00,2024-01-30 23:13:00,5.95,465,Hyderabad
4441,2024-01-10 11:21:00,2024-01-10 11:59:00,4.87,141,Chennai
4442,2024-01-01 10:05:00,2024-01-01 10:40:00,3.81,122,Mumbai
4443,2024-01-20 23:11:00,2024-01-20 23:46:00,3.17,332,Delhi
4444,2024-01-18 19:27:00,2024-01-18 20:28:00,9.85,476,Hyderabad
4445,2024-01-23 12:39:00,2024-01-23 13:24:00,1.3,465,Delhi
4446,2024-01-12 17:30:00,2024-01-12 17:58:00,3.02,276,Bangalore
4447,2024-01-23 22:22:00,2024-01-23 23:18:00,1.92,107,Mumbai
4448,2024-01-26 19:16:00,2024-01-26 20:24:00,7.86,480,Delhi
4449,2024-01-13 10:07:00,2024-01-13 10:45:00,8.18,422,Delhi
4450,2024-01-07 07:27:00,2024-01-07 08:14:00,8.01,292,Delhi
4451,2024-01-06 07:26:00,2024-01-06 08:05:00,9.54,472,Hyderabad
4452,2024-01-15 21:28:00,2024-01-15 22:12:00,1.99,351,Bangalore
4453,2024-01-22 03:33:00,2024-01-22 04:17:00,8.5,210,Hyderabad
4454,2024-01-08 23:25:00,2024-01-08 23:56:00,1.33,267,Delhi
4455,2024-01-21 12:32:00,2024-01-21 13:19:00,7.51,251,Delhi
4456,2024-01-22 06:34:00,2024-01-22 07:03:00,2.23,240,Chennai
4457,2024-01-23 13:15:00,2024-01-23 13:52:00,3.06,224,Chennai
4458,2024-01-13 19:07:00,2024-01-13 20:09:00,7.35,155,Delhi
4459,2024-01-13 05:57:00,2024-01-13 06:44:00,6.58,440,Mumbai
4460,2024-01-01 15:15:00,2024-01-01 15:48:00,4.33,324,Chennai
4461,2024-01-12 14:19:00,2024-01-12 15:03:00,4.58,174,Delhi
4462,2024-01-29 15:22:00,2024-01-29 15:57:00,2.99,442,Bangalore
4463,2024-01-22 21:13:00,2024-01-22 22:18:00,7.58,345,Delhi
4464,2024-01-06 13:31:00,2024-01-06 14:26:00,8.75,444,Bangalore
4465,2024-01-30 18:43:00,2024-01-30 19:20:00,6.15,135,Mumbai
4466,2024-01-29 15:12:00,2024-01-29 15:47:00,2.94,359,Chennai
4467,2024-01-20 04:45:00,2024-01-20 05:19:00,5.44,117,Bangalore
4468,2024-01-17 14:51:00,2024-01-17 15:55:00,7.76,489,Mumbai
4469,2024-01-22 01:30:00,2024-01-22 02:06:00,1.39,182,Chennai
4470,2024-01-30 17:56:00,2024-01-30 18:34:00,9.38,198,Chennai
4471,2024-01-05 05:31:00,2024-01-05 05:56:00,1.03,477,Mumbai
4472,2024-01-13 05:22:00,2024-01-13 06:04:00,7.83,280,Bangalore
4473,2024-01-05 04:25:00,2024-01-05 04:54:00,1.32,319,Delhi
4474,2024-01-04 04:45:00,2024-01-04 05:28:00,7.84,494,Bangalore
4475,2024-01-01 22:31:00,2024-01-01 23:29:00,8.13,252,Chennai
4476,2024-01-11 23:45:00,2024-01-12 00:24:00,5.14,227,Bangalore
4477,2024-01-22 20:23:00,2024-01-22 21:09:00,1.84,381,Delhi
4478,2024-01-11 10:17:00,2024-01-11 10:51:00,5.97,362,Bangalore
4479,2024-01-22 07:40:00,2024-01-22 08:06:00,3.18,364,Delhi
4480,2024-01-15 05:09:00,2024-01-15 05:45:00,1.92,119,Bangalore
4481,2024-01-31 05:09:00,2024-01-31 05:41:00,4.06,492,Bangalore
4482,2024-01-09 07:55:00,2024-01-09 08:36:00,8.32,471,Mumbai
4483,2024-01-21 06:02:00,2024-01-21 06:42:00,9.35,455,Chennai
4484,2024-01-23 21:10:00,2024-01-23 22:07:00,5.5,481,Bangalore
4485,2024-01-18 12:54:00,2024-01-18 13:58:00,7.64,178,Chennai
4486,2024-01-31 19:54:00,2024-01-31 20:46:00,3.0,111,Hyderabad
4487,2024-01-04 16:20:00,2024-01-04 16:55:00,7.73,353,Delhi
4488,2024-01-03 16:03:00,2024-01-03 16:47:00,8.95,391,Chennai
4489,2024-01-08 13:40:00,2024-01-08 14:32:00,7.13,282,Hyderabad
4490,2024-01-14 08:37:00,2024-01-14 09:16:00,4.0,125,Delhi
4491,2024-01-17 09:08:00,2024-01-17 09:49:00,8.8,304,Bangalore
4492,2024-01-20 12:53:00,2024-01-20 13:45:00,7.42,216,Mumbai
4493,2024-01-07 17:20:00,2024-01-07 17:53:00,1.26,327,Mumbai
4494,2024-01-17 03:16:00,2024-01-17 03:57:00,4.18,125,Bangalore
4495,2024-01-07 19:33:00,2024-01-07 20:38:00,9.64,369,Bangalore
4496,2024-01-30 16:16:00,2024-01-30 16:45:00,1.32,479,Mumbai
4497,2024-01-31 09:20:00,2024-01-31 09:56:00,2.31,157,Delhi
4498,2024-01-27 10:58:00,2024-01-27 11:25:00,1.15,496,Chennai
4499,2024-01-22 15:22:00,2024-01-22 15:55:00,6.31,395,Delhi
4500,2024-01-09 03:31:00,2024-01-09 04:17:00,7.98,294,Bangalore
4501,2024-01-12 01:55:00,2024-01-12 02:25:00,3.82,172,Mumbai
4502,2024-01-20 13:26:00,2024-01-20 14:06:00,1.04,351,Mumbai
4503,2024-01-16 15:19:00,2024-01-16 15:51:00,1.41,481,Bangalore
4504,2024-01-01 01:42:00,2024-01-01 02:33:00,9.84,332,Delhi
4505,2024-01-09 08:48:00,2024-01-09 09:24:00,1.54,232,Mumbai
4506,2024-01-22 10:40:00,2024-01-22 11:10:00,2.53,324,Mumbai
4507,2024-01-08 18:00:00,2024-01-08 18:47:00,7.19,124,Hyderabad
4508,2024-01-25 19:02:00,2024-01-25 20:09:00,9.1,432,Hyderabad
4509,2024-01-02 03:32:00,2024-01-02 04:08:00,3.89,379,Hyderabad
4510,2024-01-31 13:36:00,2024-01-31 14:27:00,8.22,281,Chennai
4511,2024-01-03 23:12:00,2024-01-03 23:53:00,8.96,316,Mumbai
4512,2024-01-08 14:54:00,2024-01-08 15:36:00,3.57,343,Chennai
4513,2024-01-22 16:13:00,2024-01-22 16:56:00,5.56,427,Chennai
4514,2024-01-24 02:39:00,2024-01-24 03:18:00,4.57,210,Mumbai
4515,2024-01-10 07:33:00,2024-01-10 08:19:00,8.53,114,Bangalore
4516,2024-01-30 11:31:00,2024-01-30 12:17:00,7.36,169,Hyderabad
4517,2024-01-31 14:25:00,2024-01-31 15:16:00,8.72,163,Hyderabad
4518,2024-01-15 09:03:00,2024-01-15 09:53:00,9.11,255,Chennai
4519,2024-01-28 12:27:00,2024-01-28 13:22:00,4.75,392,Mumbai
4520,2024-01-09 15:38:00,2024-01-09 16:11:00,3.18,465,Hyderabad
4521,2024-01-18 00:24:00,2024-01-18 00:55:00,3.43,497,Bangalore
4522,2024-01-12 22:42:00,2024-01-12 23:32:00,3.0,324,Hyderabad
4523,2024-01-31 15:20:00,2024-01-31 16:01:00,9.59,161,Hyderabad
4524,2024-01-02 21:08:00,2024-01-02 22:19:00,6.62,347,Bangalore
4525,2024-01-04 21:05:00,2024-01-04 22:11:00,7.92,136,Bangalore
4526,2024-01-26 15:58:00,2024-01-26 16:42:00,8.66,258,Hyderabad
4527,2024-01-11 10:16:00,2024-01-11 10:54:00,4.62,430,Mumbai
4528,2024-01-23 09:06:00,2024-01-23 09:49:00,9.39,250,Delhi
4529,2024-01-27 21:14:00,2024-01-27 22:20:00,4.33,109,Bangalore
4530,2024-01-30 14:48:00,2024-01-30 15:51:00,7.57,490,Bangalore
4531,2024-01-19 23:25:00,2024-01-20 00:01:00,4.58,403,Bangalore
4532,2024-01-13 19:33:00,2024-01-13 20:27:00,2.29,211,Hyderabad
4533,2024-01-17 08:09:00,2024-01-17 08:41:00,3.88,438,Delhi
4534,2024-01-06 07:35:00,2024-01-06 08:08:00,1.31,355,Hyderabad
4535,2024-01-22 14:21:00,2024-01-22 15:06:00,3.64,281,Chennai
4536,2024-01-08 18:17:00,2024-01-08 18:59:00,7.06,347,Hyderabad
4537,2024-01-27 22:20:00,2024-01-27 23:25:00,7.4,281,Delhi
4538,2024-01-02 09:54:00,2024-01-02 10:33:00,9.42,463,Bangalore
4539,2024-01-21 05:26:00,2024-01-21 06:02:00,7.03,495,Hyderabad
4540,2024-01-08 05:15:00,2024-01-08 05:52:00,2.34,309,Mumbai
4541,2024-01-11 16:44:00,2024-01-11 17:15:00,1.18,234,Mumbai
4542,2024-01-22 21:14:00,2024-01-22 22:20:00,7.67,316,Delhi
4543,2024-01-21 10:53:00,2024-01-21 11:27:00,6.28,273,Mumbai
4544,2024-01-23 01:27:00,2024-01-23 01:55:00,1.87,254,Bangalore
4545,2024-01-22 11:15:00,2024-01-22 11:44:00,4.76,351,Hyderabad
4546,2024-01-16 02:39:00,2024-01-16 03:27:00,9.05,404,Mumbai
4547,2024-01-21 17:39:00,2024-01-21 18:10:00,1.39,372,Hyderabad
4548,2024-01-06 04:07:00,2024-01-06 04:46:00,4.55,154,Mumbai
4549,2024-01-24 01:47:00,2024-01-24 02:24:00,7.62,138,Hyderabad
4550,2024-01-02 20:43:00,2024-01-02 21:45:00,2.01,455,Chennai
4551,2024-01-31 22:40:00,2024-01-31 23:36:00,7.01,470,Chennai
4552,2024-01-17 17:13:00,2024-01-17 18:01:00,9.79,375,Mumbai
4553,2024-01-17 19:13:00,2024-01-17 19:58:00,2.03,287,Delhi
4554,2024-01-19 12:40:00,2024-01-19 13:19:00,4.36,198,Chennai
4555,2024-01-23 05:48:00,2024-01-23 06:23:00,1.49,314,Mumbai
4556,2024-01-12 21:41:00,2024-01-12 22:43:00,6.31,285,Chennai
4557,2024-01-06 17:18:00,2024-01-06 18:07:00,8.64,286,Hyderabad
4558,2024-01-30 16:17:00,2024-01-30 16:55:00,9.17,223,Hyderabad
4559,2024-01-01 04:55:00,2024-01-01 05:25:00,4.1,306,Bangalore
4560,2024-01-15 00:02:00,2024-01-15 00:37:00,2.1,245,Hyderabad
4561,2024-01-05 21:00:00,2024-01-05 22:01:00,9.74,161,Bangalore
4562,2024-01-26 14:25:00,2024-01-26 15:16:00,8.16,428,Mumbai
4563,2024-01-19 00:25:00,2024-01-19 00:56:00,3.42,363,Bangalore
4564,2024-01-16 17:19:00,2024-01-16 17:54:00,1.43,113,Chennai
4565,2024-01-21 17:34:00,2024-01-21 18:12:00,4.52,329,Hyderabad
4566,2024-01-20 15:39:00,2024-01-20 16:11:00,2.12,342,Hyderabad
4567,2024-01-06 19:41:00,2024-01-06 20:41:00,5.79,370,Hyderabad
4568,2024-01-07 19:01:00,2024-01-07 19:47:00,2.75,404,Mumbai
4569,2024-01-24 10:09:00,2024-01-24 10:37:00,3.51,219,Mumbai
4570,2024-01-18 10:25:00,2024-01-18 11:04:00,2.84,364,Delhi
4571,2024-01-16 14:05:00,2024-01-16 15:11:00,9.68,436,Hyderabad
4572,2024-01-28 09:35:00,2024-01-28 10:05:00,2.21,271,Mumbai
4573,2024-01-17 20:46:00,2024-01-17 21:31:00,2.34,425,Hyderabad
4574,2024-01-06 01:54:00,2024-01-06 02:29:00,2.37,451,Chennai
4575,2024-01-18 04:39:00,2024-01-18 05:11:00,6.47,171,Delhi
4576,2024-01-21 09:53:00,2024-01-21 10:32:00,5.37,209,Hyderabad
4577,2024-01-31 04:43:00,2024-01-31 05:13:00,2.04,440,Hyderabad
4578,2024-01-09 19:43:00,2024-01-09 20:43:00,1.67,465,Chennai
4579,2024-01-02 13:50:00,2024-01-02 14:36:00,1.35,431,Delhi
4580,2024-01-16 06:04:00,2024-01-16 06:44:00,3.51,234,Bangalore
4581,2024-01-20 23:16:00,2024-01-21 00:05:00,8.31,369,Chennai
4582,2024-01-23 20:08:00,2024-01-23 21:05:00,4.9,181,Bangalore
4583,2024-01-12 03:43:00,2024-01-12 04:28:00,8.09,201,Hyderabad
4584,2024-01-16 12:17:00,2024-01-16 12:53:00,1.4,208,Bangalore
4585,2024-01-23 20:56:00,2024-01-23 21:57:00,6.5,102,Mumbai
4586,2024-01-02 08:23:00,2024-01-02 09:03:00,6.66,331,Mumbai
4587,2024-01-14 20:33:00,2024-01-14 21:27:00,5.33,325,Hyderabad
4588,2024-01-26 18:11:00,2024-01-26 18:44:00,5.71,392,Chennai
4589,2024-01-29 09:34:00,2024-01-29 10:04:00,2.84,315,Chennai
4590,2024-01-13 16:04:00,2024-01-13 16:41:00,3.0,141,Mumbai
4591,2024-01-01 16:56:00,2024-01-01 17:33:00,5.06,164,Hyderabad
4592,2024-01-20 06:01:00,2024-01-20 06:49:00,7.35,252,Delhi
4593,2024-01-06 02:14:00,2024-01-06 02:53:00,4.03,151,Delhi
4594,2024-01-28 23:35:00,2024-01-29 00:07:00,4.83,215,Bangalore
4595,2024-01-15 10:53:00,2024-01-15 11:21:00,4.17,493,Hyderabad
4596,2024-01-08 21:42:00,2024-01-08 22:48:00,4.3,411,Delhi
4597,2024-01-29 01:52:00,2024-01-29 02:21:00,1.96,297,Bangalore
4598,2024-01-25 23:23:00,2024-01-25 23:58:00,1.25,468,Mumbai
4599,2024-01-10 22:02:00,2024-01-10 23:18:00,9.45,142,Chennai
4600,2024-01-15 14:06:00,2024-01-15 14:41:00,2.47,443,Mumbai
4601,2024-01-18 18:51:00,2024-01-18 19:30:00,5.44,384,Delhi
4602,2024-01-02 21:36:00,2024-01-02 22:34:00,2.82,481,Mumbai
4603,2024-01-09 07:39:00,2024-01-09 08:15:00,8.04,154,Hyderabad
4604,2024-01-20 14:28:00,2024-01-20 15:21:00,3.34,176,Mumbai
4605,2024-01-18 21:51:00,2024-01-18 23:04:00,9.36,378,Mumbai
4606,2024-01-01 21:45:00,2024-01-01 22:36:00,4.82,321,Hyderabad
4607,2024-01-20 07:13:00,2024-01-20 07:58:00,8.12,208,Chennai
4608,2024-01-10 03:48:00,2024-01-10 04:25:00,7.79,250,Hyderabad
4609,2024-01-20 09:11:00,2024-01-20 09:49:00,6.64,113,Chennai
4610,2024-01-28 10:49:00,2024-01-28 11:17:00,1.61,187,Mumbai
4611,2024-01-15 02:05:00,2024-01-15 02:42:00,3.5,258,Mumbai
4612,2024-01-27 17:00:00,2024-01-27 17:23:00,1.79,433,Hyderabad
4613,2024-01-02 04:39:00,2024-01-02 05:10:00,4.8,226,Delhi
4614,2024-01-16 01:54:00,2024-01-16 02:35:00,7.88,265,Bangalore
4615,2024-01-09 07:57:00,2024-01-09 08:31:00,5.06,347,Chennai
4616,2024-01-30 01:40:00,2024-01-30 02:20:00,8.21,164,Mumbai
4617,2024-01-14 08:20:00,2024-01-14 09:11:00,9.46,206,Delhi
4618,2024-01-14 12:15:00,2024-01-14 12:58:00,6.51,382,Hyderabad
4619,2024-01-27 15:49:00,2024-01-27 16:36:00,9.3,156,Chennai
4620,2024-01-21 22:00:00,2024-01-21 22:48:00,1.12,402,Hyderabad
4621,2024-01-11 10:11:00,2024-01-11 11:03:00,9.84,296,Delhi
4622,2024-01-09 09:17:00,2024-01-09 09:59:00,9.66,127,Mumbai
4623,2024-01-10 14:26:00,2024-01-10 15:32:00,8.58,400,Chennai
4624,2024-01-11 13:07:00,2024-01-11 13:53:00,8.49,456,Chennai
4625,2024-01-12 02:13:00,2024-01-12 02:53:00,7.43,246,Chennai
4626,2024-01-04 01:27:00,2024-01-04 02:12:00,7.87,477,Chennai
4627,2024-01-31 08:56:00,2024-01-31 09:31:00,7.05,188,Mumbai
4628,2024-01-27 07:01:00,2024-01-27 07:47:00,9.16,122,Hyderabad
4629,2024-01-26 06:00:00,2024-01-26 06:39:00,6.23,321,Hyderabad
4630,2024-01-13 20:31:00,2024-01-13 21:38:00,6.4,171,Chennai
4631,2024-01-18 22:18:00,2024-01-18 23:05:00,2.72,116,Bangalore
4632,2024-01-11 21:00:00,2024-01-11 21:51:00,2.75,101,Delhi
4633,2024-01-23 16:39:00,2024-01-23 17:21:00,6.15,458,Chennai
4634,2024-01-14 04:46:00,2024-01-14 05:27:00,3.96,453,Delhi
4635,2024-01-15 01:23:00,2024-01-15 02:02:00,4.06,307,Bangalore
4636,2024-01-16 03:02:00,2024-01-16 03:36:00,1.17,129,Bangalore
4637,2024-01-15 01:30:00,2024-01-15 02:10:00,6.08,210,Delhi
4638,2024-01-09 18:26:00,2024-01-09 19:05:00,6.72,296,Bangalore
4639,2024-01-06 05:20:00,2024-01-06 05:54:00,3.96,464,Hyderabad
4640,2024-01-12 08:36:00,2024-01-12 09:24:00,7.1,137,Chennai
4641,2024-01-15 20:19:00,2024-01-15 21:22:00,2.28,130,Delhi
4642,2024-01-17 00:13:00,2024-01-17 00:51:00,2.17,296,Chennai
4643,2024-01-22 02:50:00,2024-01-22 03:31:00,4.41,305,Delhi
4644,2024-01-22 16:07:00,2024-01-22 16:50:00,9.29,282,Chennai
4645,2024-01-25 01:37:00,2024-01-25 02:09:00,3.79,313,Delhi
4646,2024-01-12 22:22:00,2024-01-12 23:25:00,4.08,422,Delhi
4647,2024-01-13 20:28:00,2024-01-13 21:17:00,2.94,495,Chennai
4648,2024-01-20 15:36:00,2024-01-20 16:17:00,7.38,396,Delhi
4649,2024-01-16 15:50:00,2024-01-16 16:27:00,2.57,380,Chennai
4650,2024-01-13 19:01:00,2024-01-13 20:06:00,8.13,387,Mumbai
4651,2024-01-26 09:54:00,2024-01-26 10:37:00,9.85,296,Mumbai
4652,2024-01-31 08:44:00,2024-01-31 09:19:00,7.55,285,Bangalore
4653,2024-01-18 10:16:00,2024-01-18 10:59:00,8.48,367,Delhi
4654,2024-01-10 15:23:00,2024-01-10 16:06:00,9.4,425,Bangalore
4655,2024-01-13 01:52:00,2024-01-13 02:21:00,4.75,275,Delhi
4656,2024-01-15 22:07:00,2024-01-15 23:07:00,6.13,397,Bangalore
4657,2024-01-17 07:28:00,2024-01-17 08:08:00,5.61,121,Delhi
4658,2024-01-09 19:14:00,2024-01-09 20:09:00,6.7,321,Mumbai
4659,2024-01-28 15:14:00,2024-01-28 15:38:00,1.03,185,Delhi
4660,2024-01-09 08:04:00,2024-01-09 08:40:00,6.56,391,Hyderabad
4661,2024-01-25 11:54:00,2024-01-25 12:42:00,8.9,379,Bangalore
4662,2024-01-13 12:54:00,2024-01-13 13:41:00,4.96,218,Bangalore
4663,2024-01-24 05:19:00,2024-01-24 05:57:00,6.5,292,Mumbai
4664,2024-01-01 09:20:00,2024-01-01 09:50:00,3.33,310,Delhi
4665,2024-01-20 09:40:00,2024-01-20 10:22:00,5.44,492,Bangalore
4666,2024-01-09 01:04:00,2024-01-09 01:44:00,5.59,274,Chennai
4667,2024-01-09 16:28:00,2024-01-09 17:05:00,4.27,244,Delhi
4668,2024-01-09 21:51:00,2024-01-09 23:00:00,6.17,334,Hyderabad
4669,2024-01-09 13:41:00,2024-01-09 14:31:00,6.73,157,Mumbai
4670,2024-01-19 18:21:00,2024-01-19 18:53:00,1.17,341,Delhi
4671,2024-01-17 14:01:00,2024-01-17 15:04:00,7.24,149,Mumbai
4672,2024-01-04 15:25:00,2024-01-04 15:54:00,3.55,121,Bangalore
4673,2024-01-11 20:34:00,2024-01-11 21:29:00,6.95,242,Hyderabad
4674,2024-01-16 00:51:00,2024-01-16 01:34:00,8.04,422,Delhi
4675,2024-01-03 09:15:00,2024-01-03 09:49:00,7.43,314,Bangalore
4676,2024-01-07 11:53:00,2024-01-07 12:22:00,1.41,226,Hyderabad
4677,2024-01-26 08:55:00,2024-01-26 09:31:00,7.01,119,Hyderabad
4678,2024-01-26 03:36:00,2024-01-26 04:15:00,7.21,267,Hyderabad
4679,2024-01-04 06:49:00,2024-01-04 07:25:00,3.18,134,Mumbai
4680,2024-01-29 05:24:00,2024-01-29 06:10:00,8.95,247,Mumbai
4681,2024-01-20 08:10:00,2024-01-20 08:41:00,5.1,103,Chennai
4682,2024-01-17 06:14:00,2024-01-17 06:52:00,4.53,453,Bangalore
4683,2024-01-24 01:37:00,2024-01-24 02:13:00,6.37,441,Chennai
4684,2024-01-12 14:40:00,2024-01-12 15:37:00,4.62,455,Mumbai
4685,2024-01-09 01:40:00,2024-01-09 02:14:00,4.84,283,Mumbai
4686,2024-01-02 04:19:00,2024-01-02 04:50:00,1.13,298,Hyderabad
4687,2024-01-24 19:03:00,2024-01-24 20:11:00,7.33,271,Mumbai
4688,2024-01-13 13:55:00,2024-01-13 14:55:00,6.4,402,Delhi
4689,2024-01-09 13:02:00,2024-01-09 13:49:00,8.73,148,Hyderabad
4690,2024-01-18 12:07:00,2024-01-18 13:04:00,6.7,245,Hyderabad
4691,2024-01-21 20:43:00,2024-01-21 21:36:00,3.96,463,Delhi
4692,2024-01-10 00:05:00,2024-01-10 00:56:00,8.71,348,Chennai
4693,2024-01-09 05:37:00,2024-01-09 06:27:00,9.43,484,Chennai
4694,2024-01-25 14:30:00,2024-01-25 15:20:00,6.04,429,Delhi
4695,2024-01-12 21:35:00,2024-01-12 22:29:00,1.99,211,Mumbai
4696,2024-01-17 08:06:00,2024-01-17 08:57:00,9.35,471,Mumbai
4697,2024-01-27 18:51:00,2024-01-27 19:31:00,8.48,315,Delhi
4698,2024-01-27 23:59:00,2024-01-28 00:31:00,4.31,410,Hyderabad
4699,2024-01-31 23:18:00,2024-01-31 23:53:00,1.27,307,Chennai
4700,2024-01-19 02:23:00,2024-01-19 02:56:00,3.36,386,Chennai
4701,2024-01-23 07:32:00,2024-01-23 08:11:00,5.6,446,Delhi
4702,2024-01-27 09:46:00,2024-01-27 10:34:00,7.91,425,Delhi
4703,2024-01-22 18:43:00,2024-01-22 19:10:00,1.32,344,Chennai
4704,2024-01-04 12:10:00,2024-01-04 12:44:00,1.88,412,Bangalore
4705,2024-01-06 17:32:00,2024-01-06 18:08:00,2.46,168,Delhi
4706,2024-01-19 21:46:00,2024-01-19 22:56:00,9.14,405,Mumbai
4707,2024-01-13 21:15:00,2024-01-13 22:13:00,2.78,489,Chennai
4708,2024-01-21 17:25:00,2024-01-21 17:58:00,5.07,124,Delhi
4709,2024-01-07 06:17:00,2024-01-07 07:09:00,9.23,137,Delhi
4710,2024-01-14 14:13:00,2024-01-14 15:13:00,7.8,277,Chennai
4711,2024-01-26 09:04:00,2024-01-26 09:38:00,7.06,298,Chennai
4712,2024-01-17 07:20:00,2024-01-17 07:48:00,3.1,392,Chennai
4713,2024-01-08 09:03:00,2024-01-08 09:34:00,4.18,369,Chennai
4714,2024-01-09 03:11:00,2024-01-09 04:03:00,9.84,173,Chennai
4715,2024-01-12 20:03:00,2024-01-12 20:55:00,5.22,127,Delhi
4716,2024-01-31 23:36:00,2024-02-01 00:19:00,4.76,318,Bangalore
4717,2024-01-10 22:19:00,2024-01-10 23:11:00,2.14,497,Chennai
4718,2024-01-01 22:04:00,2024-01-01 23:01:00,2.46,228,Chennai
4719,2024-01-19 15:52:00,2024-01-19 16:31:00,7.19,115,Hyderabad
4720,2024-01-26 10:56:00,2024-01-26 11:45:00,7.72,349,Hyderabad
4721,2024-01-11 03:40:00,2024-01-11 04:22:00,9.8,462,Delhi
4722,2024-01-07 21:37:00,2024-01-07 22:52:00,9.62,462,Chennai
4723,2024-01-10 01:29:00,2024-01-10 01:56:00,3.85,149,Hyderabad
4724,2024-01-23 09:34:00,2024-01-23 10:03:00,2.04,353,Bangalore
4725,2024-01-01 03:56:00,2024-01-01 04:42:00,7.37,251,Delhi
4726,2024-01-27 00:29:00,2024-01-27 00:59:00,2.68,271,Mumbai
4727,2024-01-21 17:24:00,2024-01-21 17:56:00,4.76,486,Hyderabad
4728,2024-01-09 19:07:00,2024-01-09 19:56:00,4.34,330,Mumbai
4729,2024-01-26 15:44:00,2024-01-26 16:14:00,2.71,384,Delhi
4730,2024-01-12 00:10:00,2024-01-12 00:49:00,2.85,177,Bangalore
4731,2024-01-14 08:28:00,2024-01-14 09:14:00,7.16,286,Chennai
4732,2024-01-22 21:09:00,2024-01-22 22:02:00,1.89,154,Chennai
4733,2024-01-13 15:34:00,2024-01-13 16:12:00,5.19,443,Bangalore
4734,2024-01-13 16:00:00,2024-01-13 16:32:00,2.44,398,Bangalore
4735,2024-01-08 15:04:00,2024-01-08 15:36:00,5.57,404,Delhi
4736,2024-01-28 05:24:00,2024-01-28 05:59:00,7.51,294,Bangalore
4737,2024-01-20 07:01:00,2024-01-20 07:34:00,5.45,351,Hyderabad
4738,2024-01-23 19:48:00,2024-01-23 20:49:00,2.0,382,Hyderabad
4739,2024-01-05 14:38:00,2024-01-05 15:26:00,8.3,347,Hyderabad
4740,2024-01-04 04:05:00,2024-01-04 04:44:00,6.95,418,Chennai
4741,2024-01-01 05:04:00,2024-01-01 05:50:00,9.53,386,Mumbai
4742,2024-01-21 04:00:00,2024-01-21 04:31:00,1.19,209,Hyderabad
4743,2024-01-25 16:39:00,2024-01-25 17:12:00,6.77,330,Bangalore
4744,2024-01-22 05:29:00,2024-01-22 06:09:00,5.54,233,Bangalore
4745,2024-01-14 03:21:00,2024-01-14 03:58:00,2.23,284,Chennai
4746,2024-01-09 06:17:00,2024-01-09 06:49:00,1.3,101,Bangalore
4747,2024-01-17 12:05:00,2024-01-17 12:47:00,3.19,332,Hyderabad
4748,2024-01-04 10:44:00,2024-01-04 11:33:00,9.71,112,Chennai
4749,2024-01-09 11:14:00,2024-01-09 11:53:00,7.74,486,Mumbai
4750,2024-01-15 05:10:00,2024-01-15 05:39:00,1.34,157,Chennai
4751,2024-01-16 14:37:00,2024-01-16 15:13:00,2.0,260,Bangalore
4752,2024-01-20 05:22:00,2024-01-20 05:59:00,4.14,365,Chennai
4753,2024-01-11 21:48:00,2024-01-11 22:50:00,5.17,474,Mumbai
4754,2024-01-13 14:57:00,2024-01-13 15:43:00,1.35,207,Mumbai
4755,2024-01-31 23:53:00,2024-02-01 00:31:00,2.48,104,Mumbai
4756,2024-01-18 08:04:00,2024-01-18 08:33:00,3.47,271,Delhi
4757,2024-01-01 07:24:00,2024-01-01 08:06:00,6.61,448,Bangalore
4758,2024-01-25 18:54:00,2024-01-25 19:28:00,6.99,350,Chennai
4759,2024-01-23 06:05:00,2024-01-23 06:40:00,3.52,282,Mumbai
4760,2024-01-15 21:28:00,2024-01-15 22:31:00,4.41,373,Delhi
4761,2024-01-22 19:02:00,2024-01-22 19:58:00,2.49,425,Delhi
4762,2024-01-29 13:08:00,2024-01-29 13:46:00,2.83,272,Mumbai
4763,2024-01-18 02:47:00,2024-01-18 03:16:00,4.83,325,Chennai
4764,2024-01-30 09:21:00,2024-01-30 10:04:00,6.1,431,Chennai
4765,2024-01-08 05:25:00,2024-01-08 05:56:00,5.39,241,Chennai
4766,2024-01-27 02:58:00,2024-01-27 03:37:00,4.17,268,Hyderabad
4767,2024-01-13 05:02:00,2024-01-13 05:35:00,3.05,483,Bangalore
4768,2024-01-18 02:59:00,2024-01-18 03:28:00,3.35,444,Bangalore
4769,2024-01-19 08:31:00,2024-01-19 09:04:00,2.03,463,Delhi
4770,2024-01-28 03:37:00,2024-01-28 04:22:00,5.86,114,Hyderabad
4771,2024-01-22 18:31:00,2024-01-22 18:58:00,3.84,356,Delhi
4772,2024-01-07 22:43:00,2024-01-07 23:46:00,9.76,207,Mumbai
4773,2024-01-10 11:22:00,2024-01-10 11:45:00,1.4,477,Mumbai
4774,2024-01-20 03:41:00,2024-01-20 04:16:00,1.73,244,Chennai
4775,2024-01-14 20:02:00,2024-01-14 21:08:00,8.0,440,Bangalore
4776,2024-01-26 08:41:00,2024-01-26 09:11:00,2.11,196,Delhi
4777,2024-01-24 00:13:00,2024-01-24 00:57:00,8.79,277,Hyderabad
4778,2024-01-16 07:29:00,2024-01-16 08:19:00,9.18,422,Bangalore
4779,2024-01-24 05:25:00,2024-01-24 05:54:00,1.3,324,Hyderabad
4780,2024-01-03 11:15:00,2024-01-03 11:41:00,3.32,326,Hyderabad
4781,2024-01-26 00:29:00,2024-01-26 01:09:00,7.87,198,Delhi
4782,2024-01-14 00:52:00,2024-01-14 01:28:00,7.84,287,Delhi
4783,2024-01-26 03:44:00,2024-01-26 04:21:00,4.4,386,Chennai
4784,2024-01-03 20:01:00,2024-01-03 20:52:00,2.33,393,Bangalore
4785,2024-01-16 21:45:00,2024-01-16 22:46:00,8.03,364,Chennai
4786,2024-01-01 11:47:00,2024-01-01 12:24:00,2.89,277,Chennai
4787,2024-01-17 03:48:00,2024-01-17 04:16:00,1.34,284,Hyderabad
4788,2024-01-13 08:42:00,2024-01-13 09:18:00,2.94,208,Delhi
4789,2024-01-13 00:52:00,2024-01-13 01:26:00,3.82,264,Hyderabad
4790,2024-01-21 23:28:00,2024-01-22 00:03:00,1.77,230,Bangalore
4791,2024-01-26 11:52:00,2024-01-26 12:31:00,4.53,287,Chennai
4792,2024-01-13 18:03:00,2024-01-13 18:35:00,4.66,349,Bangalore
4793,2024-01-21 18:05:00,2024-01-21 18:31:00,2.39,440,Delhi
4794,2024-01-01 20:29:00,2024-01-01 21:42:00,9.86,395,Delhi
4795,2024-01-26 04:15:00,2024-01-26 04:47:00,5.66,250,Bangalore
4796,2024-01-13 01:41:00,2024-01-13 02:26:00,7.28,486,Hyderabad
4797,2024-01-18 04:47:00,2024-01-18 05:29:00,4.29,479,Chennai
4798,2024-01-27 16:49:00,2024-01-27 17:30:00,5.07,300,Hyderabad
4799,2024-01-19 01:33:00,2024-01-19 02:07:00,4.88,344,Delhi
4800,2024-01-02 12:09:00,2024-01-02 13:04:00,5.6,326,Delhi
4801,2024-01-17 10:19:00,2024-01-17 10:59:00,6.41,429,Bangalore
4802,2024-01-14 00:09:00,2024-01-14 00:47:00,7.84,223,Bangalore
4803,2024-01-19 22:07:00,2024-01-19 23:04:00,3.35,249,Delhi
4804,2024-01-18 09:42:00,2024-01-18 10:20:00,8.67,451,Mumbai
4805,2024-01-22 15:49:00,2024-01-22 16:22:00,6.71,468,Hyderabad
4806,2024-01-14 23:35:00,2024-01-15 00:13:00,8.69,163,Chennai
4807,2024-01-10 13:57:00,2024-01-10 14:40:00,2.82,436,Chennai
4808,2024-01-25 12:27:00,2024-01-25 13:16:00,5.31,221,Bangalore
4809,2024-01-22 01:27:00,2024-01-22 02:04:00,2.35,332,Chennai
4810,2024-01-21 22:29:00,2024-01-21 23:21:00,5.23,331,Chennai
4811,2024-01-03 04:56:00,2024-01-03 05:27:00,5.53,162,Hyderabad
4812,2024-01-22 06:48:00,2024-01-22 07:28:00,4.47,259,Mumbai
4813,2024-01-03 03:35:00,2024-01-03 04:03:00,3.5,303,Mumbai
4814,2024-01-01 21:37:00,2024-01-01 22:32:00,7.38,318,Mumbai
4815,2024-01-16 08:23:00,2024-01-16 09:10:00,8.83,433,Bangalore
4816,2024-01-11 10:05:00,2024-01-11 10:31:00,2.78,339,Delhi
4817,2024-01-22 01:43:00,2024-01-22 02:29:00,9.75,376,Bangalore
4818,2024-01-27 22:43:00,2024-01-27 23:39:00,7.27,219,Bangalore
4819,2024-01-17 20:37:00,2024-01-17 21:53:00,8.57,172,Chennai
4820,2024-01-24 12:04:00,2024-01-24 12:48:00,3.89,116,Delhi
4821,2024-01-31 18:48:00,2024-01-31 19:28:00,6.02,497,Bangalore
4822,2024-01-31 14:20:00,2024-01-31 15:21:00,6.11,442,Bangalore
4823,2024-01-06 10:36:00,2024-01-06 11:19:00,6.82,120,Delhi
4824,2024-01-13 01:58:00,2024-01-13 02:41:00,4.68,198,Chennai
4825,2024-01-07 16:29:00,2024-01-07 17:08:00,2.9,180,Bangalore
4826,2024-01-23 17:27:00,2024-01-23 18:17:00,8.36,107,Delhi
4827,2024-01-26 10:09:00,2024-01-26 10:54:00,9.61,426,Delhi
4828,2024-01-17 08:07:00,2024-01-17 08:41:00,4.82,444,Bangalore
4829,2024-01-08 09:32:00,2024-01-08 10:19:00,9.13,114,Mumbai
4830,2024-01-30 18:44:00,2024-01-30 19:09:00,1.94,261,Delhi
4831,2024-01-13 00:48:00,2024-01-13 01:31:00,4.55,178,Mumbai
4832,2024-01-24 16:50:00,2024-01-24 17:27:00,7.25,192,Chennai
4833,2024-01-02 21:15:00,2024-01-02 22:09:00,1.04,308,Mumbai
4834,2024-01-02 01:43:00,2024-01-02 02:22:00,6.98,253,Chennai
4835,2024-01-26 22:43:00,2024-01-26 23:29:00,1.75,409,Bangalore
4836,2024-01-13 05:36:00,2024-01-13 06:15:00,3.05,450,Mumbai
4837,2024-01-20 13:30:00,2024-01-20 14:16:00,1.64,297,Chennai
4838,2024-01-02 19:10:00,2024-01-02 20:14:00,8.31,480,Delhi
4839,2024-01-17 20:53:00,2024-01-17 22:07:00,8.56,263,Chennai
4840,2024-01-09 02:39:00,2024-01-09 03:16:00,5.58,406,Chennai
4841,2024-01-14 10:30:00,2024-01-14 11:00:00,3.94,167,Bangalore
4842,2024-01-15 07:06:00,2024-01-15 07:31:00,2.86,485,Chennai
4843,2024-01-23 10:56:00,2024-01-23 11:36:00,8.59,393,Mumbai
4844,2024-01-04 04:52:00,2024-01-04 05:33:00,4.93,220,Hyderabad
4845,2024-01-08 10:20:00,2024-01-08 11:07:00,9.73,331,Hyderabad
4846,2024-01-22 19:20:00,2024-01-22 20:26:00,6.3,398,Chennai
4847,2024-01-05 18:00:00,2024-01-05 18:38:00,2.53,326,Bangalore
4848,2024-01-26 16:52:00,2024-01-26 17:30:00,7.83,232,Hyderabad
4849,2024-01-10 17:32:00,2024-01-10 18:07:00,3.12,497,Hyderabad
4850,2024-01-19 05:03:00,2024-01-19 05:40:00,7.49,482,Bangalore
4851,2024-01-15 05:47:00,2024-01-15 06:36:00,9.16,319,Chennai
4852,2024-01-15 19:23:00,2024-01-15 20:24:00,5.95,104,Hyderabad
4853,2024-01-01 15:34:00,2024-01-01 16:07:00,4.55,411,Delhi
4854,2024-01-22 07:46:00,2024-01-22 08:28:00,6.3,115,Bangalore
4855,2024-01-16 04:54:00,2024-01-16 05:29:00,5.98,123,Mumbai
4856,2024-01-10 21:05:00,2024-01-10 22:06:00,4.91,114,Bangalore
4857,2024-01-18 10:36:00,2024-01-18 11:13:00,8.74,110,Bangalore
4858,2024-01-13 09:54:00,2024-01-13 10:27:00,6.44,364,Hyderabad
4859,2024-01-29 23:08:00,2024-01-29 23:33:00,2.69,158,Delhi
4860,2024-01-24 17:56:00,2024-01-24 18:27:00,2.17,167,Bangalore
4861,2024-01-25 02:08:00,2024-01-25 02:59:00,8.76,335,Delhi
4862,2024-01-30 17:30:00,2024-01-30 18:06:00,6.14,156,Delhi
4863,2024-01-27 17:02:00,2024-01-27 17:48:00,6.49,379,Delhi
4864,2024-01-13 17:14:00,2024-01-13 17:51:00,8.75,273,Delhi
4865,2024-01-24 13:03:00,2024-01-24 14:05:00,7.38,150,Mumbai
4866,2024-01-27 15:27:00,2024-01-27 16:01:00,4.16,212,Delhi
4867,2024-01-15 12:51:00,2024-01-15 13:35:00,6.75,292,Bangalore
4868,2024-01-20 04:16:00,2024-01-20 04:50:00,4.86,348,Chennai
4869,2024-01-07 16:59:00,2024-01-07 17:40:00,5.08,249,Chennai
4870,2024-01-13 07:44:00,2024-01-13 08:24:00,9.95,215,Hyderabad
4871,2024-01-25 22:42:00,2024-01-25 23:32:00,1.11,316,Hyderabad
4872,2024-01-18 03:37:00,2024-01-18 04:18:00,4.57,201,Chennai
4873,2024-01-26 23:54:00,2024-01-27 00:33:00,9.86,267,Hyderabad
4874,2024-01-24 14:30:00,2024-01-24 15:21:00,4.26,364,Hyderabad
4875,2024-01-11 02:52:00,2024-01-11 03:20:00,3.86,317,Bangalore
4876,2024-01-12 02:29:00,2024-01-12 03:12:00,6.31,146,Mumbai
4877,2024-01-06 06:50:00,2024-01-06 07:24:00,1.16,480,Chennai
4878,2024-01-23 11:32:00,2024-01-23 11:56:00,1.87,380,Mumbai
4879,2024-01-29 08:09:00,2024-01-29 08:37:00,2.57,136,Chennai
4880,2024-01-14 04:41:00,2024-01-14 05:07:00,1.5,160,Bangalore
4881,2024-01-22 11:36:00,2024-01-22 12:07:00,2.26,261,Bangalore
4882,2024-01-30 20:27:00,2024-01-30 21:26:00,5.78,193,Hyderabad
4883,2024-01-16 20:34:00,2024-01-16 21:28:00,7.38,253,Mumbai
4884,2024-01-27 21:57:00,2024-01-27 22:42:00,1.0,317,Delhi
4885,2024-01-30 09:05:00,2024-01-30 09:42:00,8.92,201,Mumbai
4886,2024-01-25 05:42:00,2024-01-25 06:31:00,8.85,291,Delhi
4887,2024-01-06 06:45:00,2024-01-06 07:18:00,4.14,443,Chennai
4888,2024-01-30 02:43:00,2024-01-30 03:09:00,2.09,224,Delhi
4889,2024-01-03 07:35:00,2024-01-03 08:00:00,2.62,198,Mumbai
4890,2024-01-02 13:48:00,2024-01-02 14:44:00,5.52,388,Hyderabad
4891,2024-01-03 19:21:00,2024-01-03 20:25:00,2.67,325,Chennai
4892,2024-01-02 21:52:00,2024-01-02 22:40:00,1.95,379,Delhi
4893,2024-01-28 08:02:00,2024-01-28 08:51:00,8.25,261,Mumbai
4894,2024-01-05 08:51:00,2024-01-05 09:23:00,5.88,378,Chennai
4895,2024-01-30 22:50:00,2024-01-30 23:53:00,6.38,342,Mumbai
4896,2024-01-17 16:22:00,2024-01-17 17:09:00,7.14,257,Hyderabad
4897,2024-01-22 20:16:00,2024-01-22 21:29:00,7.56,468,Hyderabad
4898,2024-01-30 11:49:00,2024-01-30 12:28:00,4.78,465,Hyderabad
4899,2024-01-06 17:42:00,2024-01-06 18:12:00,4.41,189,Hyderabad
4900,2024-01-03 20:50:00,2024-01-03 21:43:00,2.47,488,Chennai
4901,2024-01-29 03:35:00,2024-01-29 04:08:00,6.97,231,Hyderabad
4902,2024-01-05 18:33:00,2024-01-05 19:04:00,5.18,387,Mumbai
4903,2024-01-05 13:34:00,2024-01-05 14:32:00,4.98,389,Bangalore
4904,2024-01-11 09:43:00,2024-01-11 10:14:00,1.83,349,Mumbai
4905,2024-01-15 01:15:00,2024-01-15 01:45:00,2.38,398,Bangalore
4906,2024-01-06 04:20:00,2024-01-06 04:55:00,4.42,277,Chennai
4907,2024-01-03 19:05:00,2024-01-03 20:02:00,3.66,240,Hyderabad
4908,2024-01-18 23:40:00,2024-01-19 00:06:00,2.59,328,Delhi
4909,2024-01-13 16:33:00,2024-01-13 17:13:00,7.73,246,Bangalore
4910,2024-01-31 03:50:00,2024-01-31 04:40:00,8.37,190,Chennai
4911,2024-01-07 20:40:00,2024-01-07 21:44:00,6.83,394,Delhi
4912,2024-01-29 03:22:00,2024-01-29 03:59:00,7.62,146,Chennai
4913,2024-01-03 16:19:00,2024-01-03 16:48:00,3.75,303,Mumbai
4914,2024-01-11 14:37:00,2024-01-11 15:34:00,4.96,145,Mumbai
4915,2024-01-24 01:39:00,2024-01-24 02:11:00,1.46,314,Delhi
4916,2024-01-30 02:33:00,2024-01-30 03:03:00,3.98,173,Delhi
4917,2024-01-20 08:20:00,2024-01-20 08:58:00,2.97,178,Mumbai
4918,2024-01-20 10:07:00,2024-01-20 10:46:00,8.98,210,Mumbai
4919,2024-01-10 17:18:00,2024-01-10 17:53:00,4.47,278,Mumbai
4920,2024-01-05 17:22:00,2024-01-05 17:59:00,8.94,330,Hyderabad
4921,2024-01-26 06:15:00,2024-01-26 06:45:00,2.54,319,Chennai
4922,2024-01-06 17:00:00,2024-01-06 17:47:00,8.04,162,Bangalore
4923,2024-01-30 03:06:00,2024-01-30 03:42:00,7.36,131,Hyderabad
4924,2024-01-01 06:38:00,2024-01-01 07:06:00,1.05,253,Hyderabad
4925,2024-01-03 10:07:00,2024-01-03 10:44:00,1.86,259,Bangalore
4926,2024-01-25 19:23:00,2024-01-25 20:26:00,6.62,143,Mumbai
4927,2024-01-26 23:11:00,2024-01-26 23:52:00,4.28,436,Hyderabad
4928,2024-01-18 06:16:00,2024-01-18 06:53:00,6.23,207,Delhi
4929,2024-01-30 02:05:00,2024-01-30 02:33:00,4.08,192,Delhi
4930,2024-01-09 09:26:00,2024-01-09 10:12:00,7.08,343,Delhi
4931,2024-01-18 22:24:00,2024-01-18 23:12:00,1.13,242,Bangalore
4932,2024-01-06 09:53:00,2024-01-06 10:32:00,5.63,190,Hyderabad
4933,2024-01-16 04:24:00,2024-01-16 05:07:00,6.21,105,Delhi
4934,2024-01-15 22:52:00,2024-01-16 00:02:00,8.53,417,Mumbai
4935,2024-01-10 11:24:00,2024-01-10 12:15:00,9.79,275,Chennai
4936,2024-01-29 18:04:00,2024-01-29 18:46:00,7.12,102,Chennai
4937,2024-01-15 10:41:00,2024-01-15 11:21:00,9.22,428,Bangalore
4938,2024-01-17 18:06:00,2024-01-17 18:46:00,8.89,189,Chennai
4939,2024-01-06 10:45:00,2024-01-06 11:22:00,8.99,171,Delhi
4940,2024-01-05 23:00:00,2024-01-05 23:38:00,7.21,471,Bangalore
4941,2024-01-26 14:48:00,2024-01-26 15:31:00,5.07,193,Chennai
4942,2024-01-25 14:48:00,2024-01-25 15:39:00,2.63,445,Delhi
4943,2024-01-18 06:32:00,2024-01-18 07:02:00,1.12,231,Mumbai
4944,2024-01-04 13:39:00,2024-01-04 14:20:00,1.03,121,Hyderabad
4945,2024-01-14 01:14:00,2024-01-14 01:44:00,4.38,122,Chennai
4946,2024-01-28 07:00:00,2024-01-28 07:28:00,1.16,317,Mumbai
4947,2024-01-18 06:27:00,2024-01-18 07:14:00,8.27,109,Bangalore
4948,2024-01-26 06:37:00,2024-01-26 07:04:00,3.56,457,Bangalore
4949,2024-01-27 13:54:00,2024-01-27 14:43:00,6.18,452,Chennai
4950,2024-01-15 02:03:00,2024-01-15 02:30:00,2.32,326,Mumbai
4951,2024-01-12 08:01:00,2024-01-12 08:37:00,4.79,143,Hyderabad
4952,2024-01-23 17:47:00,2024-01-23 18:26:00,6.11,397,Mumbai
4953,2024-01-31 00:59:00,2024-01-31 01:26:00,2.75,311,Mumbai
4954,2024-01-05 16:46:00,2024-01-05 17:20:00,3.89,308,Chennai
4955,2024-01-31 13:52:00,2024-01-31 14:40:00,2.9,425,Hyderabad
4956,2024-01-12 13:05:00,2024-01-12 13:47:00,2.42,326,Delhi
4957,2024-01-04 17:58:00,2024-01-04 18:36:00,4.7,285,Mumbai
4958,2024-01-28 13:25:00,2024-01-28 14:22:00,9.19,170,Mumbai
4959,2024-01-31 10:17:00,2024-01-31 11:05:00,7.67,312,Bangalore
4960,2024-01-30 23:19:00,2024-01-31 00:12:00,9.86,486,Hyderabad
4961,2024-01-31 06:30:00,2024-01-31 07:04:00,1.64,494,Hyderabad
4962,2024-01-26 17:33:00,2024-01-26 18:13:00,9.48,452,Delhi
4963,2024-01-26 08:51:00,2024-01-26 09:20:00,3.56,324,Bangalore
4964,2024-01-24 22:25:00,2024-01-24 23:24:00,2.57,192,Hyderabad
4965,2024-01-27 19:18:00,2024-01-27 20:03:00,2.91,208,Mumbai
4966,2024-01-07 19:29:00,2024-01-07 20:28:00,9.7,112,Delhi
4967,2024-01-27 18:03:00,2024-01-27 18:51:00,8.48,197,Bangalore
4968,2024-01-15 19:19:00,2024-01-15 20:16:00,5.3,114,Bangalore
4969,2024-01-24 04:04:00,2024-01-24 04:30:00,1.88,384,Chennai
4970,2024-01-27 19:31:00,2024-01-27 20:35:00,7.14,352,Bangalore
4971,2024-01-17 13:42:00,2024-01-17 14:32:00,1.44,151,Chennai
4972,2024-01-12 05:45:00,2024-01-12 06:26:00,7.84,236,Delhi
4973,2024-01-24 13:48:00,2024-01-24 14:40:00,2.97,324,Hyderabad
4974,2024-01-01 03:35:00,2024-01-01 04:20:00,8.79,343,Mumbai
4975,2024-01-23 16:48:00,2024-01-23 17:23:00,1.86,434,Delhi
4976,2024-01-15 00:29:00,2024-01-15 00:51:00,1.09,114,Chennai
4977,2024-01-05 11:02:00,2024-01-05 11:30:00,2.3,164,Hyderabad
4978,2024-01-01 22:18:00,2024-01-01 23:05:00,2.49,253,Mumbai
4979,2024-01-27 01:03:00,2024-01-27 01:39:00,5.25,196,Chennai
4980,2024-01-02 07:47:00,2024-01-02 08:29:00,4.13,102,Delhi
4981,2024-01-30 12:14:00,2024-01-30 13:05:00,8.52,375,Bangalore
4982,2024-01-19 09:07:00,2024-01-19 09:31:00,1.87,350,Delhi
4983,2024-01-09 07:39:00,2024-01-09 08:16:00,6.38,472,Chennai
4984,2024-01-01 05:57:00,2024-01-01 06:46:00,9.32,138,Bangalore
4985,2024-01-14 21:31:00,2024-01-14 22:31:00,5.73,208,Hyderabad
4986,2024-01-05 06:15:00,2024-01-05 06:54:00,6.96,249,Chennai
4987,2024-01-15 18:40:00,2024-01-15 19:17:00,3.31,209,Hyderabad
4988,2024-01-21 22:11:00,2024-01-21 23:11:00,5.93,148,Chennai
4989,2024-01-01 06:15:00,2024-01-01 06:43:00,3.11,224,Chennai
4990,2024-01-07 06:40:00,2024-01-07 07:11:00,1.12,132,Chennai
4991,2024-01-07 15:31:00,2024-01-07 16:07:00,7.61,157,Mumbai
4992,2024-01-03 07:02:00,2024-01-03 07:40:00,8.66,394,Chennai
4993,2024-01-02 05:37:00,2024-01-02 06:21:00,5.37,451,Hyderabad
4994,2024-01-03 23:31:00,2024-01-04 00:20:00,9.87,466,Mumbai
4995,2024-01-07 18:06:00,2024-01-07 18:50:00,5.8,442,Mumbai
4996,2024-01-09 02:49:00,2024-01-09 03:25:00,3.38,136,Mumbai
4997,2024-01-30 01:32:00,2024-01-30 01:54:00,1.25,429,Chennai
4998,2024-01-30 15:08:00,2024-01-30 15:57:00,9.22,451,Hyderabad
4999,2024-01-08 12:32:00,2024-01-08 13:37:00,9.72,494,Chennai
5000,2024-01-01 12:59:00,2024-01-01 14:01:00,8.9,405,Chennai
5001,2024-01-20 08:58:00,2024-01-20 09:38:00,5.84,358,Mumbai
5002,2024-01-18 19:25:00,2024-01-18 20:36:00,8.77,124,Delhi
5003,2024-01-12 10:21:00,2024-01-12 10:49:00,2.81,404,Mumbai
5004,2024-01-30 04:29:00,2024-01-30 05:05:00,7.84,242,Bangalore
5005,2024-01-28 02:39:00,2024-01-28 03:12:00,1.95,237,Chennai
5006,2024-01-31 10:34:00,2024-01-31 10:57:00,1.67,271,Mumbai
5007,2024-01-19 09:04:00,2024-01-19 09:50:00,8.69,342,Hyderabad
5008,2024-01-20 22:34:00,2024-01-20 23:27:00,3.11,411,Bangalore
5009,2024-01-31 11:03:00,2024-01-31 11:28:00,2.21,203,Bangalore
5010,2024-01-03 01:57:00,2024-01-03 02:30:00,6.78,465,Delhi
5011,2024-01-27 07:40:00,2024-01-27 08:17:00,5.96,101,Hyderabad
5012,2024-01-17 22:25:00,2024-01-17 23:23:00,2.44,267,Chennai
5013,2024-01-25 15:11:00,2024-01-25 15:35:00,1.17,200,Mumbai
5014,2024-01-23 12:48:00,2024-01-23 13:33:00,1.44,247,Bangalore
5015,2024-01-19 22:15:00,2024-01-19 23:18:00,4.31,493,Mumbai
5016,2024-01-29 13:39:00,2024-01-29 14:27:00,2.55,444,Delhi
5017,2024-01-04 11:23:00,2024-01-04 11:55:00,2.48,496,Bangalore
5018,2024-01-14 07:01:00,2024-01-14 07:30:00,1.91,242,Chennai
5019,2024-01-27 08:10:00,2024-01-27 08:45:00,3.68,216,Bangalore
5020,2024-01-04 23:45:00,2024-01-05 00:15:00,5.26,325,Hyderabad
5021,2024-01-22 02:31:00,2024-01-22 03:07:00,7.92,253,Chennai
5022,2024-01-13 22:12:00,2024-01-13 23:15:00,9.37,470,Bangalore
5023,2024-01-11 14:06:00,2024-01-11 14:42:00,2.42,183,Bangalore
5024,2024-01-17 15:17:00,2024-01-17 15:57:00,8.07,369,Chennai
5025,2024-01-17 01:42:00,2024-01-17 02:23:00,6.09,457,Mumbai
5026,2024-01-11 17:51:00,2024-01-11 18:28:00,3.91,159,Mumbai
5027,2024-01-09 09:16:00,2024-01-09 10:04:00,8.57,257,Bangalore
5028,2024-01-30 08:08:00,2024-01-30 08:46:00,3.63,209,Delhi
5029,2024-01-11 12:59:00,2024-01-11 13:55:00,5.49,472,Bangalore
5030,2024-01-27 03:57:00,2024-01-27 04:37:00,5.02,233,Bangalore
5031,2024-01-18 01:14:00,2024-01-18 01:44:00,3.7,163,Bangalore
5032,2024-01-26 12:56:00,2024-01-26 13:31:00,2.14,442,Delhi
5033,2024-01-30 04:49:00,2024-01-30 05:27:00,2.36,274,Hyderabad
5034,2024-01-09 21:58:00,2024-01-09 22:53:00,4.9,435,Chennai
5035,2024-01-11 11:36:00,2024-01-11 12:18:00,8.21,247,Delhi
5036,2024-01-16 14:34:00,2024-01-16 15:14:00,4.7,100,Chennai
5037,2024-01-11 09:29:00,2024-01-11 09:55:00,2.33,194,Hyderabad
5038,2024-01-04 00:34:00,2024-01-04 01:09:00,3.42,471,Delhi
5039,2024-01-17 07:00:00,2024-01-17 07:42:00,5.7,177,Bangalore
5040,2024-01-27 17:18:00,2024-01-27 17:48:00,3.21,389,Bangalore
5041,2024-01-29 23:49:00,2024-01-30 00:30:00,7.62,254,Mumbai
5042,2024-01-21 15:13:00,2024-01-21 15:40:00,1.66,380,Bangalore
5043,2024-01-14 12:07:00,2024-01-14 13:06:00,5.18,451,Mumbai
5044,2024-01-20 12:10:00,2024-01-20 12:43:00,1.03,387,Hyderabad
5045,2024-01-28 17:36:00,2024-01-28 18:07:00,2.26,110,Hyderabad
5046,2024-01-12 04:39:00,2024-01-12 05:24:00,8.8,477,Delhi
5047,2024-01-07 20:41:00,2024-01-07 21:42:00,7.33,403,Delhi
5048,2024-01-26 23:34:00,2024-01-27 00:10:00,5.68,182,Hyderabad
5049,2024-01-08 06:14:00,2024-01-08 06:48:00,6.34,281,Bangalore
5050,2024-01-15 23:30:00,2024-01-16 00:17:00,8.65,172,Hyderabad
5051,2024-01-03 17:03:00,2024-01-03 17:38:00,5.04,332,Hyderabad
5052,2024-01-24 01:03:00,2024-01-24 01:48:00,9.37,386,Hyderabad
5053,2024-01-26 15:03:00,2024-01-26 15:40:00,8.7,199,Delhi
5054,2024-01-23 09:03:00,2024-01-23 09:41:00,8.07,139,Hyderabad
5055,2024-01-16 06:10:00,2024-01-16 06:36:00,3.33,144,Bangalore
5056,2024-01-03 01:37:00,2024-01-03 02:25:00,9.53,401,Hyderabad
5057,2024-01-29 20:32:00,2024-01-29 21:28:00,6.14,450,Chennai
5058,2024-01-22 00:40:00,2024-01-22 01:19:00,9.71,159,Mumbai
5059,2024-01-16 09:43:00,2024-01-16 10:20:00,6.56,230,Bangalore
5060,2024-01-13 23:26:00,2024-01-14 00:07:00,5.85,486,Delhi
5061,2024-01-16 13:54:00,2024-01-16 14:54:00,8.46,480,Bangalore
5062,2024-01-03 13:30:00,2024-01-03 14:19:00,2.62,460,Bangalore
5063,2024-01-03 10:27:00,2024-01-03 11:10:00,6.74,136,Mumbai
5064,2024-01-10 14:25:00,2024-01-10 15:32:00,9.51,341,Bangalore
5065,2024-01-22 18:52:00,2024-01-22 19:40:00,7.76,420,Mumbai
5066,2024-01-22 01:07:00,2024-01-22 01:44:00,5.67,441,Mumbai
5067,2024-01-20 03:25:00,2024-01-20 04:14:00,8.82,288,Mumbai
5068,2024-01-13 05:38:00,2024-01-13 06:13:00,6.55,340,Chennai
5069,2024-01-26 22:41:00,2024-01-26 23:46:00,4.43,396,Delhi
5070,2024-01-23 11:36:00,2024-01-23 12:22:00,8.38,450,Delhi
5071,2024-01-05 20:19:00,2024-01-05 21:19:00,9.69,497,Chennai
5072,2024-01-02 12:19:00,2024-01-02 13:13:00,4.71,252,Bangalore
5073,2024-01-23 01:25:00,2024-01-23 01:54:00,4.51,145,Mumbai
5074,2024-01-14 18:35:00,2024-01-14 19:14:00,7.65,137,Chennai
5075,2024-01-30 11:57:00,2024-01-30 12:31:00,2.08,251,Bangalore
5076,2024-01-22 16:34:00,2024-01-22 17:05:00,2.61,305,Mumbai
5077,2024-01-21 23:50:00,2024-01-22 00:29:00,5.04,312,Chennai
5078,2024-01-21 11:28:00,2024-01-21 12:06:00,7.92,282,Bangalore
5079,2024-01-13 11:14:00,2024-01-13 11:48:00,7.4,449,Delhi
5080,2024-01-18 22:52:00,2024-01-18 23:49:00,2.31,239,Delhi
5081,2024-01-27 22:40:00,2024-01-27 23:45:00,7.3,216,Chennai
5082,2024-01-08 19:47:00,2024-01-08 21:02:00,9.49,483,Chennai
5083,2024-01-08 14:34:00,2024-01-08 15:25:00,9.24,447,Hyderabad
5084,2024-01-31 16:36:00,2024-01-31 17:12:00,6.27,143,Bangalore
5085,2024-01-16 18:29:00,2024-01-16 19:03:00,5.55,485,Delhi
5086,2024-01-12 14:35:00,2024-01-12 15:15:00,4.59,247,Hyderabad
5087,2024-01-10 12:20:00,2024-01-10 12:58:00,2.04,325,Chennai
5088,2024-01-03 15:04:00,2024-01-03 15:45:00,9.18,109,Mumbai
5089,2024-01-20 03:14:00,2024-01-20 03:41:00,1.97,223,Hyderabad
5090,2024-01-22 10:57:00,2024-01-22 11:35:00,9.39,460,Mumbai
5091,2024-01-15 13:40:00,2024-01-15 14:27:00,2.38,331,Delhi
5092,2024-01-30 12:01:00,2024-01-30 12:57:00,8.08,417,Mumbai
5093,2024-01-23 03:54:00,2024-01-23 04:41:00,8.74,375,Mumbai
5094,2024-01-14 06:42:00,2024-01-14 07:30:00,8.07,135,Chennai
5095,2024-01-23 04:39:00,2024-01-23 05:10:00,1.51,245,Mumbai
5096,2024-01-05 13:49:00,2024-01-05 14:38:00,7.02,107,Hyderabad
5097,2024-01-04 10:30:00,2024-01-04 11:08:00,5.92,262,Mumbai
5098,2024-01-08 05:09:00,2024-01-08 05:39:00,2.62,276,Delhi
5099,2024-01-17 03:34:00,2024-01-17 04:20:00,7.24,384,Delhi
5100,2024-01-24 16:10:00,2024-01-24 16:47:00,1.55,358,Bangalore
5101,2024-01-23 04:39:00,2024-01-23 05:12:00,5.77,295,Chennai
5102,2024-01-17 04:08:00,2024-01-17 04:44:00,1.62,132,Bangalore
5103,2024-01-15 06:38:00,2024-01-15 07:26:00,7.55,266,Delhi
5104,2024-01-07 18:09:00,2024-01-07 18:42:00,6.24,470,Hyderabad
5105,2024-01-17 10:47:00,2024-01-17 11:22:00,5.06,157,Hyderabad
5106,2024-01-03 20:11:00,2024-01-03 21:17:00,3.85,485,Chennai
5107,2024-01-24 21:34:00,2024-01-24 22:45:00,8.22,390,Chennai
5108,2024-01-20 10:14:00,2024-01-20 10:49:00,1.44,483,Chennai
5109,2024-01-16 23:12:00,2024-01-16 23:47:00,2.74,358,Hyderabad
5110,2024-01-20 04:55:00,2024-01-20 05:32:00,6.16,213,Bangalore
5111,2024-01-30 21:09:00,2024-01-30 22:02:00,6.08,265,Delhi
5112,2024-01-10 09:23:00,2024-01-10 10:12:00,9.3,203,Mumbai
5113,2024-01-23 06:05:00,2024-01-23 06:41:00,1.56,219,Delhi
5114,2024-01-11 02:54:00,2024-01-11 03:37:00,8.81,111,Hyderabad
5115,2024-01-21 08:30:00,2024-01-21 09:02:00,2.66,197,Mumbai
5116,2024-01-02 20:04:00,2024-01-02 20:51:00,3.01,236,Bangalore
5117,2024-01-27 00:07:00,2024-01-27 00:38:00,2.8,447,Bangalore
5118,2024-01-13 00:37:00,2024-01-13 01:15:00,4.4,249,Bangalore
5119,2024-01-30 21:53:00,2024-01-30 22:59:00,9.08,231,Mumbai
5120,2024-01-08 16:06:00,2024-01-08 16:45:00,3.78,284,Mumbai
5121,2024-01-19 17:15:00,2024-01-19 17:49:00,5.69,469,Bangalore
5122,2024-01-05 13:41:00,2024-01-05 14:39:00,4.84,275,Mumbai
5123,2024-01-27 18:47:00,2024-01-27 19:15:00,2.41,249,Mumbai
5124,2024-01-19 08:36:00,2024-01-19 09:09:00,3.21,129,Bangalore
5125,2024-01-16 21:50:00,2024-01-16 22:49:00,1.98,318,Mumbai
5126,2024-01-18 00:40:00,2024-01-18 01:22:00,8.58,155,Delhi
5127,2024-01-17 10:08:00,2024-01-17 10:50:00,8.62,364,Delhi
5128,2024-01-19 09:51:00,2024-01-19 10:24:00,5.47,334,Mumbai
5129,2024-01-25 13:01:00,2024-01-25 13:59:00,6.06,281,Delhi
5130,2024-01-08 00:22:00,2024-01-08 00:50:00,2.43,150,Delhi
5131,2024-01-26 04:22:00,2024-01-26 05:04:00,4.76,293,Hyderabad
5132,2024-01-24 17:13:00,2024-01-24 17:52:00,8.8,389,Bangalore
5133,2024-01-26 11:58:00,2024-01-26 12:41:00,8.05,425,Mumbai
5134,2024-01-08 14:53:00,2024-01-08 15:34:00,2.93,305,Chennai
5135,2024-01-08 05:35:00,2024-01-08 06:11:00,8.12,459,Hyderabad
5136,2024-01-29 12:53:00,2024-01-29 13:52:00,7.87,494,Hyderabad
5137,2024-01-12 19:55:00,2024-01-12 20:58:00,5.25,405,Delhi
5138,2024-01-11 00:39:00,2024-01-11 01:08:00,4.28,325,Bangalore
5139,2024-01-29 14:34:00,2024-01-29 15:17:00,4.86,461,Bangalore
5140,2024-01-16 12:35:00,2024-01-16 13:18:00,6.97,315,Bangalore
5141,2024-01-14 14:11:00,2024-01-14 14:58:00,3.33,405,Chennai
5142,2024-01-04 21:47:00,2024-01-04 22:54:00,6.28,317,Chennai
5143,2024-01-24 21:25:00,2024-01-24 22:13:00,1.41,244,Chennai
5144,2024-01-06 11:48:00,2024-01-06 12:25:00,7.19,327,Bangalore
5145,2024-01-31 00:59:00,2024-01-31 01:41:00,7.88,471,Bangalore
5146,2024-01-03 13:23:00,2024-01-03 14:23:00,6.87,343,Mumbai
5147,2024-01-10 08:24:00,2024-01-10 09:05:00,9.97,425,Bangalore
5148,2024-01-03 02:08:00,2024-01-03 02:49:00,8.92,475,Chennai
5149,2024-01-27 08:52:00,2024-01-27 09:26:00,6.37,218,Delhi
5150,2024-01-05 00:13:00,2024-01-05 00:59:00,8.0,264,Hyderabad
5151,2024-01-16 09:13:00,2024-01-16 09:48:00,1.59,400,Bangalore
5152,2024-01-26 13:20:00,2024-01-26 14:12:00,9.56,408,Chennai
5153,2024-01-22 04:38:00,2024-01-22 05:01:00,1.49,151,Hyderabad
5154,2024-01-15 16:53:00,2024-01-15 17:23:00,1.3,488,Mumbai
5155,2024-01-06 00:25:00,2024-01-06 00:55:00,4.53,169,Delhi
5156,2024-01-09 22:41:00,2024-01-09 23:43:00,7.59,299,Chennai
5157,2024-01-29 17:54:00,2024-01-29 18:37:00,4.74,479,Mumbai
5158,2024-01-22 02:38:00,2024-01-22 03:24:00,8.81,416,Mumbai
5159,2024-01-16 08:44:00,2024-01-16 09:21:00,5.22,234,Bangalore
5160,2024-01-01 14:59:00,2024-01-01 15:46:00,3.79,163,Chennai
5161,2024-01-01 04:52:00,2024-01-01 05:36:00,7.28,362,Mumbai
5162,2024-01-23 01:44:00,2024-01-23 02:31:00,6.54,198,Chennai
5163,2024-01-17 13:55:00,2024-01-17 14:50:00,9.59,407,Delhi
5164,2024-01-14 03:37:00,2024-01-14 04:10:00,4.0,253,Chennai
5165,2024-01-17 15:18:00,2024-01-17 15:50:00,5.24,423,Bangalore
5166,2024-01-27 17:36:00,2024-01-27 18:03:00,3.66,235,Hyderabad
5167,2024-01-21 04:45:00,2024-01-21 05:17:00,5.65,163,Hyderabad
5168,2024-01-10 05:43:00,2024-01-10 06:34:00,8.73,463,Chennai
5169,2024-01-05 20:57:00,2024-01-05 21:47:00,5.13,347,Bangalore
5170,2024-01-19 06:14:00,2024-01-19 06:54:00,9.78,321,Chennai
5171,2024-01-11 15:07:00,2024-01-11 15:52:00,9.76,365,Chennai
5172,2024-01-29 11:25:00,2024-01-29 11:54:00,3.08,265,Mumbai
5173,2024-01-02 03:57:00,2024-01-02 04:37:00,8.2,459,Chennai
5174,2024-01-15 01:47:00,2024-01-15 02:32:00,7.38,295,Bangalore
5175,2024-01-10 19:14:00,2024-01-10 20:13:00,5.21,380,Hyderabad
5176,2024-01-14 15:28:00,2024-01-14 16:00:00,4.3,232,Bangalore
5177,2024-01-22 12:43:00,2024-01-22 13:34:00,6.58,161,Hyderabad
5178,2024-01-01 04:34:00,2024-01-01 05:08:00,5.61,175,Bangalore
5179,2024-01-24 21:27:00,2024-01-24 22:34:00,5.0,298,Bangalore
5180,2024-01-12 05:52:00,2024-01-12 06:20:00,2.88,109,Mumbai
5181,2024-01-04 18:59:00,2024-01-04 19:44:00,7.87,118,Mumbai
5182,2024-01-12 21:19:00,2024-01-12 22:22:00,3.54,414,Chennai
5183,2024-01-25 23:13:00,2024-01-25 23:41:00,3.58,432,Hyderabad
5184,2024-01-11 06:31:00,2024-01-11 06:55:00,2.11,332,Delhi
5185,2024-01-10 13:46:00,2024-01-10 14:37:00,3.57,181,Chennai
5186,2024-01-06 21:55:00,2024-01-06 22:40:00,1.55,445,Delhi
5187,2024-01-25 07:05:00,2024-01-25 07:31:00,2.46,216,Delhi
5188,2024-01-15 05:24:00,2024-01-15 05:52:00,2.77,224,Mumbai
5189,2024-01-23 08:24:00,2024-01-23 09:03:00,8.67,332,Delhi
5190,2024-01-22 21:19:00,2024-01-22 22:30:00,6.37,487,Delhi
5191,2024-01-28 09:17:00,2024-01-28 10:04:00,8.98,110,Bangalore
5192,2024-01-22 14:57:00,2024-01-22 15:48:00,8.37,209,Delhi
5193,2024-01-08 17:08:00,2024-01-08 17:41:00,5.52,350,Hyderabad
5194,2024-01-08 02:22:00,2024-01-08 02:54:00,1.67,121,Delhi
5195,2024-01-24 17:59:00,2024-01-24 18:28:00,2.11,183,Hyderabad
5196,2024-01-19 16:55:00,2024-01-19 17:34:00,7.41,482,Chennai
5197,2024-01-12 14:11:00,2024-01-12 14:55:00,4.34,190,Chennai
5198,2024-01-07 07:05:00,2024-01-07 07:52:00,9.44,495,Chennai
5199,2024-01-31 17:51:00,2024-01-31 18:28:00,1.59,447,Bangalore
5200,2024-01-09 18:39:00,2024-01-09 19:14:00,3.71,129,Bangalore
5201,2024-01-22 09:55:00,2024-01-22 10:25:00,1.64,326,Bangalore
5202,2024-01-06 21:57:00,2024-01-06 22:51:00,2.91,434,Bangalore
5203,2024-01-29 14:47:00,2024-01-29 15:35:00,4.14,297,Hyderabad
5204,2024-01-03 10:01:00,2024-01-03 10:39:00,8.28,182,Chennai
5205,2024-01-24 16:15:00,2024-01-24 16:54:00,3.2,462,Bangalore
5206,2024-01-09 15:22:00,2024-01-09 15:46:00,2.31,150,Bangalore
5207,2024-01-20 13:43:00,2024-01-20 14:36:00,2.12,428,Bangalore
5208,2024-01-26 15:56:00,2024-01-26 16:27:00,2.86,306,Bangalore
5209,2024-01-24 19:42:00,2024-01-24 20:51:00,9.33,152,Chennai
5210,2024-01-05 21:14:00,2024-01-05 22:27:00,7.61,478,Chennai
5211,2024-01-22 05:46:00,2024-01-22 06:24:00,2.78,186,Bangalore
5212,2024-01-15 09:34:00,2024-01-15 10:13:00,8.97,326,Mumbai
5213,2024-01-12 14:05:00,2024-01-12 15:01:00,9.6,232,Mumbai
5214,2024-01-11 14:37:00,2024-01-11 15:24:00,5.21,410,Bangalore
5215,2024-01-17 01:56:00,2024-01-17 02:37:00,7.32,174,Bangalore
5216,2024-01-11 17:45:00,2024-01-11 18:30:00,6.2,171,Mumbai
5217,2024-01-11 01:38:00,2024-01-11 02:13:00,4.08,390,Hyderabad
5218,2024-01-08 12:42:00,2024-01-08 13:20:00,3.99,391,Chennai
5219,2024-01-22 17:02:00,2024-01-22 17:51:00,9.63,218,Chennai
5220,2024-01-20 09:28:00,2024-01-20 10:03:00,2.66,371,Hyderabad
5221,2024-01-19 23:00:00,2024-01-19 23:44:00,5.78,268,Mumbai
5222,2024-01-20 05:29:00,2024-01-20 06:14:00,8.98,411,Mumbai
5223,2024-01-19 09:35:00,2024-01-19 10:12:00,6.82,464,Mumbai
5224,2024-01-27 03:43:00,2024-01-27 04:20:00,8.47,283,Bangalore
5225,2024-01-25 17:33:00,2024-01-25 18:08:00,3.92,434,Mumbai
5226,2024-01-02 19:16:00,2024-01-02 20:21:00,6.1,335,Mumbai
5227,2024-01-13 13:05:00,2024-01-13 13:46:00,4.16,462,Chennai
5228,2024-01-09 07:25:00,2024-01-09 08:06:00,5.5,343,Bangalore
5229,2024-01-17 20:34:00,2024-01-17 21:28:00,5.15,494,Hyderabad
5230,2024-01-11 02:58:00,2024-01-11 03:41:00,6.04,180,Chennai
5231,2024-01-16 16:00:00,2024-01-16 16:26:00,1.95,184,Delhi
5232,2024-01-17 07:39:00,2024-01-17 08:13:00,5.17,471,Delhi
5233,2024-01-19 23:19:00,2024-01-20 00:05:00,9.31,260,Chennai
5234,2024-01-01 15:30:00,2024-01-01 16:18:00,9.1,275,Chennai
5235,2024-01-31 21:42:00,2024-01-31 22:40:00,7.9,275,Delhi
5236,2024-01-10 22:06:00,2024-01-10 22:58:00,6.45,480,Mumbai
5237,2024-01-07 05:48:00,2024-01-07 06:26:00,3.18,150,Mumbai
5238,2024-01-09 13:38:00,2024-01-09 14:22:00,5.58,142,Mumbai
5239,2024-01-29 23:28:00,2024-01-30 00:10:00,6.68,319,Mumbai
5240,2024-01-10 12:31:00,2024-01-10 13:16:00,5.83,400,Bangalore
5241,2024-01-06 11:23:00,2024-01-06 12:08:00,8.39,261,Mumbai
5242,2024-01-03 07:46:00,2024-01-03 08:27:00,9.13,488,Delhi
5243,2024-01-05 00:03:00,2024-01-05 00:37:00,6.61,131,Chennai
5244,2024-01-13 04:32:00,2024-01-13 05:05:00,4.03,390,Hyderabad
5245,2024-01-01 21:09:00,2024-01-01 22:02:00,6.66,350,Hyderabad
5246,2024-01-29 13:53:00,2024-01-29 14:55:00,6.59,182,Chennai
5247,2024-01-03 22:12:00,2024-01-03 23:08:00,6.04,255,Mumbai
5248,2024-01-10 01:36:00,2024-01-10 02:19:00,5.39,161,Chennai
5249,2024-01-17 04:23:00,2024-01-17 04:51:00,4.3,312,Delhi
5250,2024-01-15 23:29:00,2024-01-16 00:04:00,6.13,140,Hyderabad
5251,2024-01-08 05:44:00,2024-01-08 06:25:00,8.67,251,Mumbai
5252,2024-01-26 01:19:00,2024-01-26 01:51:00,4.49,342,Hyderabad
5253,2024-01-04 04:44:00,2024-01-04 05:21:00,3.69,115,Hyderabad
5254,2024-01-23 11:23:00,2024-01-23 12:00:00,2.38,210,Hyderabad
5255,2024-01-29 12:02:00,2024-01-29 12:54:00,6.46,252,Hyderabad
5256,2024-01-06 00:38:00,2024-01-06 01:11:00,3.76,230,Hyderabad
5257,2024-01-19 19:56:00,2024-01-19 20:55:00,1.93,463,Bangalore
5258,2024-01-28 15:05:00,2024-01-28 15:33:00,1.6,231,Hyderabad
5259,2024-01-02 02:33:00,2024-01-02 03:18:00,5.71,110,Delhi
5260,2024-01-27 21:14:00,2024-01-27 22:07:00,1.72,413,Bangalore
5261,2024-01-21 22:58:00,2024-01-21 23:42:00,1.46,193,Chennai
5262,2024-01-15 14:32:00,2024-01-15 15:23:00,2.59,212,Bangalore
5263,2024-01-27 09:52:00,2024-01-27 10:26:00,4.43,425,Chennai
5264,2024-01-20 20:44:00,2024-01-20 21:34:00,4.45,155,Mumbai
5265,2024-01-01 12:06:00,2024-01-01 12:54:00,4.41,362,Mumbai
5266,2024-01-07 11:21:00,2024-01-07 12:01:00,7.71,370,Mumbai
5267,2024-01-14 01:06:00,2024-01-14 01:40:00,6.67,354,Hyderabad
5268,2024-01-10 11:48:00,2024-01-10 12:26:00,8.78,429,Chennai
5269,2024-01-11 09:47:00,2024-01-11 10:25:00,5.34,161,Hyderabad
5270,2024-01-11 05:41:00,2024-01-11 06:28:00,6.95,117,Bangalore
5271,2024-01-28 00:26:00,2024-01-28 00:53:00,2.56,382,Mumbai
5272,2024-01-09 14:32:00,2024-01-09 15:26:00,9.42,226,Chennai
5273,2024-01-17 11:15:00,2024-01-17 12:05:00,9.38,133,Delhi
5274,2024-01-20 01:52:00,2024-01-20 02:18:00,2.93,161,Bangalore
5275,2024-01-06 10:32:00,2024-01-06 11:22:00,9.01,401,Mumbai
5276,2024-01-13 09:28:00,2024-01-13 10:08:00,8.04,184,Chennai
5277,2024-01-13 11:03:00,2024-01-13 11:36:00,5.54,366,Hyderabad
5278,2024-01-13 17:34:00,2024-01-13 18:17:00,6.17,478,Mumbai
5279,2024-01-10 03:47:00,2024-01-10 04:21:00,3.49,191,Hyderabad
5280,2024-01-19 21:46:00,2024-01-19 22:35:00,2.26,167,Mumbai
5281,2024-01-05 13:42:00,2024-01-05 14:28:00,4.95,116,Hyderabad
5282,2024-01-09 22:50:00,2024-01-09 23:47:00,8.2,456,Delhi
5283,2024-01-05 10:38:00,2024-01-05 11:12:00,5.12,242,Chennai
5284,2024-01-15 03:26:00,2024-01-15 03:54:00,3.27,116,Chennai
5285,2024-01-15 06:42:00,2024-01-15 07:17:00,7.2,282,Mumbai
5286,2024-01-18 12:18:00,2024-01-18 13:06:00,2.61,311,Mumbai
5287,2024-01-12 15:40:00,2024-01-12 16:26:00,8.48,268,Mumbai
5288,2024-01-21 03:26:00,2024-01-21 04:04:00,6.31,181,Hyderabad
5289,2024-01-20 13:47:00,2024-01-20 14:26:00,2.6,363,Delhi
5290,2024-01-01 11:38:00,2024-01-01 12:16:00,2.58,495,Chennai
5291,2024-01-19 08:40:00,2024-01-19 09:28:00,8.52,214,Mumbai
5292,2024-01-31 18:22:00,2024-01-31 18:52:00,4.46,204,Chennai
5293,2024-01-02 19:01:00,2024-01-02 20:05:00,5.31,414,Hyderabad
5294,2024-01-05 18:57:00,2024-01-05 19:33:00,6.88,313,Chennai
5295,2024-01-05 19:48:00,2024-01-05 20:42:00,1.98,344,Bangalore
5296,2024-01-02 05:00:00,2024-01-02 05:39:00,5.58,275,Bangalore
5297,2024-01-04 22:46:00,2024-01-04 23:43:00,6.36,235,Delhi
5298,2024-01-14 17:47:00,2024-01-14 18:20:00,3.62,343,Delhi
5299,2024-01-27 02:15:00,2024-01-27 02:42:00,2.68,335,Mumbai
5300,2024-01-25 18:05:00,2024-01-25 18:37:00,5.74,115,Delhi
5301,2024-01-25 16:32:00,2024-01-25 17:07:00,1.45,439,Chennai
5302,2024-01-14 01:14:00,2024-01-14 01:42:00,1.42,288,Delhi
5303,2024-01-05 15:42:00,2024-01-05 16:23:00,6.59,322,Mumbai
5304,2024-01-03 09:12:00,2024-01-03 09:55:00,9.25,313,Mumbai
5305,2024-01-17 08:27:00,2024-01-17 09:06:00,4.26,216,Bangalore
5306,2024-01-09 13:11:00,2024-01-09 13:59:00,2.54,293,Delhi
5307,2024-01-11 08:40:00,2024-01-11 09:11:00,4.55,441,Delhi
5308,2024-01-25 19:08:00,2024-01-25 20:15:00,6.31,448,Delhi
5309,2024-01-03 12:10:00,2024-01-03 13:00:00,7.02,493,Chennai
5310,2024-01-09 20:29:00,2024-01-09 21:22:00,5.03,217,Hyderabad
5311,2024-01-13 10:55:00,2024-01-13 11:27:00,2.48,488,Delhi
5312,2024-01-05 23:25:00,2024-01-06 00:10:00,7.52,247,Hyderabad
5313,2024-01-29 06:43:00,2024-01-29 07:17:00,4.05,484,Mumbai
5314,2024-01-18 07:54:00,2024-01-18 08:33:00,3.44,309,Bangalore
5315,2024-01-14 01:53:00,2024-01-14 02:25:00,4.88,216,Chennai
5316,2024-01-02 10:45:00,2024-01-02 11:22:00,2.38,273,Bangalore
5317,2024-01-08 22:41:00,2024-01-08 23:49:00,6.92,143,Delhi
5318,2024-01-21 08:28:00,2024-01-21 09:07:00,4.11,304,Hyderabad
5319,2024-01-02 07:21:00,2024-01-02 08:00:00,5.48,371,Bangalore
5320,2024-01-13 07:14:00,2024-01-13 07:52:00,2.8,317,Chennai
5321,2024-01-22 12:20:00,2024-01-22 13:13:00,8.6,337,Hyderabad
5322,2024-01-03 08:00:00,2024-01-03 08:45:00,7.52,455,Chennai
5323,2024-01-30 21:55:00,2024-01-30 22:57:00,3.5,191,Bangalore
5324,2024-01-26 21:47:00,2024-01-26 22:46:00,9.76,181,Delhi
5325,2024-01-10 15:09:00,2024-01-10 15:36:00,1.91,431,Delhi
5326,2024-01-12 14:10:00,2024-01-12 14:45:00,2.16,449,Bangalore
5327,2024-01-25 04:15:00,2024-01-25 04:44:00,3.77,216,Hyderabad
5328,2024-01-20 16:13:00,2024-01-20 16:54:00,6.84,373,Bangalore
5329,2024-01-23 02:32:00,2024-01-23 03:06:00,7.3,219,Delhi
5330,2024-01-07 10:29:00,2024-01-07 11:09:00,4.35,181,Delhi
5331,2024-01-30 09:40:00,2024-01-30 10:14:00,1.67,168,Bangalore
5332,2024-01-14 22:10:00,2024-01-14 22:55:00,2.25,349,Mumbai
5333,2024-01-29 19:29:00,2024-01-29 20:16:00,1.25,434,Chennai
5334,2024-01-08 12:41:00,2024-01-08 13:24:00,3.37,354,Bangalore
5335,2024-01-12 04:26:00,2024-01-12 04:57:00,4.61,490,Delhi
5336,2024-01-20 06:19:00,2024-01-20 06:47:00,3.34,375,Hyderabad
5337,2024-01-03 23:33:00,2024-01-04 00:10:00,8.54,229,Chennai
5338,2024-01-01 22:24:00,2024-01-01 23:23:00,8.52,140,Hyderabad
5339,2024-01-25 13:43:00,2024-01-25 14:35:00,3.28,497,Hyderabad
5340,2024-01-27 22:15:00,2024-01-27 23:14:00,8.28,362,Bangalore
5341,2024-01-19 07:05:00,2024-01-19 07:35:00,3.14,441,Chennai
5342,2024-01-01 11:52:00,2024-01-01 12:25:00,1.93,283,Mumbai
5343,2024-01-19 05:32:00,2024-01-19 06:04:00,3.7,243,Chennai
5344,2024-01-18 05:45:00,2024-01-18 06:25:00,7.0,471,Mumbai
5345,2024-01-10 17:37:00,2024-01-10 18:17:00,7.11,219,Bangalore
5346,2024-01-12 14:57:00,2024-01-12 15:50:00,9.71,278,Chennai
5347,2024-01-17 09:40:00,2024-01-17 10:15:00,1.89,244,Delhi
5348,2024-01-19 09:10:00,2024-01-19 09:44:00,6.02,175,Hyderabad
5349,2024-01-03 16:44:00,2024-01-03 17:22:00,8.0,387,Delhi
5350,2024-01-22 14:54:00,2024-01-22 15:53:00,7.64,469,Hyderabad
5351,2024-01-28 00:52:00,2024-01-28 01:30:00,4.36,264,Hyderabad
5352,2024-01-31 19:38:00,2024-01-31 20:25:00,2.52,250,Bangalore
5353,2024-01-27 09:19:00,2024-01-27 09:52:00,3.57,381,Chennai
5354,2024-01-31 00:56:00,2024-01-31 01:46:00,8.11,174,Chennai
5355,2024-01-11 12:53:00,2024-01-11 13:50:00,9.46,452,Bangalore
5356,2024-01-23 18:45:00,2024-01-23 19:17:00,2.57,118,Chennai
5357,2024-01-01 21:37:00,2024-01-01 22:43:00,9.73,351,Bangalore
5358,2024-01-09 00:11:00,2024-01-09 00:56:00,9.1,142,Delhi
5359,2024-01-14 01:36:00,2024-01-14 02:00:00,1.71,412,Delhi
5360,2024-01-01 09:34:00,2024-01-01 10:07:00,5.41,464,Delhi
5361,2024-01-29 09:31:00,2024-01-29 10:05:00,1.17,215,Bangalore
5362,2024-01-23 23:44:00,2024-01-24 00:25:00,5.15,114,Mumbai
5363,2024-01-17 18:33:00,2024-01-17 19:02:00,4.29,490,Chennai
5364,2024-01-15 08:26:00,2024-01-15 09:08:00,4.89,190,Hyderabad
5365,2024-01-11 22:56:00,2024-01-11 23:53:00,3.0,204,Hyderabad
5366,2024-01-05 09:28:00,2024-01-05 10:09:00,5.63,283,Delhi
5367,2024-01-09 16:58:00,2024-01-09 17:47:00,8.43,416,Delhi
5368,2024-01-11 07:21:00,2024-01-11 07:54:00,4.9,383,Hyderabad
5369,2024-01-03 12:11:00,2024-01-03 13:11:00,6.7,129,Hyderabad
5370,2024-01-06 06:45:00,2024-01-06 07:16:00,1.17,268,Mumbai
5371,2024-01-01 17:14:00,2024-01-01 17:41:00,1.83,259,Chennai
5372,2024-01-16 23:02:00,2024-01-16 23:36:00,3.02,478,Mumbai
5373,2024-01-07 17:01:00,2024-01-07 17:26:00,1.3,469,Chennai
5374,2024-01-01 19:09:00,2024-01-01 19:54:00,1.29,120,Mumbai
5375,2024-01-29 00:17:00,2024-01-29 00:46:00,2.77,249,Hyderabad
5376,2024-01-19 16:12:00,2024-01-19 17:00:00,9.06,386,Delhi
5377,2024-01-09 12:08:00,2024-01-09 12:43:00,1.22,300,Mumbai
5378,2024-01-13 01:19:00,2024-01-13 02:02:00,7.93,377,Mumbai
5379,2024-01-07 15:10:00,2024-01-07 15:34:00,2.3,249,Bangalore
5380,2024-01-24 13:59:00,2024-01-24 14:51:00,9.99,247,Bangalore
5381,2024-01-20 02:22:00,2024-01-20 03:00:00,7.43,397,Delhi
5382,2024-01-08 19:06:00,2024-01-08 20:10:00,7.03,444,Delhi
5383,2024-01-23 08:29:00,2024-01-23 09:18:00,9.84,416,Bangalore
5384,2024-01-29 03:34:00,2024-01-29 04:14:00,3.05,405,Mumbai
5385,2024-01-20 17:11:00,2024-01-20 17:47:00,4.02,205,Mumbai
5386,2024-01-05 13:42:00,2024-01-05 14:20:00,1.31,208,Mumbai
5387,2024-01-30 02:55:00,2024-01-30 03:37:00,9.71,357,Chennai
5388,2024-01-18 12:08:00,2024-01-18 13:01:00,7.61,283,Bangalore
5389,2024-01-22 20:54:00,2024-01-22 21:58:00,8.86,285,Bangalore
5390,2024-01-25 10:12:00,2024-01-25 10:50:00,9.45,459,Hyderabad
5391,2024-01-15 19:47:00,2024-01-15 20:37:00,2.93,452,Bangalore
5392,2024-01-02 01:10:00,2024-01-02 01:59:00,7.93,450,Delhi
5393,2024-01-22 15:29:00,2024-01-22 16:15:00,7.43,348,Chennai
5394,2024-01-10 03:16:00,2024-01-10 04:03:00,8.73,479,Hyderabad
5395,2024-01-29 23:16:00,2024-01-29 23:42:00,1.3,490,Chennai
5396,2024-01-05 04:33:00,2024-01-05 05:16:00,7.93,415,Delhi
5397,2024-01-10 23:35:00,2024-01-11 00:06:00,4.75,367,Bangalore
5398,2024-01-17 21:29:00,2024-01-17 22:27:00,4.37,442,Mumbai
5399,2024-01-08 15:39:00,2024-01-08 16:12:00,4.06,132,Hyderabad
5400,2024-01-24 07:21:00,2024-01-24 07:53:00,3.75,100,Hyderabad
5401,2024-01-25 06:05:00,2024-01-25 06:43:00,5.94,400,Chennai
5402,2024-01-09 02:36:00,2024-01-09 03:24:00,9.25,127,Bangalore
5403,2024-01-27 21:17:00,2024-01-27 22:21:00,5.79,361,Hyderabad
5404,2024-01-24 09:08:00,2024-01-24 09:54:00,9.85,277,Mumbai
5405,2024-01-03 06:41:00,2024-01-03 07:05:00,1.41,369,Chennai
5406,2024-01-04 15:08:00,2024-01-04 15:47:00,2.88,305,Hyderabad
5407,2024-01-12 23:38:00,2024-01-13 00:26:00,9.65,153,Bangalore
5408,2024-01-07 12:57:00,2024-01-07 13:50:00,5.64,291,Delhi
5409,2024-01-09 02:39:00,2024-01-09 03:28:00,9.03,277,Hyderabad
5410,2024-01-09 22:27:00,2024-01-09 23:27:00,2.54,418,Mumbai
5411,2024-01-17 04:12:00,2024-01-17 04:45:00,2.73,294,Bangalore
5412,2024-01-26 09:36:00,2024-01-26 10:18:00,5.02,141,Bangalore
5413,2024-01-31 17:32:00,2024-01-31 18:08:00,4.62,145,Mumbai
5414,2024-01-03 23:26:00,2024-01-04 00:03:00,7.63,142,Mumbai
5415,2024-01-01 10:21:00,2024-01-01 10:56:00,4.41,213,Bangalore
5416,2024-01-03 11:02:00,2024-01-03 11:49:00,8.68,206,Chennai
5417,2024-01-03 17:44:00,2024-01-03 18:14:00,2.97,366,Bangalore
5418,2024-01-01 16:24:00,2024-01-01 16:57:00,3.88,224,Mumbai
5419,2024-01-01 02:10:00,2024-01-01 02:50:00,4.44,113,Mumbai
5420,2024-01-15 09:37:00,2024-01-15 10:15:00,2.44,483,Delhi
5421,2024-01-14 09:07:00,2024-01-14 09:42:00,2.99,314,Hyderabad
5422,2024-01-15 08:03:00,2024-01-15 08:38:00,1.39,152,Chennai
5423,2024-01-23 18:05:00,2024-01-23 18:41:00,8.0,303,Chennai
5424,2024-01-28 07:17:00,2024-01-28 07:58:00,6.3,234,Delhi
5425,2024-01-17 07:43:00,2024-01-17 08:27:00,5.55,177,Chennai
5426,2024-01-27 14:57:00,2024-01-27 15:33:00,3.14,101,Bangalore
5427,2024-01-02 02:42:00,2024-01-02 03:16:00,2.07,230,Chennai
5428,2024-01-15 14:50:00,2024-01-15 15:46:00,8.68,369,Delhi
5429,2024-01-11 16:41:00,2024-01-11 17:17:00,4.51,299,Hyderabad
5430,2024-01-04 11:34:00,2024-01-04 12:10:00,6.52,345,Bangalore
5431,2024-01-22 14:34:00,2024-01-22 15:25:00,3.57,126,Delhi
5432,2024-01-21 16:20:00,2024-01-21 17:01:00,7.61,204,Hyderabad
5433,2024-01-24 02:21:00,2024-01-24 02:57:00,7.47,448,Delhi
5434,2024-01-25 03:40:00,2024-01-25 04:19:00,5.25,274,Mumbai
5435,2024-01-02 10:08:00,2024-01-02 10:42:00,1.03,307,Mumbai
5436,2024-01-16 04:36:00,2024-01-16 05:06:00,1.2,114,Mumbai
5437,2024-01-01 14:26:00,2024-01-01 15:22:00,6.88,191,Bangalore
5438,2024-01-12 16:34:00,2024-01-12 17:09:00,4.11,246,Chennai
5439,2024-01-25 22:44:00,2024-01-25 23:48:00,5.87,133,Delhi
5440,2024-01-03 08:57:00,2024-01-03 09:32:00,5.67,171,Delhi
5441,2024-01-21 04:21:00,2024-01-21 05:11:00,8.1,245,Delhi
5442,2024-01-28 04:20:00,2024-01-28 04:44:00,2.17,256,Delhi
5443,2024-01-31 11:19:00,2024-01-31 11:59:00,6.35,383,Chennai
5444,2024-01-09 01:33:00,2024-01-09 02:04:00,4.92,490,Chennai
5445,2024-01-29 06:32:00,2024-01-29 07:07:00,3.48,124,Chennai
5446,2024-01-31 22:32:00,2024-01-31 23:28:00,6.15,499,Bangalore
5447,2024-01-07 02:01:00,2024-01-07 02:39:00,6.65,361,Hyderabad
5448,2024-01-25 02:53:00,2024-01-25 03:28:00,3.76,127,Bangalore
5449,2024-01-07 08:58:00,2024-01-07 09:29:00,3.89,448,Hyderabad
5450,2024-01-23 14:03:00,2024-01-23 14:59:00,6.15,323,Chennai
5451,2024-01-21 14:24:00,2024-01-21 15:25:00,6.91,163,Mumbai
5452,2024-01-11 17:15:00,2024-01-11 17:55:00,6.54,131,Chennai
5453,2024-01-19 23:04:00,2024-01-19 23:42:00,5.94,207,Hyderabad
5454,2024-01-04 21:23:00,2024-01-04 22:10:00,2.32,138,Bangalore
5455,2024-01-27 04:22:00,2024-01-27 05:04:00,4.95,417,Bangalore
5456,2024-01-21 22:51:00,2024-01-21 23:51:00,3.02,283,Chennai
5457,2024-01-27 19:26:00,2024-01-27 20:40:00,8.83,226,Delhi
5458,2024-01-18 16:54:00,2024-01-18 17:23:00,4.28,235,Chennai
5459,2024-01-28 21:11:00,2024-01-28 22:14:00,6.16,278,Bangalore
5460,2024-01-03 07:49:00,2024-01-03 08:23:00,3.57,292,Delhi
5461,2024-01-12 01:52:00,2024-01-12 02:23:00,2.79,223,Hyderabad
5462,2024-01-16 07:36:00,2024-01-16 08:16:00,4.89,192,Chennai
5463,2024-01-23 08:39:00,2024-01-23 09:21:00,8.58,445,Hyderabad
5464,2024-01-29 20:41:00,2024-01-29 21:57:00,9.12,308,Chennai
5465,2024-01-27 07:47:00,2024-01-27 08:25:00,6.49,313,Hyderabad
5466,2024-01-09 18:06:00,2024-01-09 18:40:00,4.85,344,Chennai
5467,2024-01-22 04:45:00,2024-01-22 05:35:00,9.24,288,Bangalore
5468,2024-01-26 12:15:00,2024-01-26 13:20:00,8.06,439,Mumbai
5469,2024-01-01 23:31:00,2024-01-02 00:07:00,4.1,314,Hyderabad
5470,2024-01-15 16:48:00,2024-01-15 17:35:00,8.37,449,Chennai
5471,2024-01-19 14:34:00,2024-01-19 15:17:00,5.35,457,Bangalore
5472,2024-01-08 15:23:00,2024-01-08 16:07:00,7.29,458,Hyderabad
5473,2024-01-12 03:22:00,2024-01-12 04:10:00,9.67,487,Chennai
5474,2024-01-23 11:36:00,2024-01-23 12:06:00,5.49,482,Bangalore
5475,2024-01-10 08:26:00,2024-01-10 08:56:00,4.19,454,Mumbai
5476,2024-01-28 08:04:00,2024-01-28 08:50:00,9.46,431,Bangalore
5477,2024-01-22 11:17:00,2024-01-22 11:39:00,1.09,145,Bangalore
5478,2024-01-03 21:38:00,2024-01-03 22:52:00,9.42,480,Mumbai
5479,2024-01-21 18:49:00,2024-01-21 19:27:00,3.1,378,Chennai
5480,2024-01-07 14:25:00,2024-01-07 15:01:00,2.1,469,Delhi
5481,2024-01-26 04:20:00,2024-01-26 04:53:00,4.48,326,Chennai
5482,2024-01-06 09:15:00,2024-01-06 09:56:00,4.28,199,Mumbai
5483,2024-01-19 20:21:00,2024-01-19 21:18:00,7.05,286,Delhi
5484,2024-01-28 06:05:00,2024-01-28 06:56:00,8.75,479,Mumbai
5485,2024-01-02 14:37:00,2024-01-02 15:29:00,3.11,183,Chennai
5486,2024-01-20 08:11:00,2024-01-20 08:39:00,3.2,389,Bangalore
5487,2024-01-25 12:18:00,2024-01-25 12:52:00,1.42,251,Chennai
5488,2024-01-04 09:38:00,2024-01-04 10:29:00,8.53,258,Hyderabad
5489,2024-01-23 05:55:00,2024-01-23 06:32:00,6.74,255,Chennai
5490,2024-01-16 05:24:00,2024-01-16 05:52:00,3.73,259,Delhi
5491,2024-01-03 16:29:00,2024-01-03 17:08:00,4.31,403,Delhi
5492,2024-01-10 20:44:00,2024-01-10 21:50:00,7.35,441,Mumbai
5493,2024-01-19 23:21:00,2024-01-20 00:01:00,3.77,200,Mumbai
5494,2024-01-19 11:43:00,2024-01-19 12:26:00,5.58,289,Bangalore
5495,2024-01-04 23:19:00,2024-01-05 00:08:00,8.92,471,Mumbai
5496,2024-01-28 08:07:00,2024-01-28 08:34:00,1.96,172,Mumbai
5497,2024-01-14 04:55:00,2024-01-14 05:31:00,5.59,440,Hyderabad
5498,2024-01-03 13:55:00,2024-01-03 14:47:00,9.98,361,Mumbai
5499,2024-01-11 03:37:00,2024-01-11 04:18:00,7.73,358,Bangalore
5500,2024-01-11 09:55:00,2024-01-11 10:34:00,6.57,355,Chennai
5501,2024-01-16 06:37:00,2024-01-16 07:05:00,1.56,461,Chennai
5502,2024-01-17 21:09:00,2024-01-17 22:26:00,9.01,175,Bangalore
5503,2024-01-26 18:06:00,2024-01-26 18:43:00,4.85,326,Bangalore
5504,2024-01-06 04:02:00,2024-01-06 04:46:00,8.41,232,Mumbai
5505,2024-01-14 22:23:00,2024-01-14 23:30:00,5.65,293,Chennai
5506,2024-01-13 02:41:00,2024-01-13 03:28:00,9.11,280,Mumbai
5507,2024-01-29 16:49:00,2024-01-29 17:27:00,3.01,202,Mumbai
5508,2024-01-16 23:45:00,2024-01-17 00:25:00,3.78,455,Delhi
5509,2024-01-19 15:20:00,2024-01-19 15:58:00,2.04,258,Chennai
5510,2024-01-22 01:31:00,2024-01-22 01:56:00,2.26,269,Delhi
5511,2024-01-17 13:37:00,2024-01-17 14:37:00,7.82,411,Hyderabad
5512,2024-01-03 04:45:00,2024-01-03 05:31:00,7.09,447,Mumbai
5513,2024-01-03 02:07:00,2024-01-03 02:48:00,4.89,451,Delhi
5514,2024-01-30 13:23:00,2024-01-30 14:18:00,3.38,147,Chennai
5515,2024-01-25 01:07:00,2024-01-25 01:41:00,2.9,248,Hyderabad
5516,2024-01-13 17:07:00,2024-01-13 17:41:00,1.07,148,Mumbai
5517,2024-01-28 10:11:00,2024-01-28 10:53:00,7.32,330,Bangalore
5518,2024-01-30 07:30:00,2024-01-30 08:08:00,8.89,170,Mumbai
5519,2024-01-23 12:51:00,2024-01-23 13:39:00,5.67,435,Delhi
5520,2024-01-24 06:21:00,2024-01-24 06:59:00,5.2,367,Mumbai
5521,2024-01-01 23:41:00,2024-01-02 00:16:00,7.98,341,Chennai
5522,2024-01-14 22:00:00,2024-01-14 22:56:00,5.02,361,Bangalore
5523,2024-01-21 16:56:00,2024-01-21 17:24:00,2.55,117,Mumbai
5524,2024-01-25 06:06:00,2024-01-25 06:35:00,1.53,380,Delhi
5525,2024-01-17 06:36:00,2024-01-17 07:16:00,8.51,112,Hyderabad
5526,2024-01-01 02:50:00,2024-01-01 03:19:00,1.44,237,Chennai
5527,2024-01-09 01:32:00,2024-01-09 02:04:00,5.44,164,Delhi
5528,2024-01-06 21:43:00,2024-01-06 22:39:00,6.65,215,Hyderabad
5529,2024-01-10 19:36:00,2024-01-10 20:25:00,2.6,202,Bangalore
5530,2024-01-05 13:23:00,2024-01-05 14:17:00,7.13,381,Delhi
5531,2024-01-31 14:32:00,2024-01-31 15:36:00,7.78,470,Delhi
5532,2024-01-15 05:27:00,2024-01-15 06:16:00,8.72,126,Chennai
5533,2024-01-04 20:33:00,2024-01-04 21:26:00,6.61,123,Hyderabad
5534,2024-01-25 19:47:00,2024-01-25 21:00:00,7.32,474,Mumbai
5535,2024-01-28 23:47:00,2024-01-29 00:26:00,9.12,245,Chennai
5536,2024-01-21 10:04:00,2024-01-21 10:50:00,8.77,275,Hyderabad
5537,2024-01-02 04:19:00,2024-01-02 05:03:00,6.98,101,Bangalore
5538,2024-01-05 10:47:00,2024-01-05 11:18:00,1.39,449,Hyderabad
5539,2024-01-10 03:42:00,2024-01-10 04:25:00,6.44,151,Hyderabad
5540,2024-01-17 22:28:00,2024-01-17 23:28:00,1.54,432,Hyderabad
5541,2024-01-29 15:38:00,2024-01-29 16:18:00,3.4,132,Chennai
5542,2024-01-02 13:00:00,2024-01-02 14:00:00,5.53,228,Chennai
5543,2024-01-19 06:18:00,2024-01-19 07:03:00,6.07,499,Mumbai
5544,2024-01-09 07:05:00,2024-01-09 07:35:00,4.38,354,Hyderabad
5545,2024-01-11 18:05:00,2024-01-11 18:56:00,9.97,417,Hyderabad
5546,2024-01-17 14:30:00,2024-01-17 15:17:00,7.84,218,Bangalore
5547,2024-01-21 15:42:00,2024-01-21 16:19:00,5.97,460,Bangalore
5548,2024-01-28 05:45:00,2024-01-28 06:27:00,6.08,181,Chennai
5549,2024-01-30 15:24:00,2024-01-30 16:00:00,4.15,202,Chennai
5550,2024-01-09 06:51:00,2024-01-09 07:30:00,2.55,461,Delhi
5551,2024-01-28 16:58:00,2024-01-28 17:46:00,8.02,276,Hyderabad
5552,2024-01-31 20:41:00,2024-01-31 21:36:00,6.99,189,Mumbai
5553,2024-01-18 12:42:00,2024-01-18 13:25:00,1.32,424,Delhi
5554,2024-01-10 07:48:00,2024-01-10 08:31:00,7.41,267,Delhi
5555,2024-01-27 13:21:00,2024-01-27 14:23:00,9.01,316,Delhi
5556,2024-01-22 10:05:00,2024-01-22 10:44:00,7.25,241,Delhi
5557,2024-01-29 18:53:00,2024-01-29 19:26:00,6.17,153,Bangalore
5558,2024-01-03 20:40:00,2024-01-03 21:36:00,3.56,470,Mumbai
5559,2024-01-01 22:18:00,2024-01-01 23:22:00,6.77,440,Delhi
5560,2024-01-06 18:20:00,2024-01-06 19:01:00,5.43,223,Hyderabad
5561,2024-01-29 12:26:00,2024-01-29 13:15:00,5.45,268,Hyderabad
5562,2024-01-27 02:31:00,2024-01-27 03:10:00,9.56,299,Hyderabad
5563,2024-01-19 04:59:00,2024-01-19 05:38:00,4.58,142,Bangalore
5564,2024-01-31 13:57:00,2024-01-31 14:45:00,1.65,218,Bangalore
5565,2024-01-19 00:52:00,2024-01-19 01:30:00,3.69,235,Delhi
5566,2024-01-27 01:11:00,2024-01-27 01:47:00,4.85,157,Bangalore
5567,2024-01-06 20:57:00,2024-01-06 21:48:00,4.8,466,Bangalore
5568,2024-01-28 01:15:00,2024-01-28 01:57:00,4.75,288,Delhi
5569,2024-01-22 21:10:00,2024-01-22 22:17:00,4.19,444,Chennai
5570,2024-01-15 23:01:00,2024-01-15 23:42:00,6.64,204,Mumbai
5571,2024-01-07 08:53:00,2024-01-07 09:40:00,8.31,218,Bangalore
5572,2024-01-10 22:13:00,2024-01-10 23:15:00,8.49,164,Mumbai
5573,2024-01-28 01:19:00,2024-01-28 01:57:00,2.88,107,Delhi
5574,2024-01-27 02:35:00,2024-01-27 03:17:00,8.06,460,Mumbai
5575,2024-01-21 23:00:00,2024-01-21 23:34:00,5.22,416,Bangalore
5576,2024-01-05 10:18:00,2024-01-05 11:03:00,9.78,431,Chennai
5577,2024-01-29 20:28:00,2024-01-29 21:34:00,9.48,156,Delhi
5578,2024-01-16 04:44:00,2024-01-16 05:26:00,6.23,185,Delhi
5579,2024-01-25 15:52:00,2024-01-25 16:33:00,3.68,128,Delhi
5580,2024-01-26 19:26:00,2024-01-26 20:29:00,6.56,221,Bangalore
5581,2024-01-16 15:26:00,2024-01-16 15:53:00,3.82,127,Delhi
5582,2024-01-23 09:44:00,2024-01-23 10:25:00,9.08,373,Bangalore
5583,2024-01-08 03:19:00,2024-01-08 04:07:00,7.19,408,Hyderabad
5584,2024-01-21 15:36:00,2024-01-21 16:12:00,1.08,285,Delhi
5585,2024-01-21 00:43:00,2024-01-21 01:22:00,3.42,463,Chennai
5586,2024-01-13 18:41:00,2024-01-13 19:22:00,6.11,393,Mumbai
5587,2024-01-17 12:09:00,2024-01-17 13:02:00,4.53,357,Mumbai
5588,2024-01-19 11:51:00,2024-01-19 12:21:00,1.94,219,Mumbai
5589,2024-01-04 05:54:00,2024-01-04 06:31:00,6.51,408,Mumbai
5590,2024-01-31 05:37:00,2024-01-31 06:26:00,8.77,280,Hyderabad
5591,2024-01-31 18:44:00,2024-01-31 19:22:00,7.13,415,Bangalore
5592,2024-01-17 07:17:00,2024-01-17 07:54:00,7.96,258,Hyderabad
5593,2024-01-28 18:16:00,2024-01-28 19:00:00,8.96,385,Hyderabad
5594,2024-01-20 01:17:00,2024-01-20 01:42:00,1.05,113,Bangalore
5595,2024-01-01 03:19:00,2024-01-01 03:50:00,3.47,374,Hyderabad
5596,2024-01-25 15:28:00,2024-01-25 16:20:00,9.0,252,Hyderabad
5597,2024-01-07 10:27:00,2024-01-07 10:55:00,2.52,142,Mumbai
5598,2024-01-16 22:44:00,2024-01-16 23:52:00,7.88,309,Delhi
5599,2024-01-24 12:20:00,2024-01-24 13:24:00,8.45,217,Mumbai
5600,2024-01-30 10:22:00,2024-01-30 10:59:00,6.88,388,Mumbai
5601,2024-01-16 22:41:00,2024-01-16 23:44:00,3.34,251,Delhi
5602,2024-01-23 16:33:00,2024-01-23 17:21:00,8.55,432,Delhi
5603,2024-01-19 00:05:00,2024-01-19 00:36:00,2.68,412,Mumbai
5604,2024-01-19 20:18:00,2024-01-19 21:26:00,4.6,132,Hyderabad
5605,2024-01-03 20:13:00,2024-01-03 21:03:00,1.2,236,Hyderabad
5606,2024-01-11 10:39:00,2024-01-11 11:10:00,3.74,433,Bangalore
5607,2024-01-30 13:43:00,2024-01-30 14:32:00,4.72,172,Bangalore
5608,2024-01-27 06:31:00,2024-01-27 07:09:00,8.16,314,Bangalore
5609,2024-01-16 08:44:00,2024-01-16 09:18:00,2.34,210,Bangalore
5610,2024-01-10 23:22:00,2024-01-11 00:07:00,8.87,347,Chennai
5611,2024-01-21 22:53:00,2024-01-21 23:52:00,2.31,369,Bangalore
5612,2024-01-26 13:27:00,2024-01-26 14:15:00,9.08,418,Hyderabad
5613,2024-01-09 06:13:00,2024-01-09 06:55:00,4.79,387,Hyderabad
5614,2024-01-02 09:51:00,2024-01-02 10:32:00,7.25,239,Chennai
5615,2024-01-30 06:23:00,2024-01-30 06:59:00,7.3,116,Chennai
5616,2024-01-26 00:30:00,2024-01-26 01:10:00,8.14,144,Delhi
5617,2024-01-16 17:41:00,2024-01-16 18:11:00,4.35,471,Bangalore
5618,2024-01-05 23:22:00,2024-01-06 00:06:00,9.94,358,Mumbai
5619,2024-01-12 02:10:00,2024-01-12 02:48:00,8.21,114,Chennai
5620,2024-01-11 06:31:00,2024-01-11 07:03:00,4.75,129,Mumbai
5621,2024-01-05 16:02:00,2024-01-05 16:37:00,5.9,160,Delhi
5622,2024-01-24 07:45:00,2024-01-24 08:31:00,8.86,109,Chennai
5623,2024-01-26 07:21:00,2024-01-26 07:58:00,2.48,110,Mumbai
5624,2024-01-06 17:45:00,2024-01-06 18:25:00,9.98,479,Chennai
5625,2024-01-10 03:06:00,2024-01-10 03:31:00,2.27,146,Chennai
5626,2024-01-10 16:02:00,2024-01-10 16:34:00,1.02,405,Chennai
5627,2024-01-16 10:10:00,2024-01-16 10:38:00,1.68,227,Mumbai
5628,2024-01-12 15:15:00,2024-01-12 15:45:00,5.15,152,Chennai
5629,2024-01-10 20:15:00,2024-01-10 21:07:00,4.04,123,Chennai
5630,2024-01-24 09:29:00,2024-01-24 10:11:00,9.63,196,Bangalore
5631,2024-01-13 02:09:00,2024-01-13 02:49:00,4.49,387,Bangalore
5632,2024-01-03 16:13:00,2024-01-03 16:52:00,5.9,399,Bangalore
5633,2024-01-20 07:07:00,2024-01-20 07:34:00,3.24,472,Mumbai
5634,2024-01-31 18:06:00,2024-01-31 18:53:00,7.66,406,Chennai
5635,2024-01-18 06:49:00,2024-01-18 07:29:00,4.42,313,Hyderabad
5636,2024-01-15 12:39:00,2024-01-15 13:30:00,2.14,345,Hyderabad
5637,2024-01-13 19:12:00,2024-01-13 20:06:00,7.33,170,Mumbai
5638,2024-01-02 13:01:00,2024-01-02 13:51:00,5.25,408,Delhi
5639,2024-01-25 02:25:00,2024-01-25 03:00:00,4.05,487,Delhi
5640,2024-01-13 07:30:00,2024-01-13 08:02:00,1.06,352,Hyderabad
5641,2024-01-30 19:26:00,2024-01-30 20:15:00,3.53,158,Hyderabad
5642,2024-01-16 16:25:00,2024-01-16 16:59:00,2.48,488,Delhi
5643,2024-01-06 18:38:00,2024-01-06 19:21:00,5.02,290,Mumbai
5644,2024-01-22 19:43:00,2024-01-22 20:40:00,8.75,440,Chennai
5645,2024-01-28 00:07:00,2024-01-28 00:42:00,7.5,143,Bangalore
5646,2024-01-23 04:01:00,2024-01-23 04:32:00,5.63,499,Delhi
5647,2024-01-22 22:41:00,2024-01-22 23:32:00,3.38,192,Mumbai
5648,2024-01-11 19:18:00,2024-01-11 20:18:00,3.29,448,Mumbai
5649,2024-01-13 20:04:00,2024-01-13 20:57:00,1.52,382,Mumbai
5650,2024-01-27 05:17:00,2024-01-27 06:00:00,9.11,206,Bangalore
5651,2024-01-26 06:45:00,2024-01-26 07:27:00,5.0,175,Bangalore
5652,2024-01-05 05:59:00,2024-01-05 06:38:00,7.57,463,Mumbai
5653,2024-01-25 16:05:00,2024-01-25 16:45:00,4.0,382,Mumbai
5654,2024-01-30 10:00:00,2024-01-30 10:40:00,5.52,214,Delhi
5655,2024-01-28 00:18:00,2024-01-28 00:56:00,6.54,145,Bangalore
5656,2024-01-07 14:18:00,2024-01-07 15:00:00,2.08,387,Delhi
5657,2024-01-30 10:15:00,2024-01-30 10:55:00,7.79,481,Bangalore
5658,2024-01-09 10:30:00,2024-01-09 11:06:00,7.48,287,Chennai
5659,2024-01-12 18:32:00,2024-01-12 19:02:00,1.81,190,Delhi
5660,2024-01-30 11:09:00,2024-01-30 11:43:00,4.61,382,Mumbai
5661,2024-01-28 04:59:00,2024-01-28 05:39:00,9.7,364,Bangalore
5662,2024-01-24 13:14:00,2024-01-24 13:55:00,2.03,442,Hyderabad
5663,2024-01-01 17:39:00,2024-01-01 18:17:00,5.29,383,Chennai
5664,2024-01-16 08:35:00,2024-01-16 09:03:00,2.1,147,Bangalore
5665,2024-01-24 20:12:00,2024-01-24 21:08:00,6.4,357,Delhi
5666,2024-01-30 17:07:00,2024-01-30 17:47:00,6.25,318,Delhi
5667,2024-01-25 00:51:00,2024-01-25 01:26:00,4.66,241,Mumbai
5668,2024-01-14 04:09:00,2024-01-14 04:51:00,7.56,212,Delhi
5669,2024-01-10 05:17:00,2024-01-10 06:04:00,9.65,387,Mumbai
5670,2024-01-21 20:45:00,2024-01-21 21:49:00,4.92,430,Hyderabad
5671,2024-01-09 17:41:00,2024-01-09 18:07:00,2.17,206,Mumbai
5672,2024-01-24 12:32:00,2024-01-24 13:22:00,7.28,396,Hyderabad
5673,2024-01-18 16:01:00,2024-01-18 16:34:00,1.15,241,Mumbai
5674,2024-01-26 15:35:00,2024-01-26 16:16:00,9.14,335,Delhi
5675,2024-01-19 06:55:00,2024-01-19 07:31:00,3.77,330,Delhi
5676,2024-01-01 07:50:00,2024-01-01 08:24:00,2.95,183,Chennai
5677,2024-01-29 14:05:00,2024-01-29 14:50:00,7.69,397,Chennai
5678,2024-01-25 22:23:00,2024-01-25 23:27:00,4.65,194,Chennai
5679,2024-01-31 07:36:00,2024-01-31 08:11:00,6.92,111,Chennai
5680,2024-01-18 14:49:00,2024-01-18 15:30:00,5.86,108,Mumbai
5681,2024-01-12 13:27:00,2024-01-12 14:33:00,8.55,133,Delhi
5682,2024-01-13 10:49:00,2024-01-13 11:28:00,6.92,134,Chennai
5683,2024-01-02 03:37:00,2024-01-02 04:03:00,2.71,370,Bangalore
5684,2024-01-11 04:44:00,2024-01-11 05:26:00,9.07,420,Delhi
5685,2024-01-13 22:38:00,2024-01-13 23:45:00,7.56,478,Hyderabad
5686,2024-01-12 12:12:00,2024-01-12 12:50:00,1.24,226,Hyderabad
5687,2024-01-24 16:43:00,2024-01-24 17:26:00,4.78,161,Mumbai
5688,2024-01-15 03:39:00,2024-01-15 04:32:00,9.79,495,Hyderabad
5689,2024-01-24 22:59:00,2024-01-25 00:15:00,9.59,321,Delhi
5690,2024-01-24 16:55:00,2024-01-24 17:46:00,9.09,448,Delhi
5691,2024-01-11 08:04:00,2024-01-11 08:43:00,8.97,342,Delhi
5692,2024-01-27 14:44:00,2024-01-27 15:41:00,4.15,101,Chennai
5693,2024-01-31 15:59:00,2024-01-31 16:32:00,5.02,455,Delhi
5694,2024-01-28 13:53:00,2024-01-28 14:51:00,4.97,426,Mumbai
5695,2024-01-08 07:10:00,2024-01-08 07:37:00,2.01,410,Chennai
5696,2024-01-26 06:35:00,2024-01-26 07:14:00,7.5,284,Chennai
5697,2024-01-19 22:26:00,2024-01-19 23:25:00,1.36,453,Chennai
5698,2024-01-30 00:58:00,2024-01-30 01:36:00,7.43,230,Mumbai
5699,2024-01-08 20:45:00,2024-01-08 21:44:00,7.44,403,Hyderabad
5700,2024-01-03 02:31:00,2024-01-03 03:09:00,4.5,279,Mumbai
5701,2024-01-26 08:29:00,2024-01-26 09:13:00,6.33,280,Delhi
5702,2024-01-07 02:56:00,2024-01-07 03:44:00,7.47,258,Bangalore
5703,2024-01-11 08:29:00,2024-01-11 09:22:00,9.76,364,Chennai
5704,2024-01-01 18:56:00,2024-01-01 19:36:00,9.16,462,Mumbai
5705,2024-01-31 01:02:00,2024-01-31 01:41:00,5.8,257,Hyderabad
5706,2024-01-03 21:38:00,2024-01-03 22:29:00,3.73,380,Mumbai
5707,2024-01-08 20:09:00,2024-01-08 20:56:00,3.08,475,Bangalore
5708,2024-01-26 07:11:00,2024-01-26 07:45:00,6.01,231,Delhi
5709,2024-01-15 00:35:00,2024-01-15 01:09:00,3.43,456,Mumbai
5710,2024-01-10 12:38:00,2024-01-10 13:18:00,4.44,426,Chennai
5711,2024-01-18 23:24:00,2024-01-19 00:04:00,4.02,269,Hyderabad
5712,2024-01-25 19:23:00,2024-01-25 20:30:00,8.25,272,Bangalore
5713,2024-01-08 05:21:00,2024-01-08 06:01:00,5.46,224,Chennai
5714,2024-01-06 11:37:00,2024-01-06 12:24:00,8.05,354,Mumbai
5715,2024-01-14 13:51:00,2024-01-14 14:36:00,2.96,463,Chennai
5716,2024-01-28 11:24:00,2024-01-28 11:53:00,3.61,378,Hyderabad
5717,2024-01-15 20:02:00,2024-01-15 21:00:00,5.15,226,Bangalore
5718,2024-01-18 12:02:00,2024-01-18 12:55:00,8.04,273,Mumbai
5719,2024-01-01 21:01:00,2024-01-01 22:04:00,8.02,308,Bangalore
5720,2024-01-09 01:37:00,2024-01-09 02:07:00,3.52,214,Delhi
5721,2024-01-09 09:55:00,2024-01-09 10:21:00,1.33,450,Delhi
5722,2024-01-15 16:12:00,2024-01-15 16:59:00,9.03,248,Delhi
5723,2024-01-12 03:15:00,2024-01-12 04:05:00,9.15,367,Chennai
5724,2024-01-21 09:34:00,2024-01-21 10:21:00,9.97,171,Mumbai
5725,2024-01-28 07:39:00,2024-01-28 08:06:00,2.39,266,Hyderabad
5726,2024-01-04 13:14:00,2024-01-04 14:07:00,3.3,380,Delhi
5727,2024-01-30 07:18:00,2024-01-30 07:49:00,1.29,138,Delhi
5728,2024-01-05 02:13:00,2024-01-05 02:47:00,1.83,322,Chennai
5729,2024-01-10 22:08:00,2024-01-10 23:07:00,5.5,456,Chennai
5730,2024-01-14 13:17:00,2024-01-14 14:08:00,4.72,292,Bangalore
5731,2024-01-26 02:12:00,2024-01-26 02:59:00,9.77,438,Mumbai
5732,2024-01-22 21:37:00,2024-01-22 22:52:00,9.71,135,Mumbai
5733,2024-01-19 09:41:00,2024-01-19 10:22:00,5.67,368,Delhi
5734,2024-01-25 20:08:00,2024-01-25 21:07:00,3.19,483,Delhi
5735,2024-01-02 00:24:00,2024-01-02 01:04:00,9.74,455,Delhi
5736,2024-01-25 19:06:00,2024-01-25 20:06:00,5.03,395,Chennai
5737,2024-01-17 23:06:00,2024-01-17 23:48:00,5.85,101,Chennai
5738,2024-01-20 17:09:00,2024-01-20 17:33:00,1.17,290,Mumbai
5739,2024-01-17 22:22:00,2024-01-17 23:26:00,7.94,321,Bangalore
5740,2024-01-18 16:21:00,2024-01-18 16:55:00,6.21,182,Bangalore
5741,2024-01-24 23:18:00,2024-01-24 23:53:00,3.36,486,Mumbai
5742,2024-01-20 20:20:00,2024-01-20 21:23:00,3.35,378,Delhi
5743,2024-01-24 11:41:00,2024-01-24 12:14:00,3.95,394,Chennai
5744,2024-01-23 19:43:00,2024-01-23 20:39:00,1.53,254,Delhi
5745,2024-01-07 23:30:00,2024-01-08 00:07:00,6.59,286,Hyderabad
5746,2024-01-09 04:52:00,2024-01-09 05:18:00,3.13,319,Bangalore
5747,2024-01-03 01:41:00,2024-01-03 02:16:00,4.35,316,Hyderabad
5748,2024-01-16 19:58:00,2024-01-16 20:56:00,8.06,292,Bangalore
5749,2024-01-28 20:07:00,2024-01-28 21:15:00,9.34,165,Hyderabad
5750,2024-01-21 23:25:00,2024-01-22 00:05:00,8.75,259,Mumbai
5751,2024-01-16 21:08:00,2024-01-16 22:13:00,7.28,248,Delhi
5752,2024-01-10 03:06:00,2024-01-10 03:53:00,6.98,301,Delhi
5753,2024-01-24 23:07:00,2024-01-24 23:44:00,2.63,137,Delhi
5754,2024-01-21 18:25:00,2024-01-21 19:04:00,9.12,364,Delhi
5755,2024-01-01 22:32:00,2024-01-01 23:36:00,7.46,291,Mumbai
5756,2024-01-25 08:06:00,2024-01-25 08:51:00,6.48,171,Chennai
5757,2024-01-07 00:33:00,2024-01-07 01:01:00,2.58,168,Hyderabad
5758,2024-01-05 14:37:00,2024-01-05 15:27:00,6.8,302,Chennai
5759,2024-01-27 08:49:00,2024-01-27 09:31:00,8.33,465,Bangalore
5760,2024-01-23 05:39:00,2024-01-23 06:10:00,4.3,282,Hyderabad
5761,2024-01-29 10:43:00,2024-01-29 11:26:00,6.91,137,Hyderabad
5762,2024-01-04 07:02:00,2024-01-04 07:50:00,8.08,181,Bangalore
5763,2024-01-07 10:44:00,2024-01-07 11:30:00,6.88,468,Hyderabad
5764,2024-01-04 23:52:00,2024-01-05 00:32:00,3.75,218,Mumbai
5765,2024-01-02 05:12:00,2024-01-02 05:58:00,9.58,180,Mumbai
5766,2024-01-15 22:26:00,2024-01-15 23:17:00,1.88,469,Bangalore
5767,2024-01-30 08:48:00,2024-01-30 09:23:00,5.68,279,Chennai
5768,2024-01-23 18:46:00,2024-01-23 19:35:00,9.16,244,Bangalore
5769,2024-01-31 19:42:00,2024-01-31 20:31:00,3.83,311,Chennai
5770,2024-01-17 19:57:00,2024-01-17 20:59:00,6.45,320,Chennai
5771,2024-01-12 19:40:00,2024-01-12 20:36:00,2.3,479,Hyderabad
5772,2024-01-03 15:55:00,2024-01-03 16:34:00,4.84,256,Bangalore
5773,2024-01-12 21:08:00,2024-01-12 22:15:00,8.54,463,Delhi
5774,2024-01-19 19:48:00,2024-01-19 20:42:00,5.53,315,Bangalore
5775,2024-01-04 11:01:00,2024-01-04 11:48:00,7.27,375,Mumbai
5776,2024-01-28 10:26:00,2024-01-28 10:56:00,2.25,333,Hyderabad
5777,2024-01-19 18:44:00,2024-01-19 19:15:00,5.72,124,Bangalore
5778,2024-01-06 04:57:00,2024-01-06 05:45:00,8.76,284,Delhi
5779,2024-01-04 13:15:00,2024-01-04 14:15:00,6.29,475,Chennai
5780,2024-01-19 07:39:00,2024-01-19 08:25:00,8.17,158,Hyderabad
5781,2024-01-30 22:47:00,2024-01-30 23:57:00,6.28,318,Chennai
5782,2024-01-18 14:42:00,2024-01-18 15:23:00,1.35,387,Chennai
5783,2024-01-10 01:49:00,2024-01-10 02:22:00,2.77,419,Hyderabad
5784,2024-01-10 23:22:00,2024-01-10 23:57:00,7.48,219,Bangalore
5785,2024-01-24 04:13:00,2024-01-24 05:01:00,8.29,348,Mumbai
5786,2024-01-08 15:09:00,2024-01-08 15:43:00,2.47,293,Delhi
5787,2024-01-24 12:09:00,2024-01-24 12:59:00,8.4,339,Mumbai
5788,2024-01-07 14:58:00,2024-01-07 15:46:00,1.79,328,Delhi
5789,2024-01-08 21:35:00,2024-01-08 22:24:00,3.78,445,Mumbai
5790,2024-01-15 23:49:00,2024-01-16 00:38:00,9.03,441,Hyderabad
5791,2024-01-13 18:16:00,2024-01-13 18:46:00,5.06,330,Bangalore
5792,2024-01-03 21:12:00,2024-01-03 22:17:00,3.98,173,Chennai
5793,2024-01-26 20:24:00,2024-01-26 21:29:00,9.81,470,Hyderabad
5794,2024-01-16 09:39:00,2024-01-16 10:16:00,3.82,358,Mumbai
5795,2024-01-20 20:02:00,2024-01-20 21:01:00,2.75,384,Chennai
5796,2024-01-09 02:12:00,2024-01-09 02:52:00,8.81,469,Delhi
5797,2024-01-13 15:26:00,2024-01-13 16:04:00,3.31,199,Delhi
5798,2024-01-25 22:59:00,2024-01-26 00:12:00,7.09,116,Delhi
5799,2024-01-10 08:50:00,2024-01-10 09:24:00,3.91,380,Mumbai
5800,2024-01-13 18:41:00,2024-01-13 19:23:00,5.65,122,Bangalore
5801,2024-01-21 18:29:00,2024-01-21 19:05:00,2.69,133,Delhi
5802,2024-01-30 06:51:00,2024-01-30 07:41:00,9.24,373,Mumbai
5803,2024-01-03 10:18:00,2024-01-03 10:49:00,2.41,204,Bangalore
5804,2024-01-03 23:40:00,2024-01-04 00:26:00,8.78,154,Mumbai
5805,2024-01-23 09:42:00,2024-01-23 10:15:00,6.57,115,Bangalore
5806,2024-01-15 02:28:00,2024-01-15 03:20:00,9.96,280,Delhi
5807,2024-01-30 13:23:00,2024-01-30 14:01:00,4.18,196,Delhi
5808,2024-01-30 06:58:00,2024-01-30 07:40:00,7.86,267,Mumbai
5809,2024-01-22 21:41:00,2024-01-22 22:42:00,6.56,197,Hyderabad
5810,2024-01-30 16:55:00,2024-01-30 17:31:00,4.88,478,Hyderabad
5811,2024-01-21 23:21:00,2024-01-21 23:57:00,6.29,203,Chennai
5812,2024-01-08 13:23:00,2024-01-08 14:02:00,1.66,117,Chennai
5813,2024-01-25 04:52:00,2024-01-25 05:37:00,5.59,259,Chennai
5814,2024-01-30 02:43:00,2024-01-30 03:08:00,2.85,143,Mumbai
5815,2024-01-27 15:07:00,2024-01-27 15:39:00,5.48,168,Mumbai
5816,2024-01-23 09:25:00,2024-01-23 10:11:00,8.74,217,Chennai
5817,2024-01-30 17:02:00,2024-01-30 17:39:00,7.37,434,Mumbai
5818,2024-01-06 16:22:00,2024-01-06 16:54:00,6.22,197,Mumbai
5819,2024-01-17 05:23:00,2024-01-17 06:11:00,9.73,349,Mumbai
5820,2024-01-29 11:04:00,2024-01-29 11:47:00,5.6,489,Chennai
5821,2024-01-31 20:18:00,2024-01-31 21:16:00,2.74,330,Mumbai
5822,2024-01-22 10:13:00,2024-01-22 10:52:00,3.88,382,Chennai
5823,2024-01-22 09:49:00,2024-01-22 10:25:00,7.53,481,Mumbai
5824,2024-01-21 07:50:00,2024-01-21 08:35:00,7.59,443,Hyderabad
5825,2024-01-22 21:26:00,2024-01-22 22:27:00,7.33,497,Mumbai
5826,2024-01-06 23:48:00,2024-01-07 00:14:00,3.17,194,Chennai
5827,2024-01-08 15:19:00,2024-01-08 15:55:00,2.56,478,Chennai
5828,2024-01-05 15:52:00,2024-01-05 16:31:00,3.32,101,Bangalore
5829,2024-01-21 08:02:00,2024-01-21 08:38:00,6.68,292,Mumbai
5830,2024-01-14 04:30:00,2024-01-14 05:18:00,8.47,135,Bangalore
5831,2024-01-22 00:10:00,2024-01-22 00:36:00,2.35,475,Chennai
5832,2024-01-25 03:58:00,2024-01-25 04:38:00,3.91,177,Delhi
5833,2024-01-16 07:10:00,2024-01-16 07:39:00,1.48,398,Hyderabad
5834,2024-01-07 12:40:00,2024-01-07 13:24:00,2.94,466,Delhi
5835,2024-01-30 04:29:00,2024-01-30 05:07:00,4.7,444,Mumbai
5836,2024-01-24 00:22:00,2024-01-24 00:54:00,2.34,238,Hyderabad
5837,2024-01-01 07:49:00,2024-01-01 08:39:00,8.82,301,Chennai
5838,2024-01-18 19:08:00,2024-01-18 20:22:00,9.95,120,Hyderabad
5839,2024-01-11 08:45:00,2024-01-11 09:16:00,3.48,141,Bangalore
5840,2024-01-01 01:22:00,2024-01-01 01:59:00,8.42,355,Bangalore
5841,2024-01-07 20:17:00,2024-01-07 21:24:00,5.54,170,Chennai
5842,2024-01-25 07:38:00,2024-01-25 08:18:00,6.14,255,Chennai
5843,2024-01-26 22:41:00,2024-01-26 23:48:00,6.5,220,Mumbai
5844,2024-01-02 09:39:00,2024-01-02 10:07:00,2.81,465,Delhi
5845,2024-01-14 04:10:00,2024-01-14 04:52:00,4.09,353,Delhi
5846,2024-01-28 15:49:00,2024-01-28 16:22:00,1.81,151,Bangalore
5847,2024-01-27 16:23:00,2024-01-27 17:00:00,4.02,165,Hyderabad
5848,2024-01-08 18:38:00,2024-01-08 19:12:00,4.6,419,Chennai
5849,2024-01-07 04:26:00,2024-01-07 04:57:00,5.41,191,Mumbai
5850,2024-01-11 13:41:00,2024-01-11 14:31:00,4.05,291,Mumbai
5851,2024-01-24 03:19:00,2024-01-24 03:51:00,4.99,166,Hyderabad
5852,2024-01-18 13:42:00,2024-01-18 14:28:00,3.48,194,Bangalore
5853,2024-01-05 22:25:00,2024-01-05 23:29:00,3.87,318,Chennai
5854,2024-01-08 09:33:00,2024-01-08 10:11:00,8.47,428,Chennai
5855,2024-01-12 02:36:00,2024-01-12 03:19:00,9.81,445,Delhi
5856,2024-01-17 21:54:00,2024-01-17 22:41:00,2.96,237,Chennai
5857,2024-01-30 23:47:00,2024-01-31 00:16:00,4.74,417,Delhi
5858,2024-01-08 07:33:00,2024-01-08 08:01:00,1.02,492,Bangalore
5859,2024-01-08 01:38:00,2024-01-08 02:22:00,7.74,369,Chennai
5860,2024-01-20 22:02:00,2024-01-20 23:00:00,7.98,377,Bangalore
5861,2024-01-28 17:37:00,2024-01-28 18:00:00,1.77,153,Delhi
5862,2024-01-27 16:02:00,2024-01-27 16:37:00,3.55,406,Hyderabad
5863,2024-01-10 17:35:00,2024-01-10 18:12:00,4.39,460,Bangalore
5864,2024-01-09 05:44:00,2024-01-09 06:22:00,7.34,310,Delhi
5865,2024-01-19 23:09:00,2024-01-19 23:59:00,9.51,414,Hyderabad
5866,2024-01-20 06:59:00,2024-01-20 07:42:00,6.56,228,Chennai
5867,2024-01-03 17:58:00,2024-01-03 18:37:00,4.17,416,Delhi
5868,2024-01-17 11:59:00,2024-01-17 12:30:00,5.84,401,Hyderabad
5869,2024-01-09 14:18:00,2024-01-09 15:06:00,5.04,255,Chennai
5870,2024-01-26 08:00:00,2024-01-26 08:38:00,9.27,107,Bangalore
5871,2024-01-27 09:10:00,2024-01-27 09:48:00,8.26,201,Hyderabad
5872,2024-01-25 17:59:00,2024-01-25 18:30:00,4.61,478,Delhi
5873,2024-01-20 18:59:00,2024-01-20 19:48:00,9.45,178,Mumbai
5874,2024-01-27 08:58:00,2024-01-27 09:39:00,7.98,426,Chennai
5875,2024-01-09 02:20:00,2024-01-09 03:04:00,7.11,444,Bangalore
5876,2024-01-11 06:56:00,2024-01-11 07:42:00,6.08,408,Mumbai
5877,2024-01-22 17:56:00,2024-01-22 18:31:00,4.52,107,Mumbai
5878,2024-01-03 09:13:00,2024-01-03 09:51:00,4.96,333,Mumbai
5879,2024-01-06 12:24:00,2024-01-06 13:20:00,4.24,497,Hyderabad
5880,2024-01-05 16:47:00,2024-01-05 17:20:00,1.93,480,Hyderabad
5881,2024-01-21 16:33:00,2024-01-21 17:02:00,4.59,480,Bangalore
5882,2024-01-27 23:54:00,2024-01-28 00:41:00,6.59,170,Bangalore
5883,2024-01-05 01:35:00,2024-01-05 02:18:00,5.23,305,Delhi
5884,2024-01-14 16:57:00,2024-01-14 17:32:00,5.23,413,Bangalore
5885,2024-01-22 17:05:00,2024-01-22 17:43:00,2.79,316,Bangalore
5886,2024-01-07 19:03:00,2024-01-07 20:08:00,8.43,135,Bangalore
5887,2024-01-08 15:24:00,2024-01-08 16:01:00,7.09,383,Mumbai
5888,2024-01-26 04:47:00,2024-01-26 05:21:00,6.04,185,Bangalore
5889,2024-01-28 04:40:00,2024-01-28 05:08:00,1.79,436,Bangalore
5890,2024-01-06 10:21:00,2024-01-06 11:04:00,9.18,240,Hyderabad
5891,2024-01-18 13:32:00,2024-01-18 14:12:00,2.18,239,Delhi
5892,2024-01-14 11:09:00,2024-01-14 11:46:00,7.88,132,Hyderabad
5893,2024-01-15 05:35:00,2024-01-15 06:01:00,1.45,104,Mumbai
5894,2024-01-09 23:07:00,2024-01-09 23:36:00,3.95,310,Mumbai
5895,2024-01-30 14:33:00,2024-01-30 15:32:00,6.51,276,Delhi
5896,2024-01-11 05:50:00,2024-01-11 06:15:00,2.32,131,Chennai
5897,2024-01-16 09:37:00,2024-01-16 10:16:00,7.33,474,Delhi
5898,2024-01-26 22:25:00,2024-01-26 23:27:00,8.24,228,Delhi
5899,2024-01-12 21:05:00,2024-01-12 22:08:00,8.79,460,Hyderabad
5900,2024-01-14 23:40:00,2024-01-15 00:14:00,3.37,202,Hyderabad
5901,2024-01-23 23:11:00,2024-01-23 23:42:00,3.58,102,Hyderabad
5902,2024-01-29 05:48:00,2024-01-29 06:32:00,8.1,293,Hyderabad
5903,2024-01-21 10:34:00,2024-01-21 11:05:00,3.28,449,Hyderabad
5904,2024-01-24 14:54:00,2024-01-24 15:36:00,5.91,157,Mumbai
5905,2024-01-10 01:59:00,2024-01-10 02:45:00,9.46,142,Mumbai
5906,2024-01-14 21:25:00,2024-01-14 22:22:00,1.71,258,Hyderabad
5907,2024-01-23 11:01:00,2024-01-23 11:41:00,5.02,225,Mumbai
5908,2024-01-01 10:22:00,2024-01-01 10:58:00,7.19,227,Hyderabad
5909,2024-01-04 06:56:00,2024-01-04 07:32:00,7.42,378,Delhi
5910,2024-01-02 19:08:00,2024-01-02 20:12:00,7.04,381,Delhi
5911,2024-01-07 01:57:00,2024-01-07 02:32:00,6.18,390,Bangalore
5912,2024-01-21 22:51:00,2024-01-21 23:41:00,3.59,115,Mumbai
5913,2024-01-11 09:36:00,2024-01-11 10:02:00,2.03,354,Hyderabad
5914,2024-01-20 15:53:00,2024-01-20 16:23:00,4.62,283,Chennai
5915,2024-01-19 00:41:00,2024-01-19 01:20:00,8.02,304,Mumbai
5916,2024-01-31 21:31:00,2024-01-31 22:34:00,9.75,303,Mumbai
5917,2024-01-09 02:32:00,2024-01-09 03:09:00,5.76,358,Mumbai
5918,2024-01-10 21:54:00,2024-01-10 22:49:00,4.68,380,Hyderabad
5919,2024-01-20 15:20:00,2024-01-20 15:52:00,1.82,493,Hyderabad
5920,2024-01-07 22:58:00,2024-01-07 23:58:00,8.95,107,Bangalore
5921,2024-01-05 16:08:00,2024-01-05 16:53:00,7.41,362,Chennai
5922,2024-01-05 23:45:00,2024-01-06 00:20:00,3.59,135,Delhi
5923,2024-01-20 07:38:00,2024-01-20 08:26:00,9.13,143,Bangalore
5924,2024-01-30 05:42:00,2024-01-30 06:30:00,9.82,441,Bangalore
5925,2024-01-18 09:00:00,2024-01-18 09:43:00,4.7,255,Hyderabad
5926,2024-01-27 04:15:00,2024-01-27 04:44:00,4.31,260,Hyderabad
5927,2024-01-17 19:29:00,2024-01-17 20:26:00,6.71,392,Hyderabad
5928,2024-01-11 14:57:00,2024-01-11 15:53:00,6.92,110,Hyderabad
5929,2024-01-19 01:25:00,2024-01-19 02:09:00,6.64,110,Mumbai
5930,2024-01-13 15:20:00,2024-01-13 15:58:00,8.7,284,Hyderabad
5931,2024-01-18 20:06:00,2024-01-18 21:12:00,6.76,429,Hyderabad
5932,2024-01-12 21:07:00,2024-01-12 22:06:00,5.74,277,Mumbai
5933,2024-01-03 21:06:00,2024-01-03 21:59:00,4.04,403,Bangalore
5934,2024-01-16 06:05:00,2024-01-16 06:43:00,6.2,285,Bangalore
5935,2024-01-26 06:23:00,2024-01-26 06:56:00,3.26,365,Bangalore
5936,2024-01-26 12:27:00,2024-01-26 13:17:00,7.05,335,Chennai
5937,2024-01-30 08:51:00,2024-01-30 09:35:00,8.14,203,Mumbai
5938,2024-01-26 13:27:00,2024-01-26 14:13:00,8.25,242,Chennai
5939,2024-01-08 12:32:00,2024-01-08 13:22:00,3.21,140,Mumbai
5940,2024-01-22 12:16:00,2024-01-22 13:05:00,9.04,122,Chennai
5941,2024-01-01 02:10:00,2024-01-01 02:45:00,2.04,435,Chennai
5942,2024-01-17 03:11:00,2024-01-17 03:49:00,6.4,107,Chennai
5943,2024-01-23 12:39:00,2024-01-23 13:36:00,6.83,453,Mumbai
5944,2024-01-03 00:20:00,2024-01-03 00:49:00,4.17,192,Bangalore
5945,2024-01-02 03:22:00,2024-01-02 04:11:00,8.13,470,Bangalore
5946,2024-01-05 04:36:00,2024-01-05 05:24:00,7.83,243,Mumbai
5947,2024-01-07 15:25:00,2024-01-07 16:00:00,6.06,223,Bangalore
5948,2024-01-24 01:32:00,2024-01-24 02:11:00,9.32,446,Chennai
5949,2024-01-17 15:15:00,2024-01-17 15:53:00,6.82,263,Chennai
5950,2024-01-23 09:33:00,2024-01-23 10:16:00,6.11,357,Bangalore
5951,2024-01-18 12:06:00,2024-01-18 12:59:00,5.67,187,Chennai
5952,2024-01-01 16:03:00,2024-01-01 16:41:00,9.11,238,Hyderabad
5953,2024-01-22 13:11:00,2024-01-22 13:48:00,1.6,266,Delhi
5954,2024-01-02 11:40:00,2024-01-02 12:15:00,7.26,125,Bangalore
5955,2024-01-31 16:42:00,2024-01-31 17:29:00,9.31,170,Delhi
5956,2024-01-13 02:00:00,2024-01-13 02:45:00,9.03,336,Delhi
5957,2024-01-11 07:33:00,2024-01-11 08:10:00,1.98,453,Mumbai
5958,2024-01-13 16:06:00,2024-01-13 16:49:00,4.96,236,Bangalore
5959,2024-01-20 21:43:00,2024-01-20 22:44:00,4.73,153,Mumbai
5960,2024-01-21 20:03:00,2024-01-21 21:04:00,8.68,134,Bangalore
5961,2024-01-03 01:49:00,2024-01-03 02:23:00,2.75,265,Delhi
5962,2024-01-24 07:34:00,2024-01-24 08:13:00,5.18,246,Bangalore
5963,2024-01-30 14:28:00,2024-01-30 15:20:00,7.12,350,Mumbai
5964,2024-01-01 19:43:00,2024-01-01 20:46:00,3.53,255,Delhi
5965,2024-01-20 07:34:00,2024-01-20 08:21:00,7.07,306,Delhi
5966,2024-01-07 19:39:00,2024-01-07 20:44:00,6.55,246,Mumbai
5967,2024-01-21 00:49:00,2024-01-21 01:29:00,6.59,304,Bangalore
5968,2024-01-14 04:41:00,2024-01-14 05:16:00,7.12,109,Mumbai
5969,2024-01-01 04:25:00,2024-01-01 04:56:00,2.78,157,Chennai
5970,2024-01-27 18:42:00,2024-01-27 19:25:00,8.6,204,Delhi
5971,2024-01-01 14:29:00,2024-01-01 15:31:00,8.01,394,Delhi
5972,2024-01-08 08:35:00,2024-01-08 09:22:00,8.21,339,Chennai
5973,2024-01-04 08:41:00,2024-01-04 09:06:00,1.41,328,Delhi
5974,2024-01-07 10:41:00,2024-01-07 11:17:00,1.46,288,Mumbai
5975,2024-01-21 16:35:00,2024-01-21 17:18:00,9.4,294,Mumbai
5976,2024-01-04 22:29:00,2024-01-04 23:28:00,9.59,164,Mumbai
5977,2024-01-31 10:03:00,2024-01-31 10:31:00,3.12,224,Bangalore
5978,2024-01-20 08:21:00,2024-01-20 09:04:00,7.69,372,Delhi
5979,2024-01-11 14:42:00,2024-01-11 15:19:00,3.82,429,Delhi
5980,2024-01-10 02:26:00,2024-01-10 03:00:00,5.07,454,Bangalore
5981,2024-01-29 02:58:00,2024-01-29 03:38:00,3.92,204,Delhi
5982,2024-01-22 15:09:00,2024-01-22 15:33:00,1.73,179,Hyderabad
5983,2024-01-21 08:54:00,2024-01-21 09:26:00,3.88,121,Bangalore
5984,2024-01-02 21:05:00,2024-01-02 22:08:00,2.3,131,Chennai
5985,2024-01-20 22:41:00,2024-01-20 23:43:00,8.64,189,Hyderabad
5986,2024-01-19 16:55:00,2024-01-19 17:21:00,3.19,133,Hyderabad
5987,2024-01-08 16:08:00,2024-01-08 16:43:00,7.49,234,Delhi
5988,2024-01-27 16:43:00,2024-01-27 17:11:00,2.5,176,Mumbai
5989,2024-01-20 16:28:00,2024-01-20 17:00:00,6.43,141,Bangalore
5990,2024-01-15 11:05:00,2024-01-15 11:42:00,4.94,323,Hyderabad
5991,2024-01-05 16:09:00,2024-01-05 16:44:00,4.83,481,Chennai
5992,2024-01-19 12:50:00,2024-01-19 13:57:00,9.08,181,Chennai
5993,2024-01-14 09:10:00,2024-01-14 09:49:00,4.92,112,Bangalore
5994,2024-01-01 09:40:00,2024-01-01 10:18:00,3.89,159,Delhi
5995,2024-01-12 11:57:00,2024-01-12 12:44:00,6.95,235,Bangalore
5996,2024-01-08 22:57:00,2024-01-08 23:59:00,4.54,435,Mumbai
5997,2024-01-15 13:47:00,2024-01-15 14:26:00,4.06,264,Hyderabad
5998,2024-01-18 01:26:00,2024-01-18 02:09:00,6.95,401,Hyderabad
5999,2024-01-08 22:11:00,2024-01-08 23:10:00,2.03,174,Mumbai
6000,2024-01-07 11:58:00,2024-01-07 12:42:00,6.27,476,Bangalore
6001,2024-01-02 07:43:00,2024-01-02 08:17:00,1.57,218,Hyderabad
6002,2024-01-29 20:20:00,2024-01-29 21:15:00,3.13,329,Chennai
6003,2024-01-06 21:10:00,2024-01-06 22:09:00,8.21,470,Delhi
6004,2024-01-18 06:10:00,2024-01-18 06:34:00,1.87,403,Hyderabad
6005,2024-01-20 16:37:00,2024-01-20 17:03:00,1.02,153,Bangalore
6006,2024-01-13 18:43:00,2024-01-13 19:12:00,1.3,141,Delhi
6007,2024-01-31 01:39:00,2024-01-31 02:10:00,5.57,346,Mumbai
6008,2024-01-20 10:25:00,2024-01-20 11:10:00,7.66,260,Delhi
6009,2024-01-12 09:54:00,2024-01-12 10:40:00,7.77,186,Mumbai
6010,2024-01-10 12:44:00,2024-01-10 13:36:00,3.45,137,Hyderabad
6011,2024-01-29 14:26:00,2024-01-29 15:15:00,1.94,298,Delhi
6012,2024-01-14 19:32:00,2024-01-14 20:31:00,5.89,321,Hyderabad
6013,2024-01-19 21:20:00,2024-01-19 22:22:00,4.07,180,Bangalore
6014,2024-01-11 20:29:00,2024-01-11 21:26:00,8.53,127,Delhi
6015,2024-01-03 23:20:00,2024-01-03 23:59:00,3.99,336,Hyderabad
6016,2024-01-01 02:31:00,2024-01-01 03:17:00,7.91,392,Hyderabad
6017,2024-01-05 10:05:00,2024-01-05 10:49:00,5.21,163,Bangalore
6018,2024-01-31 22:52:00,2024-02-01 00:00:00,4.91,436,Chennai
6019,2024-01-16 07:02:00,2024-01-16 07:30:00,3.15,248,Chennai
6020,2024-01-11 03:33:00,2024-01-11 04:17:00,6.92,310,Delhi
6021,2024-01-18 16:02:00,2024-01-18 16:43:00,9.8,380,Chennai
6022,2024-01-26 01:17:00,2024-01-26 01:54:00,6.89,429,Hyderabad
6023,2024-01-24 14:29:00,2024-01-24 15:25:00,6.68,306,Mumbai
6024,2024-01-19 09:58:00,2024-01-19 10:39:00,5.4,398,Chennai
6025,2024-01-18 16:19:00,2024-01-18 17:02:00,5.1,123,Delhi
6026,2024-01-19 18:22:00,2024-01-19 19:04:00,5.57,450,Bangalore
6027,2024-01-16 22:07:00,2024-01-16 23:11:00,3.28,361,Hyderabad
6028,2024-01-19 00:19:00,2024-01-19 00:55:00,4.6,438,Chennai
6029,2024-01-18 03:02:00,2024-01-18 03:32:00,1.53,433,Mumbai
6030,2024-01-10 01:55:00,2024-01-10 02:29:00,5.63,425,Hyderabad
6031,2024-01-16 06:15:00,2024-01-16 06:55:00,8.07,231,Mumbai
6032,2024-01-30 01:38:00,2024-01-30 02:06:00,1.79,290,Chennai
6033,2024-01-14 11:43:00,2024-01-14 12:22:00,3.52,165,Bangalore
6034,2024-01-15 11:46:00,2024-01-15 12:36:00,8.41,490,Hyderabad
6035,2024-01-30 02:05:00,2024-01-30 02:57:00,9.96,202,Bangalore
6036,2024-01-03 07:57:00,2024-01-03 08:35:00,2.68,224,Mumbai
6037,2024-01-17 20:30:00,2024-01-17 21:36:00,6.92,441,Mumbai
6038,2024-01-05 14:56:00,2024-01-05 15:40:00,4.19,242,Chennai
6039,2024-01-10 10:10:00,2024-01-10 10:40:00,4.54,147,Delhi
6040,2024-01-01 17:40:00,2024-01-01 18:17:00,5.54,250,Mumbai
6041,2024-01-21 04:48:00,2024-01-21 05:18:00,2.63,351,Chennai
6042,2024-01-13 06:49:00,2024-01-13 07:26:00,6.84,428,Delhi
6043,2024-01-16 07:31:00,2024-01-16 08:05:00,3.72,399,Mumbai
6044,2024-01-05 17:15:00,2024-01-05 17:54:00,3.86,489,Chennai
6045,2024-01-30 00:26:00,2024-01-30 01:03:00,4.58,450,Delhi
6046,2024-01-29 02:47:00,2024-01-29 03:22:00,7.31,401,Mumbai
6047,2024-01-10 06:16:00,2024-01-10 07:01:00,6.24,205,Mumbai
6048,2024-01-07 04:12:00,2024-01-07 04:50:00,6.79,355,Bangalore
6049,2024-01-27 17:04:00,2024-01-27 17:36:00,4.89,280,Mumbai
6050,2024-01-23 05:20:00,2024-01-23 06:01:00,5.12,155,Delhi
6051,2024-01-02 09:48:00,2024-01-02 10:34:00,7.06,482,Chennai
6052,2024-01-09 09:27:00,2024-01-09 10:02:00,6.51,398,Mumbai
6053,2024-01-21 05:53:00,2024-01-21 06:39:00,6.7,332,Chennai
6054,2024-01-02 13:51:00,2024-01-02 14:58:00,9.74,140,Bangalore
6055,2024-01-20 00:09:00,2024-01-20 00:45:00,1.77,454,Bangalore
6056,2024-01-22 23:19:00,2024-01-23 00:09:00,9.92,403,Bangalore
6057,2024-01-03 01:05:00,2024-01-03 01:45:00,5.97,362,Delhi
6058,2024-01-11 01:07:00,2024-01-11 01:51:00,5.92,236,Chennai
6059,2024-01-18 21:08:00,2024-01-18 22:22:00,9.0,204,Delhi
6060,2024-01-16 15:47:00,2024-01-16 16:35:00,9.92,349,Delhi
6061,2024-01-18 23:52:00,2024-01-19 00:20:00,2.61,136,Bangalore
6062,2024-01-10 05:12:00,2024-01-10 05:35:00,1.35,412,Delhi
6063,2024-01-29 20:19:00,2024-01-29 21:12:00,3.92,264,Mumbai
6064,2024-01-26 18:20:00,2024-01-26 18:52:00,4.66,111,Hyderabad
6065,2024-01-02 18:45:00,2024-01-02 19:11:00,1.57,373,Bangalore
6066,2024-01-10 23:20:00,2024-01-10 23:57:00,3.45,277,Delhi
6067,2024-01-14 15:47:00,2024-01-14 16:24:00,3.07,385,Mumbai
6068,2024-01-12 17:04:00,2024-01-12 17:36:00,1.94,159,Chennai
6069,2024-01-04 09:27:00,2024-01-04 09:56:00,1.07,465,Chennai
6070,2024-01-04 20:11:00,2024-01-04 21:12:00,2.08,338,Hyderabad
6071,2024-01-22 05:07:00,2024-01-22 05:42:00,6.87,135,Delhi
6072,2024-01-25 08:57:00,2024-01-25 09:26:00,1.54,258,Chennai
6073,2024-01-03 22:34:00,2024-01-03 23:45:00,8.87,410,Chennai
6074,2024-01-12 07:24:00,2024-01-12 08:02:00,5.66,434,Bangalore
6075,2024-01-30 21:02:00,2024-01-30 22:08:00,8.02,272,Hyderabad
6076,2024-01-27 06:42:00,2024-01-27 07:19:00,7.26,483,Delhi
6077,2024-01-16 07:00:00,2024-01-16 07:24:00,1.96,445,Delhi
6078,2024-01-19 09:39:00,2024-01-19 10:12:00,1.74,110,Chennai
6079,2024-01-30 20:35:00,2024-01-30 21:28:00,2.96,430,Chennai
6080,2024-01-28 06:26:00,2024-01-28 07:14:00,8.15,176,Delhi
6081,2024-01-28 20:17:00,2024-01-28 21:28:00,6.98,353,Chennai
6082,2024-01-13 15:26:00,2024-01-13 15:50:00,2.34,234,Mumbai
6083,2024-01-11 23:24:00,2024-01-12 00:10:00,6.22,123,Chennai
6084,2024-01-03 11:33:00,2024-01-03 11:58:00,1.04,394,Delhi
6085,2024-01-17 19:45:00,2024-01-17 20:32:00,1.75,270,Bangalore
6086,2024-01-05 08:41:00,2024-01-05 09:22:00,3.6,233,Chennai
6087,2024-01-26 09:08:00,2024-01-26 09:46:00,8.28,261,Delhi
6088,2024-01-22 06:07:00,2024-01-22 06:51:00,5.39,360,Chennai
6089,2024-01-14 03:53:00,2024-01-14 04:29:00,8.41,384,Delhi
6090,2024-01-30 21:27:00,2024-01-30 22:12:00,2.47,300,Chennai
6091,2024-01-19 15:16:00,2024-01-19 15:58:00,8.57,362,Delhi
6092,2024-01-11 01:19:00,2024-01-11 01:57:00,4.75,466,Mumbai
6093,2024-01-16 02:12:00,2024-01-16 02:56:00,6.44,207,Bangalore
6094,2024-01-21 06:15:00,2024-01-21 06:53:00,5.52,133,Hyderabad
6095,2024-01-15 14:54:00,2024-01-15 15:52:00,9.45,496,Chennai
6096,2024-01-20 13:39:00,2024-01-20 14:27:00,8.44,250,Hyderabad
6097,2024-01-17 19:32:00,2024-01-17 20:36:00,9.39,414,Hyderabad
6098,2024-01-19 08:20:00,2024-01-19 09:04:00,8.27,365,Bangalore
6099,2024-01-03 09:04:00,2024-01-03 09:43:00,8.98,468,Hyderabad
6100,2024-01-12 01:28:00,2024-01-12 01:59:00,2.88,288,Chennai
6101,2024-01-21 05:53:00,2024-01-21 06:18:00,1.36,260,Bangalore
6102,2024-01-26 00:27:00,2024-01-26 01:04:00,2.5,403,Bangalore
6103,2024-01-12 14:15:00,2024-01-12 15:02:00,5.84,362,Mumbai
6104,2024-01-01 21:29:00,2024-01-01 22:39:00,6.62,287,Bangalore
6105,2024-01-18 18:28:00,2024-01-18 19:14:00,8.22,429,Chennai
6106,2024-01-07 16:55:00,2024-01-07 17:32:00,4.29,265,Mumbai
6107,2024-01-11 10:45:00,2024-01-11 11:37:00,9.75,119,Delhi
6108,2024-01-10 23:54:00,2024-01-11 00:33:00,3.34,312,Bangalore
6109,2024-01-23 02:35:00,2024-01-23 03:10:00,5.59,240,Chennai
6110,2024-01-09 14:49:00,2024-01-09 15:35:00,7.83,425,Bangalore
6111,2024-01-08 20:29:00,2024-01-08 21:38:00,8.06,479,Hyderabad
6112,2024-01-08 11:52:00,2024-01-08 12:23:00,5.82,205,Bangalore
6113,2024-01-12 20:57:00,2024-01-12 21:56:00,3.45,404,Bangalore
6114,2024-01-02 08:13:00,2024-01-02 08:58:00,6.54,163,Delhi
6115,2024-01-12 07:07:00,2024-01-12 07:54:00,7.38,183,Mumbai
6116,2024-01-12 17:37:00,2024-01-12 18:14:00,7.18,416,Bangalore
6117,2024-01-13 06:28:00,2024-01-13 06:57:00,3.39,245,Delhi
6118,2024-01-12 22:28:00,2024-01-12 23:24:00,2.67,418,Delhi
6119,2024-01-24 16:34:00,2024-01-24 17:07:00,2.21,261,Chennai
6120,2024-01-31 17:12:00,2024-01-31 17:41:00,1.61,142,Delhi
6121,2024-01-29 19:26:00,2024-01-29 20:30:00,5.85,442,Mumbai
6122,2024-01-31 23:18:00,2024-01-31 23:51:00,5.24,441,Delhi
6123,2024-01-13 01:35:00,2024-01-13 02:14:00,5.74,431,Chennai
6124,2024-01-04 12:33:00,2024-01-04 13:26:00,7.06,365,Chennai
6125,2024-01-07 15:20:00,2024-01-07 16:08:00,9.0,253,Hyderabad
6126,2024-01-30 00:35:00,2024-01-30 01:20:00,7.24,476,Chennai
6127,2024-01-04 04:24:00,2024-01-04 04:58:00,5.8,431,Chennai
6128,2024-01-21 18:43:00,2024-01-21 19:27:00,6.35,323,Chennai
6129,2024-01-16 08:19:00,2024-01-16 08:51:00,5.5,289,Hyderabad
6130,2024-01-14 02:45:00,2024-01-14 03:27:00,9.37,301,Chennai
6131,2024-01-31 22:37:00,2024-01-31 23:28:00,5.47,405,Hyderabad
6132,2024-01-02 10:52:00,2024-01-02 11:27:00,7.03,471,Hyderabad
6133,2024-01-02 14:09:00,2024-01-02 14:50:00,5.22,220,Bangalore
6134,2024-01-06 18:39:00,2024-01-06 19:26:00,8.34,250,Chennai
6135,2024-01-01 20:30:00,2024-01-01 21:31:00,5.84,445,Mumbai
6136,2024-01-15 18:09:00,2024-01-15 18:50:00,3.54,158,Delhi
6137,2024-01-07 11:57:00,2024-01-07 12:44:00,8.84,206,Mumbai
6138,2024-01-06 02:48:00,2024-01-06 03:28:00,7.52,248,Mumbai
6139,2024-01-13 23:21:00,2024-01-13 23:52:00,4.45,372,Bangalore
6140,2024-01-26 20:05:00,2024-01-26 21:01:00,6.77,210,Delhi
6141,2024-01-27 10:05:00,2024-01-27 10:38:00,4.53,403,Hyderabad
6142,2024-01-22 06:36:00,2024-01-22 07:05:00,3.35,233,Bangalore
6143,2024-01-20 17:12:00,2024-01-20 17:54:00,9.5,403,Chennai
6144,2024-01-17 20:53:00,2024-01-17 21:48:00,6.13,415,Mumbai
6145,2024-01-23 21:51:00,2024-01-23 22:54:00,5.19,101,Hyderabad
6146,2024-01-16 06:00:00,2024-01-16 06:37:00,7.31,350,Chennai
6147,2024-01-01 08:33:00,2024-01-01 09:04:00,3.97,326,Bangalore
6148,2024-01-06 06:30:00,2024-01-06 07:04:00,3.62,394,Mumbai
6149,2024-01-20 11:29:00,2024-01-20 12:11:00,5.9,155,Chennai
6150,2024-01-13 00:50:00,2024-01-13 01:17:00,2.24,189,Delhi
6151,2024-01-01 11:31:00,2024-01-01 12:04:00,5.01,470,Chennai
6152,2024-01-07 17:55:00,2024-01-07 18:36:00,9.78,370,Delhi
6153,2024-01-19 11:51:00,2024-01-19 12:37:00,6.1,287,Bangalore
6154,2024-01-25 14:52:00,2024-01-25 15:45:00,9.96,431,Hyderabad
6155,2024-01-17 12:07:00,2024-01-17 12:50:00,1.16,194,Hyderabad
6156,2024-01-21 14:38:00,2024-01-21 15:34:00,5.21,109,Mumbai
6157,2024-01-11 05:16:00,2024-01-11 06:08:00,9.74,153,Delhi
6158,2024-01-14 16:53:00,2024-01-14 17:31:00,7.42,120,Mumbai
6159,2024-01-26 04:55:00,2024-01-26 05:24:00,2.94,393,Hyderabad
6160,2024-01-31 23:10:00,2024-01-31 23:42:00,4.15,313,Bangalore
6161,2024-01-08 02:36:00,2024-01-08 03:23:00,8.25,159,Hyderabad
6162,2024-01-31 18:24:00,2024-01-31 19:08:00,5.61,428,Chennai
6163,2024-01-01 14:23:00,2024-01-01 15:01:00,4.11,142,Hyderabad
6164,2024-01-27 19:38:00,2024-01-27 20:22:00,2.04,109,Chennai
6165,2024-01-28 11:33:00,2024-01-28 12:03:00,2.44,296,Hyderabad
6166,2024-01-02 17:09:00,2024-01-02 17:59:00,8.87,194,Delhi
6167,2024-01-11 05:51:00,2024-01-11 06:15:00,1.14,405,Delhi
6168,2024-01-26 04:41:00,2024-01-26 05:23:00,7.27,431,Hyderabad
6169,2024-01-31 12:06:00,2024-01-31 13:00:00,4.78,373,Bangalore
6170,2024-01-12 21:41:00,2024-01-12 22:27:00,1.19,125,Mumbai
6171,2024-01-22 10:44:00,2024-01-22 11:28:00,8.41,233,Mumbai
6172,2024-01-22 11:29:00,2024-01-22 12:01:00,6.43,424,Chennai
6173,2024-01-12 11:29:00,2024-01-12 12:07:00,7.6,317,Mumbai
6174,2024-01-28 21:42:00,2024-01-28 22:41:00,4.64,354,Hyderabad
6175,2024-01-30 12:27:00,2024-01-30 13:15:00,2.49,412,Bangalore
6176,2024-01-17 08:20:00,2024-01-17 08:56:00,2.16,110,Delhi
6177,2024-01-19 21:22:00,2024-01-19 22:08:00,1.01,377,Hyderabad
6178,2024-01-01 10:21:00,2024-01-01 10:50:00,2.94,202,Hyderabad
6179,2024-01-20 17:12:00,2024-01-20 17:52:00,4.04,426,Chennai
6180,2024-01-26 22:33:00,2024-01-26 23:37:00,9.47,181,Chennai
6181,2024-01-27 00:05:00,2024-01-27 00:31:00,1.59,446,Hyderabad
6182,2024-01-01 14:57:00,2024-01-01 15:38:00,5.75,275,Bangalore
6183,2024-01-17 01:17:00,2024-01-17 01:55:00,3.37,496,Bangalore
6184,2024-01-24 05:46:00,2024-01-24 06:23:00,4.73,431,Chennai
6185,2024-01-17 09:28:00,2024-01-17 10:11:00,9.93,286,Bangalore
6186,2024-01-14 10:13:00,2024-01-14 10:57:00,8.53,184,Hyderabad
6187,2024-01-23 22:22:00,2024-01-23 23:32:00,9.83,290,Hyderabad
6188,2024-01-10 07:54:00,2024-01-10 08:31:00,5.83,480,Bangalore
6189,2024-01-27 05:11:00,2024-01-27 05:51:00,6.37,123,Chennai
6190,2024-01-17 14:32:00,2024-01-17 15:23:00,5.46,196,Chennai
6191,2024-01-24 19:12:00,2024-01-24 19:59:00,2.38,266,Chennai
6192,2024-01-18 06:26:00,2024-01-18 06:54:00,1.56,386,Chennai
6193,2024-01-23 14:00:00,2024-01-23 14:56:00,6.8,327,Delhi
6194,2024-01-08 09:50:00,2024-01-08 10:35:00,9.01,388,Bangalore
6195,2024-01-02 03:35:00,2024-01-02 04:21:00,6.43,414,Mumbai
6196,2024-01-15 19:39:00,2024-01-15 20:37:00,6.77,221,Bangalore
6197,2024-01-23 05:47:00,2024-01-23 06:27:00,4.44,458,Delhi
6198,2024-01-01 00:05:00,2024-01-01 00:40:00,7.81,229,Hyderabad
6199,2024-01-24 22:05:00,2024-01-24 23:13:00,7.13,427,Bangalore
6200,2024-01-24 13:21:00,2024-01-24 14:03:00,2.14,447,Mumbai
6201,2024-01-05 23:28:00,2024-01-06 00:16:00,9.13,267,Delhi
6202,2024-01-29 21:42:00,2024-01-29 22:32:00,3.37,207,Chennai
6203,2024-01-10 16:51:00,2024-01-10 17:29:00,3.96,347,Chennai
6204,2024-01-27 16:55:00,2024-01-27 17:29:00,5.79,280,Hyderabad
6205,2024-01-28 03:25:00,2024-01-28 04:13:00,9.37,134,Hyderabad
6206,2024-01-17 22:43:00,2024-01-17 23:49:00,5.37,416,Delhi
6207,2024-01-28 15:56:00,2024-01-28 16:39:00,5.68,160,Hyderabad
6208,2024-01-10 23:07:00,2024-01-10 23:41:00,3.69,461,Mumbai
6209,2024-01-16 23:50:00,2024-01-17 00:29:00,5.49,175,Chennai
6210,2024-01-26 09:48:00,2024-01-26 10:29:00,9.07,189,Hyderabad
6211,2024-01-09 23:12:00,2024-01-09 23:53:00,5.26,456,Mumbai
6212,2024-01-15 05:20:00,2024-01-15 06:04:00,7.68,366,Bangalore
6213,2024-01-06 17:43:00,2024-01-06 18:20:00,8.47,291,Chennai
6214,2024-01-12 08:39:00,2024-01-12 09:20:00,5.75,164,Chennai
6215,2024-01-27 10:50:00,2024-01-27 11:36:00,7.56,443,Delhi
6216,2024-01-18 21:43:00,2024-01-18 22:26:00,1.13,311,Chennai
6217,2024-01-18 02:41:00,2024-01-18 03:23:00,4.91,326,Mumbai
6218,2024-01-10 07:59:00,2024-01-10 08:35:00,7.65,446,Mumbai
6219,2024-01-30 20:34:00,2024-01-30 21:36:00,5.35,324,Hyderabad
6220,2024-01-11 19:10:00,2024-01-11 20:28:00,9.94,488,Chennai
6221,2024-01-18 15:19:00,2024-01-18 16:06:00,6.79,116,Delhi
6222,2024-01-10 17:56:00,2024-01-10 18:33:00,3.64,325,Delhi
6223,2024-01-15 05:43:00,2024-01-15 06:26:00,6.32,362,Bangalore
6224,2024-01-12 22:46:00,2024-01-12 23:56:00,9.34,131,Mumbai
6225,2024-01-22 23:08:00,2024-01-22 23:51:00,8.68,192,Mumbai
6226,2024-01-25 10:53:00,2024-01-25 11:39:00,8.64,273,Mumbai
6227,2024-01-06 14:02:00,2024-01-06 14:56:00,9.38,474,Bangalore
6228,2024-01-19 21:28:00,2024-01-19 22:12:00,1.59,160,Chennai
6229,2024-01-19 05:15:00,2024-01-19 05:48:00,6.21,241,Hyderabad
6230,2024-01-06 13:36:00,2024-01-06 14:34:00,9.46,430,Bangalore
6231,2024-01-11 21:31:00,2024-01-11 22:26:00,4.54,104,Chennai
6232,2024-01-30 14:42:00,2024-01-30 15:26:00,5.1,358,Chennai
6233,2024-01-06 20:01:00,2024-01-06 21:03:00,5.48,284,Chennai
6234,2024-01-21 20:14:00,2024-01-21 21:06:00,2.15,260,Delhi
6235,2024-01-31 00:15:00,2024-01-31 01:02:00,7.17,398,Mumbai
6236,2024-01-29 23:01:00,2024-01-29 23:40:00,6.65,340,Bangalore
6237,2024-01-16 22:13:00,2024-01-16 23:05:00,5.97,382,Hyderabad
6238,2024-01-07 16:45:00,2024-01-07 17:08:00,1.61,495,Chennai
6239,2024-01-02 13:54:00,2024-01-02 14:31:00,3.13,154,Delhi
6240,2024-01-13 06:51:00,2024-01-13 07:26:00,1.7,401,Mumbai
6241,2024-01-26 10:48:00,2024-01-26 11:30:00,8.29,268,Delhi
6242,2024-01-28 17:44:00,2024-01-28 18:18:00,2.85,315,Bangalore
6243,2024-01-08 01:35:00,2024-01-08 02:08:00,5.7,110,Chennai
6244,2024-01-13 06:31:00,2024-01-13 07:13:00,9.87,453,Hyderabad
6245,2024-01-15 20:36:00,2024-01-15 21:39:00,3.07,391,Delhi
6246,2024-01-25 21:50:00,2024-01-25 22:57:00,5.19,391,Bangalore
6247,2024-01-17 06:28:00,2024-01-17 07:06:00,7.69,423,Bangalore
6248,2024-01-11 03:46:00,2024-01-11 04:35:00,9.26,215,Mumbai
6249,2024-01-21 09:37:00,2024-01-21 10:05:00,1.5,366,Hyderabad
6250,2024-01-23 19:11:00,2024-01-23 20:13:00,7.99,250,Hyderabad
6251,2024-01-01 00:27:00,2024-01-01 01:05:00,3.93,393,Hyderabad
6252,2024-01-29 06:45:00,2024-01-29 07:13:00,3.84,198,Bangalore
6253,2024-01-19 09:59:00,2024-01-19 10:43:00,7.09,281,Chennai
6254,2024-01-18 21:56:00,2024-01-18 22:57:00,8.3,302,Hyderabad
6255,2024-01-17 00:37:00,2024-01-17 01:07:00,2.47,226,Chennai
6256,2024-01-25 01:29:00,2024-01-25 02:15:00,6.84,359,Chennai
6257,2024-01-30 18:56:00,2024-01-30 19:27:00,5.16,208,Chennai
6258,2024-01-28 00:09:00,2024-01-28 00:45:00,5.7,380,Hyderabad
6259,2024-01-15 18:29:00,2024-01-15 18:57:00,2.04,427,Chennai
6260,2024-01-21 01:05:00,2024-01-21 01:38:00,2.1,109,Bangalore
6261,2024-01-23 23:14:00,2024-01-23 23:54:00,9.11,470,Chennai
6262,2024-01-14 07:07:00,2024-01-14 07:46:00,4.83,344,Mumbai
6263,2024-01-02 16:15:00,2024-01-02 16:40:00,2.26,489,Mumbai
6264,2024-01-25 12:24:00,2024-01-25 13:21:00,9.21,111,Mumbai
6265,2024-01-22 18:34:00,2024-01-22 18:59:00,1.01,247,Hyderabad
6266,2024-01-10 19:10:00,2024-01-10 20:05:00,1.98,405,Chennai
6267,2024-01-01 03:17:00,2024-01-01 03:54:00,7.58,217,Delhi
6268,2024-01-19 19:15:00,2024-01-19 20:19:00,8.75,158,Mumbai
6269,2024-01-06 02:42:00,2024-01-06 03:12:00,1.19,449,Bangalore
6270,2024-01-31 06:00:00,2024-01-31 06:26:00,3.13,203,Mumbai
6271,2024-01-14 08:19:00,2024-01-14 09:09:00,9.66,200,Hyderabad
6272,2024-01-22 01:41:00,2024-01-22 02:28:00,6.75,470,Delhi
6273,2024-01-23 01:09:00,2024-01-23 01:44:00,3.97,487,Delhi
6274,2024-01-01 10:59:00,2024-01-01 11:28:00,1.5,222,Mumbai
6275,2024-01-12 15:01:00,2024-01-12 15:46:00,6.59,373,Bangalore
6276,2024-01-13 22:13:00,2024-01-13 23:19:00,8.22,353,Delhi
6277,2024-01-01 10:03:00,2024-01-01 10:41:00,3.56,426,Chennai
6278,2024-01-01 19:38:00,2024-01-01 20:45:00,5.55,126,Mumbai
6279,2024-01-13 03:57:00,2024-01-13 04:36:00,3.85,215,Chennai
6280,2024-01-25 21:50:00,2024-01-25 22:46:00,4.78,492,Mumbai
6281,2024-01-14 15:07:00,2024-01-14 15:57:00,8.6,214,Mumbai
6282,2024-01-16 04:05:00,2024-01-16 04:45:00,7.54,204,Mumbai
6283,2024-01-05 10:11:00,2024-01-05 10:51:00,4.01,477,Mumbai
6284,2024-01-05 13:13:00,2024-01-05 14:03:00,2.59,125,Bangalore
6285,2024-01-11 11:40:00,2024-01-11 12:19:00,7.4,398,Delhi
6286,2024-01-21 23:44:00,2024-01-22 00:18:00,1.36,280,Hyderabad
6287,2024-01-19 08:15:00,2024-01-19 08:59:00,5.72,474,Chennai
6288,2024-01-29 15:44:00,2024-01-29 16:17:00,5.31,246,Delhi
6289,2024-01-29 15:37:00,2024-01-29 16:07:00,1.94,132,Mumbai
6290,2024-01-03 16:45:00,2024-01-03 17:18:00,2.95,208,Chennai
6291,2024-01-25 17:13:00,2024-01-25 17:53:00,8.91,348,Hyderabad
6292,2024-01-13 05:59:00,2024-01-13 06:44:00,6.69,109,Mumbai
6293,2024-01-31 09:38:00,2024-01-31 10:08:00,4.77,486,Mumbai
6294,2024-01-12 01:49:00,2024-01-12 02:29:00,7.39,133,Delhi
6295,2024-01-27 18:53:00,2024-01-27 19:17:00,1.95,332,Mumbai
6296,2024-01-08 18:30:00,2024-01-08 19:01:00,2.48,244,Hyderabad
6297,2024-01-31 22:54:00,2024-01-31 23:55:00,6.24,161,Delhi
6298,2024-01-08 20:14:00,2024-01-08 21:14:00,8.23,357,Delhi
6299,2024-01-29 01:17:00,2024-01-29 01:49:00,4.9,363,Delhi
6300,2024-01-15 07:20:00,2024-01-15 07:49:00,3.12,327,Hyderabad
6301,2024-01-10 12:20:00,2024-01-10 13:23:00,8.79,332,Bangalore
6302,2024-01-09 09:43:00,2024-01-09 10:22:00,5.46,419,Mumbai
6303,2024-01-05 18:42:00,2024-01-05 19:13:00,1.59,354,Delhi
6304,2024-01-01 09:36:00,2024-01-01 10:20:00,6.16,142,Delhi
6305,2024-01-14 20:43:00,2024-01-14 21:42:00,6.6,274,Bangalore
6306,2024-01-30 01:01:00,2024-01-30 01:44:00,7.14,252,Mumbai
6307,2024-01-27 23:35:00,2024-01-28 00:15:00,4.52,222,Mumbai
6308,2024-01-16 19:03:00,2024-01-16 20:03:00,6.84,108,Hyderabad
6309,2024-01-16 15:25:00,2024-01-16 16:08:00,8.6,267,Chennai
6310,2024-01-10 20:29:00,2024-01-10 21:26:00,4.73,345,Hyderabad
6311,2024-01-05 10:40:00,2024-01-05 11:09:00,2.74,435,Mumbai
6312,2024-01-24 09:13:00,2024-01-24 09:47:00,5.75,143,Delhi
6313,2024-01-22 21:04:00,2024-01-22 22:11:00,4.1,143,Bangalore
6314,2024-01-23 21:19:00,2024-01-23 22:22:00,4.11,201,Hyderabad
6315,2024-01-23 14:15:00,2024-01-23 15:05:00,3.62,334,Chennai
6316,2024-01-23 10:33:00,2024-01-23 11:11:00,5.39,453,Bangalore
6317,2024-01-17 23:04:00,2024-01-17 23:49:00,9.06,382,Chennai
6318,2024-01-04 06:07:00,2024-01-04 06:48:00,4.95,299,Mumbai
6319,2024-01-01 06:50:00,2024-01-01 07:24:00,5.76,197,Mumbai
6320,2024-01-26 10:04:00,2024-01-26 10:42:00,4.52,192,Hyderabad
6321,2024-01-14 11:44:00,2024-01-14 12:31:00,9.94,301,Delhi
6322,2024-01-14 13:59:00,2024-01-14 14:53:00,7.53,287,Bangalore
6323,2024-01-12 04:03:00,2024-01-12 04:51:00,8.02,322,Chennai
6324,2024-01-24 11:10:00,2024-01-24 11:49:00,7.43,286,Bangalore
6325,2024-01-26 07:19:00,2024-01-26 07:51:00,1.75,309,Bangalore
6326,2024-01-09 01:50:00,2024-01-09 02:25:00,6.81,270,Mumbai
6327,2024-01-31 18:29:00,2024-01-31 19:06:00,3.37,220,Delhi
6328,2024-01-28 04:23:00,2024-01-28 05:09:00,9.41,129,Hyderabad
6329,2024-01-19 11:06:00,2024-01-19 11:35:00,1.4,239,Bangalore
6330,2024-01-16 18:46:00,2024-01-16 19:27:00,6.75,463,Hyderabad
6331,2024-01-13 09:16:00,2024-01-13 09:53:00,6.3,287,Chennai
6332,2024-01-24 02:07:00,2024-01-24 02:43:00,6.06,414,Delhi
6333,2024-01-03 13:37:00,2024-01-03 14:18:00,3.83,256,Hyderabad
6334,2024-01-29 00:56:00,2024-01-29 01:36:00,4.86,171,Chennai
6335,2024-01-09 05:09:00,2024-01-09 05:52:00,7.3,475,Delhi
6336,2024-01-16 16:52:00,2024-01-16 17:38:00,8.64,296,Bangalore
6337,2024-01-31 16:58:00,2024-01-31 17:32:00,7.22,163,Hyderabad
6338,2024-01-31 22:09:00,2024-01-31 23:10:00,4.91,118,Bangalore
6339,2024-01-23 20:49:00,2024-01-23 21:39:00,2.15,447,Chennai
6340,2024-01-26 13:59:00,2024-01-26 14:59:00,7.85,241,Hyderabad
6341,2024-01-27 18:52:00,2024-01-27 19:37:00,5.66,266,Chennai
6342,2024-01-31 20:58:00,2024-01-31 22:11:00,8.14,173,Hyderabad
6343,2024-01-12 09:13:00,2024-01-12 09:47:00,5.15,349,Mumbai
6344,2024-01-16 02:42:00,2024-01-16 03:13:00,2.77,114,Mumbai
6345,2024-01-05 01:20:00,2024-01-05 01:59:00,7.92,258,Bangalore
6346,2024-01-06 00:31:00,2024-01-06 01:13:00,4.17,362,Hyderabad
6347,2024-01-25 00:27:00,2024-01-25 01:07:00,6.93,252,Chennai
6348,2024-01-29 00:41:00,2024-01-29 01:07:00,1.85,286,Chennai
6349,2024-01-13 21:23:00,2024-01-13 22:27:00,7.96,135,Delhi
6350,2024-01-07 21:59:00,2024-01-07 22:53:00,1.29,387,Hyderabad
6351,2024-01-31 09:57:00,2024-01-31 10:36:00,2.77,445,Hyderabad
6352,2024-01-31 14:14:00,2024-01-31 15:02:00,7.75,156,Delhi
6353,2024-01-29 15:01:00,2024-01-29 15:36:00,2.92,170,Hyderabad
6354,2024-01-10 23:09:00,2024-01-10 23:57:00,7.64,359,Delhi
6355,2024-01-05 21:51:00,2024-01-05 22:50:00,2.21,498,Mumbai
6356,2024-01-07 18:08:00,2024-01-07 18:51:00,9.09,197,Delhi
6357,2024-01-31 14:23:00,2024-01-31 15:18:00,9.18,280,Mumbai
6358,2024-01-05 23:47:00,2024-01-06 00:23:00,6.84,498,Chennai
6359,2024-01-03 15:37:00,2024-01-03 16:15:00,4.76,250,Chennai
6360,2024-01-12 15:13:00,2024-01-12 15:48:00,7.34,475,Mumbai
6361,2024-01-15 02:51:00,2024-01-15 03:23:00,5.88,344,Chennai
6362,2024-01-19 03:56:00,2024-01-19 04:42:00,9.27,469,Chennai
6363,2024-01-11 04:11:00,2024-01-11 04:56:00,9.74,413,Delhi
6364,2024-01-05 23:01:00,2024-01-05 23:24:00,1.88,471,Bangalore
6365,2024-01-12 13:05:00,2024-01-12 14:03:00,9.21,285,Delhi
6366,2024-01-21 23:33:00,2024-01-22 00:16:00,7.75,460,Mumbai
6367,2024-01-21 03:01:00,2024-01-21 03:48:00,6.73,170,Mumbai
6368,2024-01-14 18:52:00,2024-01-14 19:26:00,7.32,317,Hyderabad
6369,2024-01-04 04:33:00,2024-01-04 05:05:00,4.06,190,Bangalore
6370,2024-01-11 14:11:00,2024-01-11 15:01:00,3.41,125,Mumbai
6371,2024-01-11 12:20:00,2024-01-11 13:16:00,8.92,478,Hyderabad
6372,2024-01-21 20:19:00,2024-01-21 21:23:00,6.11,360,Hyderabad
6373,2024-01-03 00:23:00,2024-01-03 00:46:00,1.7,374,Chennai
6374,2024-01-11 15:03:00,2024-01-11 15:33:00,3.05,433,Delhi
6375,2024-01-13 07:47:00,2024-01-13 08:30:00,9.7,369,Bangalore
6376,2024-01-05 15:41:00,2024-01-05 16:17:00,5.2,109,Hyderabad
6377,2024-01-23 07:14:00,2024-01-23 07:47:00,4.72,497,Mumbai
6378,2024-01-09 18:17:00,2024-01-09 19:03:00,7.29,238,Bangalore
6379,2024-01-10 14:28:00,2024-01-10 15:19:00,2.69,471,Hyderabad
6380,2024-01-02 08:28:00,2024-01-02 09:01:00,6.41,364,Delhi
6381,2024-01-27 08:12:00,2024-01-27 08:50:00,2.15,438,Hyderabad
6382,2024-01-29 04:42:00,2024-01-29 05:26:00,9.76,338,Hyderabad
6383,2024-01-01 04:06:00,2024-01-01 04:35:00,3.71,481,Delhi
6384,2024-01-02 00:04:00,2024-01-02 00:39:00,3.61,212,Bangalore
6385,2024-01-04 02:10:00,2024-01-04 02:40:00,5.29,436,Mumbai
6386,2024-01-22 06:06:00,2024-01-22 06:41:00,3.27,353,Mumbai
6387,2024-01-20 15:23:00,2024-01-20 16:10:00,7.3,334,Mumbai
6388,2024-01-07 05:18:00,2024-01-07 05:55:00,4.04,467,Hyderabad
6389,2024-01-10 22:42:00,2024-01-10 23:51:00,5.1,124,Chennai
6390,2024-01-20 12:50:00,2024-01-20 13:48:00,8.68,147,Delhi
6391,2024-01-13 16:05:00,2024-01-13 16:55:00,9.19,271,Bangalore
6392,2024-01-06 09:38:00,2024-01-06 10:05:00,3.66,396,Delhi
6393,2024-01-12 11:54:00,2024-01-12 12:40:00,7.43,136,Chennai
6394,2024-01-30 17:31:00,2024-01-30 18:10:00,9.01,499,Delhi
6395,2024-01-18 14:58:00,2024-01-18 15:52:00,6.5,170,Bangalore
6396,2024-01-07 17:56:00,2024-01-07 18:24:00,3.75,478,Delhi
6397,2024-01-26 17:09:00,2024-01-26 17:53:00,7.09,445,Hyderabad
6398,2024-01-27 09:38:00,2024-01-27 10:10:00,5.05,483,Chennai
6399,2024-01-31 02:36:00,2024-01-31 03:01:00,1.18,297,Hyderabad
6400,2024-01-18 22:28:00,2024-01-18 23:15:00,1.87,494,Chennai
6401,2024-01-16 01:50:00,2024-01-16 02:28:00,8.28,277,Hyderabad
6402,2024-01-10 14:31:00,2024-01-10 15:31:00,7.91,155,Delhi
6403,2024-01-03 09:13:00,2024-01-03 09:58:00,7.29,189,Hyderabad
6404,2024-01-01 20:48:00,2024-01-01 21:48:00,2.79,321,Hyderabad
6405,2024-01-03 02:48:00,2024-01-03 03:25:00,6.74,150,Chennai
6406,2024-01-27 04:14:00,2024-01-27 05:02:00,8.47,380,Bangalore
6407,2024-01-05 15:11:00,2024-01-05 15:38:00,2.08,424,Mumbai
6408,2024-01-09 05:24:00,2024-01-09 06:08:00,5.52,112,Bangalore
6409,2024-01-28 20:34:00,2024-01-28 21:21:00,2.34,248,Mumbai
6410,2024-01-07 07:23:00,2024-01-07 08:04:00,8.78,482,Hyderabad
6411,2024-01-14 07:10:00,2024-01-14 07:48:00,2.15,251,Delhi
6412,2024-01-13 08:03:00,2024-01-13 08:44:00,9.47,107,Chennai
6413,2024-01-22 18:41:00,2024-01-22 19:27:00,7.66,463,Mumbai
6414,2024-01-15 04:42:00,2024-01-15 05:25:00,9.37,179,Bangalore
6415,2024-01-30 01:18:00,2024-01-30 01:54:00,2.09,305,Delhi
6416,2024-01-29 11:02:00,2024-01-29 11:38:00,4.82,223,Delhi
6417,2024-01-07 01:50:00,2024-01-07 02:32:00,8.61,208,Mumbai
6418,2024-01-27 23:48:00,2024-01-28 00:30:00,5.66,427,Hyderabad
6419,2024-01-04 18:51:00,2024-01-04 19:27:00,1.48,236,Hyderabad
6420,2024-01-30 11:56:00,2024-01-30 12:25:00,2.85,141,Delhi
6421,2024-01-05 10:43:00,2024-01-05 11:25:00,5.55,162,Delhi
6422,2024-01-26 01:01:00,2024-01-26 01:42:00,7.85,360,Delhi
6423,2024-01-14 17:14:00,2024-01-14 17:41:00,2.76,263,Chennai
6424,2024-01-07 13:58:00,2024-01-07 14:59:00,8.35,431,Chennai
6425,2024-01-19 17:13:00,2024-01-19 17:50:00,2.86,219,Delhi
6426,2024-01-28 03:57:00,2024-01-28 04:26:00,1.47,455,Mumbai
6427,2024-01-10 02:20:00,2024-01-10 03:00:00,4.83,457,Hyderabad
6428,2024-01-04 00:42:00,2024-01-04 01:15:00,5.08,466,Delhi
6429,2024-01-10 15:42:00,2024-01-10 16:29:00,9.58,136,Delhi
6430,2024-01-29 16:34:00,2024-01-29 17:16:00,9.49,226,Mumbai
6431,2024-01-19 00:09:00,2024-01-19 00:49:00,3.35,106,Mumbai
6432,2024-01-24 00:44:00,2024-01-24 01:22:00,7.96,418,Mumbai
6433,2024-01-13 02:47:00,2024-01-13 03:22:00,4.91,318,Mumbai
6434,2024-01-22 21:52:00,2024-01-22 22:57:00,9.01,210,Delhi
6435,2024-01-05 07:17:00,2024-01-05 08:01:00,8.25,337,Mumbai
6436,2024-01-04 23:09:00,2024-01-04 23:41:00,1.27,422,Chennai
6437,2024-01-30 17:20:00,2024-01-30 18:07:00,8.36,447,Bangalore
6438,2024-01-06 20:03:00,2024-01-06 20:57:00,4.64,287,Hyderabad
6439,2024-01-02 12:01:00,2024-01-02 12:57:00,3.56,255,Bangalore
6440,2024-01-25 17:32:00,2024-01-25 18:04:00,1.17,342,Chennai
6441,2024-01-08 04:45:00,2024-01-08 05:22:00,3.23,293,Mumbai
6442,2024-01-14 17:05:00,2024-01-14 17:54:00,9.79,197,Hyderabad
6443,2024-01-15 18:06:00,2024-01-15 18:42:00,2.87,251,Mumbai
6444,2024-01-26 22:57:00,2024-01-27 00:08:00,9.86,490,Chennai
6445,2024-01-04 04:37:00,2024-01-04 05:17:00,5.03,325,Bangalore
6446,2024-01-04 11:38:00,2024-01-04 12:22:00,5.75,153,Chennai
6447,2024-01-26 20:38:00,2024-01-26 21:35:00,3.44,172,Hyderabad
6448,2024-01-29 03:07:00,2024-01-29 03:39:00,3.12,384,Bangalore
6449,2024-01-01 00:38:00,2024-01-01 01:14:00,7.7,397,Chennai
6450,2024-01-06 01:32:00,2024-01-06 01:58:00,2.86,178,Bangalore
6451,2024-01-24 20:23:00,2024-01-24 21:40:00,9.49,363,Chennai
6452,2024-01-28 17:36:00,2024-01-28 18:18:00,8.37,435,Chennai
6453,2024-01-17 16:27:00,2024-01-17 17:01:00,5.29,169,Delhi
6454,2024-01-18 00:57:00,2024-01-18 01:43:00,6.52,315,Delhi
6455,2024-01-29 19:22:00,2024-01-29 20:21:00,8.08,352,Bangalore
6456,2024-01-12 23:02:00,2024-01-12 23:46:00,9.42,495,Delhi
6457,2024-01-26 23:40:00,2024-01-27 00:12:00,4.63,433,Delhi
6458,2024-01-08 17:46:00,2024-01-08 18:24:00,3.22,392,Mumbai
6459,2024-01-21 12:04:00,2024-01-21 13:06:00,7.14,290,Chennai
6460,2024-01-19 03:25:00,2024-01-19 04:03:00,8.84,295,Chennai
6461,2024-01-04 11:15:00,2024-01-04 12:01:00,9.84,133,Mumbai
6462,2024-01-10 17:46:00,2024-01-10 18:32:00,6.23,360,Bangalore
6463,2024-01-07 01:19:00,2024-01-07 02:03:00,9.69,184,Chennai
6464,2024-01-26 17:52:00,2024-01-26 18:30:00,5.06,226,Delhi
6465,2024-01-12 01:55:00,2024-01-12 02:37:00,6.83,395,Bangalore
6466,2024-01-22 02:50:00,2024-01-22 03:36:00,9.53,135,Chennai
6467,2024-01-18 16:03:00,2024-01-18 16:31:00,1.38,346,Bangalore
6468,2024-01-16 05:19:00,2024-01-16 05:57:00,4.67,351,Bangalore
6469,2024-01-03 05:24:00,2024-01-03 06:07:00,6.27,462,Hyderabad
6470,2024-01-08 05:33:00,2024-01-08 06:12:00,9.08,170,Mumbai
6471,2024-01-04 22:29:00,2024-01-04 23:41:00,6.63,365,Delhi
6472,2024-01-21 01:39:00,2024-01-21 02:17:00,6.85,379,Delhi
6473,2024-01-13 18:01:00,2024-01-13 18:48:00,6.53,356,Bangalore
6474,2024-01-04 03:58:00,2024-01-04 04:24:00,1.84,345,Mumbai
6475,2024-01-07 05:47:00,2024-01-07 06:18:00,5.27,330,Delhi
6476,2024-01-19 00:57:00,2024-01-19 01:39:00,8.55,276,Delhi
6477,2024-01-31 17:51:00,2024-01-31 18:31:00,5.53,263,Chennai
6478,2024-01-08 03:57:00,2024-01-08 04:40:00,5.77,498,Delhi
6479,2024-01-13 20:21:00,2024-01-13 21:26:00,5.9,306,Bangalore
6480,2024-01-20 06:20:00,2024-01-20 07:06:00,7.19,123,Hyderabad
6481,2024-01-07 21:38:00,2024-01-07 22:22:00,1.74,380,Chennai
6482,2024-01-29 03:07:00,2024-01-29 03:29:00,1.47,280,Bangalore
6483,2024-01-28 07:09:00,2024-01-28 07:49:00,7.32,441,Hyderabad
6484,2024-01-07 09:23:00,2024-01-07 09:55:00,5.58,452,Delhi
6485,2024-01-25 23:27:00,2024-01-26 00:00:00,1.44,387,Chennai
6486,2024-01-14 07:28:00,2024-01-14 08:08:00,3.75,463,Chennai
6487,2024-01-20 08:44:00,2024-01-20 09:21:00,5.15,295,Hyderabad
6488,2024-01-02 01:07:00,2024-01-02 01:54:00,9.93,171,Delhi
6489,2024-01-28 23:32:00,2024-01-29 00:16:00,8.37,378,Mumbai
6490,2024-01-02 18:28:00,2024-01-02 19:05:00,4.1,135,Chennai
6491,2024-01-03 05:27:00,2024-01-03 06:12:00,7.45,497,Chennai
6492,2024-01-23 11:53:00,2024-01-23 12:37:00,5.68,428,Delhi
6493,2024-01-19 09:25:00,2024-01-19 09:51:00,2.76,140,Bangalore
6494,2024-01-05 07:49:00,2024-01-05 08:37:00,7.71,388,Chennai
6495,2024-01-30 20:03:00,2024-01-30 20:56:00,3.49,404,Chennai
6496,2024-01-27 16:07:00,2024-01-27 16:43:00,3.58,389,Chennai
6497,2024-01-18 12:56:00,2024-01-18 13:50:00,9.41,263,Delhi
6498,2024-01-08 20:17:00,2024-01-08 21:09:00,1.55,267,Hyderabad
6499,2024-01-07 15:27:00,2024-01-07 16:14:00,9.06,434,Bangalore
6500,2024-01-09 08:04:00,2024-01-09 08:38:00,3.12,101,Mumbai
6501,2024-01-17 13:33:00,2024-01-17 14:27:00,8.64,190,Delhi
6502,2024-01-05 23:26:00,2024-01-05 23:51:00,1.82,282,Delhi
6503,2024-01-22 17:25:00,2024-01-22 17:57:00,5.54,169,Mumbai
6504,2024-01-05 07:00:00,2024-01-05 07:32:00,2.45,328,Bangalore
6505,2024-01-13 02:41:00,2024-01-13 03:14:00,6.06,399,Hyderabad
6506,2024-01-10 15:17:00,2024-01-10 16:04:00,7.71,339,Bangalore
6507,2024-01-30 20:21:00,2024-01-30 21:15:00,6.03,476,Mumbai
6508,2024-01-24 22:06:00,2024-01-24 23:13:00,5.03,229,Mumbai
6509,2024-01-24 23:02:00,2024-01-24 23:48:00,7.65,356,Mumbai
6510,2024-01-28 02:06:00,2024-01-28 02:46:00,9.54,354,Chennai
6511,2024-01-25 09:32:00,2024-01-25 10:18:00,8.07,163,Bangalore
6512,2024-01-05 20:02:00,2024-01-05 21:02:00,3.89,400,Hyderabad
6513,2024-01-13 09:05:00,2024-01-13 09:47:00,5.87,132,Chennai
6514,2024-01-25 00:52:00,2024-01-25 01:29:00,8.08,137,Bangalore
6515,2024-01-07 07:43:00,2024-01-07 08:07:00,1.37,422,Hyderabad
6516,2024-01-14 08:52:00,2024-01-14 09:36:00,6.63,328,Delhi
6517,2024-01-26 10:27:00,2024-01-26 10:57:00,4.16,379,Bangalore
6518,2024-01-05 07:41:00,2024-01-05 08:14:00,4.08,274,Hyderabad
6519,2024-01-07 09:04:00,2024-01-07 09:50:00,8.73,342,Hyderabad
6520,2024-01-19 11:50:00,2024-01-19 12:37:00,7.92,458,Hyderabad
6521,2024-01-31 04:02:00,2024-01-31 04:43:00,9.19,309,Delhi
6522,2024-01-18 16:53:00,2024-01-18 17:27:00,3.22,191,Mumbai
6523,2024-01-07 22:49:00,2024-01-07 23:50:00,9.18,336,Delhi
6524,2024-01-30 21:49:00,2024-01-30 23:05:00,9.49,128,Bangalore
6525,2024-01-16 22:04:00,2024-01-16 22:48:00,2.09,389,Mumbai
6526,2024-01-30 08:57:00,2024-01-30 09:33:00,4.48,425,Delhi
6527,2024-01-22 07:44:00,2024-01-22 08:21:00,6.21,130,Delhi
6528,2024-01-16 21:11:00,2024-01-16 22:06:00,7.11,406,Mumbai
6529,2024-01-01 05:26:00,2024-01-01 06:05:00,5.91,145,Bangalore
6530,2024-01-18 16:26:00,2024-01-18 17:09:00,9.83,397,Hyderabad
6531,2024-01-08 14:07:00,2024-01-08 15:02:00,5.76,291,Chennai
6532,2024-01-29 01:19:00,2024-01-29 01:52:00,4.81,251,Hyderabad
6533,2024-01-14 22:30:00,2024-01-14 23:27:00,5.21,445,Bangalore
6534,2024-01-23 12:36:00,2024-01-23 13:14:00,3.77,156,Bangalore
6535,2024-01-08 22:25:00,2024-01-08 23:26:00,7.72,224,Delhi
6536,2024-01-03 01:11:00,2024-01-03 01:51:00,6.87,363,Mumbai
6537,2024-01-09 23:31:00,2024-01-10 00:05:00,1.71,298,Hyderabad
6538,2024-01-28 20:00:00,2024-01-28 21:16:00,8.73,349,Hyderabad
6539,2024-01-28 13:49:00,2024-01-28 14:26:00,3.53,263,Hyderabad
6540,2024-01-26 23:43:00,2024-01-27 00:18:00,5.29,236,Chennai
6541,2024-01-26 16:45:00,2024-01-26 17:14:00,1.1,471,Delhi
6542,2024-01-31 22:49:00,2024-02-01 00:01:00,7.83,152,Delhi
6543,2024-01-28 01:53:00,2024-01-28 02:26:00,1.67,439,Bangalore
6544,2024-01-06 15:27:00,2024-01-06 15:57:00,3.95,112,Bangalore
6545,2024-01-11 04:53:00,2024-01-11 05:28:00,7.16,386,Mumbai
6546,2024-01-06 08:44:00,2024-01-06 09:20:00,1.29,276,Chennai
6547,2024-01-02 20:08:00,2024-01-02 21:07:00,9.87,216,Delhi
6548,2024-01-15 02:25:00,2024-01-15 03:09:00,5.33,175,Chennai
6549,2024-01-17 19:15:00,2024-01-17 20:07:00,3.0,300,Chennai
6550,2024-01-16 06:04:00,2024-01-16 06:35:00,3.35,239,Hyderabad
6551,2024-01-29 03:02:00,2024-01-29 03:50:00,9.09,270,Mumbai
6552,2024-01-13 06:40:00,2024-01-13 07:31:00,9.34,368,Mumbai
6553,2024-01-15 21:34:00,2024-01-15 22:44:00,6.34,187,Bangalore
6554,2024-01-11 10:30:00,2024-01-11 11:13:00,7.23,364,Bangalore
6555,2024-01-26 02:49:00,2024-01-26 03:27:00,3.02,189,Chennai
6556,2024-01-05 19:46:00,2024-01-05 20:45:00,3.66,401,Hyderabad
6557,2024-01-22 03:07:00,2024-01-22 03:43:00,8.06,419,Hyderabad
6558,2024-01-09 01:59:00,2024-01-09 02:48:00,9.31,174,Hyderabad
6559,2024-01-12 14:46:00,2024-01-12 15:45:00,7.69,390,Hyderabad
6560,2024-01-22 04:32:00,2024-01-22 05:18:00,6.17,374,Bangalore
6561,2024-01-19 10:59:00,2024-01-19 11:32:00,3.85,262,Delhi
6562,2024-01-08 02:16:00,2024-01-08 02:57:00,4.89,155,Delhi
6563,2024-01-06 00:06:00,2024-01-06 00:47:00,5.41,341,Bangalore
6564,2024-01-28 19:48:00,2024-01-28 20:47:00,2.49,477,Mumbai
6565,2024-01-07 21:16:00,2024-01-07 22:14:00,5.28,257,Delhi
6566,2024-01-31 12:53:00,2024-01-31 13:40:00,6.17,131,Bangalore
6567,2024-01-06 06:35:00,2024-01-06 07:08:00,4.15,408,Mumbai
6568,2024-01-03 15:59:00,2024-01-03 16:37:00,5.54,466,Hyderabad
6569,2024-01-02 08:25:00,2024-01-02 09:07:00,6.4,194,Mumbai
6570,2024-01-04 01:52:00,2024-01-04 02:36:00,6.48,260,Delhi
6571,2024-01-28 22:39:00,2024-01-28 23:34:00,1.7,146,Delhi
6572,2024-01-25 15:54:00,2024-01-25 16:36:00,7.63,139,Hyderabad
6573,2024-01-10 15:12:00,2024-01-10 15:49:00,4.91,244,Bangalore
6574,2024-01-04 00:17:00,2024-01-04 01:06:00,8.29,235,Bangalore
6575,2024-01-04 02:50:00,2024-01-04 03:16:00,1.17,289,Delhi
6576,2024-01-21 15:33:00,2024-01-21 16:15:00,8.22,148,Hyderabad
6577,2024-01-14 18:51:00,2024-01-14 19:18:00,2.39,106,Hyderabad
6578,2024-01-24 06:26:00,2024-01-24 07:00:00,3.13,128,Chennai
6579,2024-01-02 04:48:00,2024-01-02 05:26:00,2.36,216,Chennai
6580,2024-01-05 20:27:00,2024-01-05 21:39:00,7.97,486,Mumbai
6581,2024-01-01 09:53:00,2024-01-01 10:32:00,5.57,120,Chennai
6582,2024-01-30 04:02:00,2024-01-30 04:29:00,3.85,163,Hyderabad
6583,2024-01-23 21:48:00,2024-01-23 23:05:00,9.55,494,Delhi
6584,2024-01-01 01:37:00,2024-01-01 02:12:00,4.58,225,Bangalore
6585,2024-01-18 04:08:00,2024-01-18 04:59:00,9.25,355,Chennai
6586,2024-01-16 04:17:00,2024-01-16 04:41:00,2.18,286,Bangalore
6587,2024-01-10 23:15:00,2024-01-10 23:48:00,3.95,392,Bangalore
6588,2024-01-07 21:08:00,2024-01-07 21:56:00,1.92,127,Mumbai
6589,2024-01-14 16:09:00,2024-01-14 16:56:00,9.28,136,Chennai
6590,2024-01-03 12:58:00,2024-01-03 13:51:00,7.01,402,Chennai
6591,2024-01-16 16:18:00,2024-01-16 16:52:00,4.21,334,Chennai
6592,2024-01-21 20:42:00,2024-01-21 21:46:00,8.52,436,Mumbai
6593,2024-01-04 04:43:00,2024-01-04 05:23:00,7.81,421,Delhi
6594,2024-01-26 22:52:00,2024-01-26 23:58:00,7.15,335,Delhi
6595,2024-01-05 01:58:00,2024-01-05 02:28:00,1.71,264,Delhi
6596,2024-01-22 22:23:00,2024-01-22 23:23:00,1.75,314,Delhi
6597,2024-01-30 12:44:00,2024-01-30 13:36:00,3.39,240,Hyderabad
6598,2024-01-13 20:33:00,2024-01-13 21:28:00,3.99,148,Hyderabad
6599,2024-01-24 03:26:00,2024-01-24 04:13:00,9.56,184,Mumbai
6600,2024-01-02 00:29:00,2024-01-02 01:07:00,5.29,123,Mumbai
6601,2024-01-01 04:03:00,2024-01-01 04:37:00,4.19,480,Bangalore
6602,2024-01-04 22:42:00,2024-01-04 23:46:00,4.43,308,Delhi
6603,2024-01-12 19:06:00,2024-01-12 19:57:00,1.49,127,Hyderabad
6604,2024-01-11 09:16:00,2024-01-11 10:02:00,7.89,383,Bangalore
6605,2024-01-24 21:24:00,2024-01-24 22:17:00,1.91,101,Hyderabad
6606,2024-01-28 23:40:00,2024-01-29 00:26:00,9.76,284,Bangalore
6607,2024-01-17 09:38:00,2024-01-17 10:06:00,3.96,245,Hyderabad
6608,2024-01-13 23:22:00,2024-01-13 23:56:00,1.67,426,Delhi
6609,2024-01-18 21:57:00,2024-01-18 23:00:00,8.5,258,Delhi
6610,2024-01-13 05:14:00,2024-01-13 06:03:00,9.34,367,Delhi
6611,2024-01-13 00:12:00,2024-01-13 00:50:00,3.28,301,Delhi
6612,2024-01-25 15:35:00,2024-01-25 16:18:00,8.73,173,Mumbai
6613,2024-01-23 16:17:00,2024-01-23 17:04:00,6.52,467,Chennai
6614,2024-01-03 18:22:00,2024-01-03 19:10:00,9.22,427,Delhi
6615,2024-01-02 20:50:00,2024-01-02 21:58:00,5.52,199,Delhi
6616,2024-01-08 15:05:00,2024-01-08 15:43:00,2.79,495,Delhi
6617,2024-01-05 03:53:00,2024-01-05 04:36:00,8.01,489,Hyderabad
6618,2024-01-10 18:30:00,2024-01-10 19:05:00,4.06,145,Mumbai
6619,2024-01-01 19:31:00,2024-01-01 20:28:00,1.8,175,Chennai
6620,2024-01-06 22:36:00,2024-01-06 23:41:00,7.21,230,Mumbai
6621,2024-01-02 13:04:00,2024-01-02 13:53:00,7.62,401,Hyderabad
6622,2024-01-15 09:45:00,2024-01-15 10:26:00,9.41,234,Hyderabad
6623,2024-01-23 09:27:00,2024-01-23 10:07:00,4.45,100,Bangalore
6624,2024-01-02 20:18:00,2024-01-02 21:28:00,5.55,407,Hyderabad
6625,2024-01-07 02:37:00,2024-01-07 03:10:00,1.6,378,Mumbai
6626,2024-01-03 07:59:00,2024-01-03 08:38:00,2.97,309,Mumbai
6627,2024-01-21 12:19:00,2024-01-21 13:14:00,3.38,222,Bangalore
6628,2024-01-25 10:39:00,2024-01-25 11:15:00,5.62,200,Bangalore
6629,2024-01-22 02:51:00,2024-01-22 03:37:00,9.46,164,Mumbai
6630,2024-01-09 05:36:00,2024-01-09 06:15:00,4.21,366,Mumbai
6631,2024-01-30 08:07:00,2024-01-30 08:38:00,3.93,145,Chennai
6632,2024-01-21 22:31:00,2024-01-21 23:28:00,4.24,441,Hyderabad
6633,2024-01-31 03:16:00,2024-01-31 04:01:00,7.0,203,Mumbai
6634,2024-01-11 05:55:00,2024-01-11 06:28:00,6.54,477,Chennai
6635,2024-01-11 18:01:00,2024-01-11 18:48:00,7.71,182,Delhi
6636,2024-01-18 09:29:00,2024-01-18 10:05:00,8.33,455,Delhi
6637,2024-01-13 19:33:00,2024-01-13 20:34:00,8.84,304,Delhi
6638,2024-01-04 19:31:00,2024-01-04 20:28:00,6.64,159,Bangalore
6639,2024-01-24 06:04:00,2024-01-24 06:41:00,3.77,325,Mumbai
6640,2024-01-14 01:41:00,2024-01-14 02:20:00,2.5,267,Bangalore
6641,2024-01-17 20:58:00,2024-01-17 22:02:00,9.82,262,Hyderabad
6642,2024-01-02 23:00:00,2024-01-02 23:33:00,1.3,230,Mumbai
6643,2024-01-02 20:46:00,2024-01-02 21:40:00,4.4,423,Chennai
6644,2024-01-05 07:10:00,2024-01-05 07:46:00,6.36,311,Hyderabad
6645,2024-01-03 03:40:00,2024-01-03 04:08:00,3.65,120,Delhi
6646,2024-01-14 12:58:00,2024-01-14 14:00:00,8.18,499,Chennai
6647,2024-01-31 15:12:00,2024-01-31 15:55:00,6.34,283,Hyderabad
6648,2024-01-03 13:09:00,2024-01-03 13:56:00,8.94,248,Mumbai
6649,2024-01-17 07:14:00,2024-01-17 07:57:00,7.58,180,Mumbai
6650,2024-01-22 14:08:00,2024-01-22 14:57:00,3.74,252,Mumbai
6651,2024-01-10 09:49:00,2024-01-10 10:24:00,6.65,222,Bangalore
6652,2024-01-06 08:45:00,2024-01-06 09:25:00,3.23,305,Bangalore
6653,2024-01-24 00:46:00,2024-01-24 01:12:00,3.44,472,Chennai
6654,2024-01-14 22:50:00,2024-01-15 00:02:00,8.37,158,Chennai
6655,2024-01-21 09:40:00,2024-01-21 10:18:00,2.12,422,Mumbai
6656,2024-01-11 17:41:00,2024-01-11 18:28:00,8.27,435,Hyderabad
6657,2024-01-01 16:36:00,2024-01-01 17:11:00,4.51,394,Bangalore
6658,2024-01-11 16:37:00,2024-01-11 17:13:00,3.03,260,Hyderabad
6659,2024-01-15 01:05:00,2024-01-15 01:42:00,8.7,308,Delhi
6660,2024-01-10 18:59:00,2024-01-10 19:30:00,4.6,371,Hyderabad
6661,2024-01-03 08:51:00,2024-01-03 09:35:00,8.21,133,Delhi
6662,2024-01-06 22:43:00,2024-01-06 23:32:00,4.09,446,Chennai
6663,2024-01-23 16:26:00,2024-01-23 16:59:00,2.24,408,Hyderabad
6664,2024-01-26 02:25:00,2024-01-26 03:00:00,4.76,363,Delhi
6665,2024-01-01 02:18:00,2024-01-01 02:59:00,6.91,212,Bangalore
6666,2024-01-10 02:41:00,2024-01-10 03:28:00,7.36,323,Mumbai
6667,2024-01-12 12:10:00,2024-01-12 13:06:00,4.31,366,Hyderabad
6668,2024-01-02 06:26:00,2024-01-02 06:53:00,2.91,245,Mumbai
6669,2024-01-31 07:37:00,2024-01-31 08:17:00,4.32,107,Chennai
6670,2024-01-13 04:30:00,2024-01-13 05:10:00,3.07,252,Mumbai
6671,2024-01-06 18:35:00,2024-01-06 19:17:00,7.58,354,Delhi
6672,2024-01-13 00:41:00,2024-01-13 01:19:00,3.3,302,Hyderabad
6673,2024-01-24 08:02:00,2024-01-24 08:34:00,2.64,443,Mumbai
6674,2024-01-19 09:12:00,2024-01-19 09:45:00,5.9,494,Chennai
6675,2024-01-06 11:01:00,2024-01-06 11:37:00,6.79,107,Mumbai
6676,2024-01-26 06:42:00,2024-01-26 07:25:00,5.2,394,Hyderabad
6677,2024-01-21 07:36:00,2024-01-21 08:10:00,2.53,237,Mumbai
6678,2024-01-03 05:38:00,2024-01-03 06:12:00,3.4,448,Chennai
6679,2024-01-12 14:43:00,2024-01-12 15:34:00,7.64,453,Chennai
6680,2024-01-05 22:19:00,2024-01-05 23:07:00,3.16,245,Chennai
6681,2024-01-20 23:53:00,2024-01-21 00:25:00,5.24,296,Chennai
6682,2024-01-10 06:22:00,2024-01-10 06:49:00,3.47,101,Chennai
6683,2024-01-18 21:56:00,2024-01-18 23:05:00,5.6,390,Mumbai
6684,2024-01-24 08:27:00,2024-01-24 09:19:00,9.49,284,Hyderabad
6685,2024-01-13 03:30:00,2024-01-13 04:01:00,5.34,287,Mumbai
6686,2024-01-10 02:06:00,2024-01-10 02:41:00,6.86,348,Chennai
6687,2024-01-09 18:53:00,2024-01-09 19:38:00,5.5,180,Chennai
6688,2024-01-26 12:59:00,2024-01-26 13:47:00,7.88,386,Delhi
6689,2024-01-30 16:07:00,2024-01-30 16:41:00,6.4,152,Hyderabad
6690,2024-01-08 03:29:00,2024-01-08 04:09:00,9.63,341,Bangalore
6691,2024-01-29 14:02:00,2024-01-29 14:57:00,9.79,412,Mumbai
6692,2024-01-29 04:57:00,2024-01-29 05:25:00,2.89,453,Mumbai
6693,2024-01-23 14:25:00,2024-01-23 15:16:00,1.98,376,Delhi
6694,2024-01-29 04:16:00,2024-01-29 04:54:00,7.09,103,Hyderabad
6695,2024-01-21 22:38:00,2024-01-21 23:44:00,4.01,462,Chennai
6696,2024-01-20 11:31:00,2024-01-20 12:10:00,8.28,109,Mumbai
6697,2024-01-30 18:39:00,2024-01-30 19:10:00,1.14,488,Hyderabad
6698,2024-01-18 16:32:00,2024-01-18 17:14:00,6.95,207,Hyderabad
6699,2024-01-21 00:47:00,2024-01-21 01:13:00,2.99,269,Mumbai
6700,2024-01-13 22:14:00,2024-01-13 23:15:00,3.99,223,Chennai
6701,2024-01-24 04:56:00,2024-01-24 05:35:00,3.19,263,Mumbai
6702,2024-01-20 07:20:00,2024-01-20 07:59:00,5.49,391,Chennai
6703,2024-01-02 14:26:00,2024-01-02 15:16:00,6.66,397,Delhi
6704,2024-01-14 16:45:00,2024-01-14 17:28:00,6.21,348,Chennai
6705,2024-01-17 10:32:00,2024-01-17 10:56:00,1.63,164,Chennai
6706,2024-01-12 15:01:00,2024-01-12 15:52:00,9.23,113,Bangalore
6707,2024-01-08 00:34:00,2024-01-08 01:08:00,5.8,136,Chennai
6708,2024-01-03 00:28:00,2024-01-03 01:16:00,8.33,306,Delhi
6709,2024-01-11 06:54:00,2024-01-11 07:17:00,1.41,337,Delhi
6710,2024-01-04 06:21:00,2024-01-04 06:59:00,9.49,326,Mumbai
6711,2024-01-28 02:02:00,2024-01-28 02:45:00,5.53,464,Hyderabad
6712,2024-01-01 03:11:00,2024-01-01 03:41:00,1.58,217,Hyderabad
6713,2024-01-14 11:00:00,2024-01-14 11:33:00,6.91,182,Bangalore
6714,2024-01-12 08:08:00,2024-01-12 08:44:00,4.5,144,Bangalore
6715,2024-01-07 00:03:00,2024-01-07 00:29:00,2.67,209,Mumbai
6716,2024-01-05 14:15:00,2024-01-05 15:09:00,4.51,459,Hyderabad
6717,2024-01-28 10:56:00,2024-01-28 11:29:00,2.15,281,Delhi
6718,2024-01-15 06:21:00,2024-01-15 06:50:00,2.74,366,Chennai
6719,2024-01-01 21:38:00,2024-01-01 22:36:00,4.14,246,Bangalore
6720,2024-01-03 23:57:00,2024-01-04 00:45:00,7.1,355,Bangalore
6721,2024-01-01 17:09:00,2024-01-01 17:56:00,8.57,182,Bangalore
6722,2024-01-29 10:01:00,2024-01-29 10:40:00,6.4,152,Delhi
6723,2024-01-22 09:12:00,2024-01-22 09:53:00,8.52,172,Bangalore
6724,2024-01-16 05:58:00,2024-01-16 06:36:00,5.28,235,Chennai
6725,2024-01-17 17:01:00,2024-01-17 17:46:00,7.41,165,Delhi
6726,2024-01-12 09:47:00,2024-01-12 10:25:00,8.38,169,Chennai
6727,2024-01-02 23:08:00,2024-01-02 23:37:00,2.7,101,Chennai
6728,2024-01-14 04:23:00,2024-01-14 05:01:00,2.39,403,Delhi
6729,2024-01-05 23:59:00,2024-01-06 00:40:00,4.38,224,Bangalore
6730,2024-01-01 00:30:00,2024-01-01 01:05:00,7.86,156,Bangalore
6731,2024-01-22 22:10:00,2024-01-22 23:03:00,4.05,134,Mumbai
6732,2024-01-08 11:40:00,2024-01-08 12:15:00,4.67,183,Chennai
6733,2024-01-29 15:57:00,2024-01-29 16:35:00,6.68,113,Hyderabad
6734,2024-01-02 14:02:00,2024-01-02 15:05:00,9.27,280,Chennai
6735,2024-01-08 14:42:00,2024-01-08 15:46:00,9.61,474,Mumbai
6736,2024-01-07 02:26:00,2024-01-07 02:59:00,3.52,218,Mumbai
6737,2024-01-04 20:54:00,2024-01-04 21:56:00,4.26,471,Mumbai
6738,2024-01-02 21:58:00,2024-01-02 23:09:00,6.6,376,Chennai
6739,2024-01-31 03:34:00,2024-01-31 04:02:00,3.42,433,Bangalore
6740,2024-01-28 20:34:00,2024-01-28 21:34:00,3.72,135,Delhi
6741,2024-01-13 00:17:00,2024-01-13 00:54:00,1.72,229,Mumbai
6742,2024-01-07 02:04:00,2024-01-07 02:29:00,1.08,207,Mumbai
6743,2024-01-01 18:43:00,2024-01-01 19:25:00,6.06,399,Chennai
6744,2024-01-04 23:45:00,2024-01-05 00:26:00,6.19,285,Delhi
6745,2024-01-03 07:20:00,2024-01-03 08:01:00,5.42,179,Delhi
6746,2024-01-02 22:28:00,2024-01-02 23:23:00,5.85,226,Chennai
6747,2024-01-16 09:23:00,2024-01-16 10:03:00,6.66,153,Delhi
6748,2024-01-02 09:24:00,2024-01-02 09:55:00,5.29,160,Delhi
6749,2024-01-09 01:31:00,2024-01-09 02:12:00,7.56,183,Chennai
6750,2024-01-17 05:45:00,2024-01-17 06:22:00,7.84,328,Delhi
6751,2024-01-03 19:50:00,2024-01-03 20:48:00,7.31,374,Delhi
6752,2024-01-28 22:47:00,2024-01-28 23:53:00,9.56,119,Delhi
6753,2024-01-01 19:10:00,2024-01-01 20:00:00,2.13,124,Chennai
6754,2024-01-03 05:24:00,2024-01-03 06:01:00,3.7,406,Delhi
6755,2024-01-06 21:54:00,2024-01-06 22:54:00,3.94,460,Chennai
6756,2024-01-22 05:21:00,2024-01-22 05:50:00,2.47,470,Hyderabad
6757,2024-01-12 23:04:00,2024-01-12 23:30:00,1.96,121,Delhi
6758,2024-01-04 04:16:00,2024-01-04 04:58:00,7.91,399,Mumbai
6759,2024-01-15 04:40:00,2024-01-15 05:11:00,5.28,347,Bangalore
6760,2024-01-24 06:46:00,2024-01-24 07:30:00,7.84,270,Delhi
6761,2024-01-22 20:26:00,2024-01-22 21:32:00,7.06,478,Mumbai
6762,2024-01-11 00:19:00,2024-01-11 00:55:00,3.4,437,Delhi
6763,2024-01-02 11:49:00,2024-01-02 12:31:00,4.55,107,Hyderabad
6764,2024-01-10 23:15:00,2024-01-10 23:43:00,4.03,473,Hyderabad
6765,2024-01-19 13:39:00,2024-01-19 14:28:00,6.4,178,Delhi
6766,2024-01-25 17:41:00,2024-01-25 18:03:00,1.22,178,Delhi
6767,2024-01-23 10:52:00,2024-01-23 11:24:00,4.57,339,Bangalore
6768,2024-01-08 12:11:00,2024-01-08 13:10:00,8.31,336,Mumbai
6769,2024-01-23 09:10:00,2024-01-23 09:42:00,5.51,499,Bangalore
6770,2024-01-20 11:17:00,2024-01-20 11:49:00,3.19,448,Delhi
6771,2024-01-19 00:16:00,2024-01-19 01:03:00,9.48,216,Hyderabad
6772,2024-01-30 14:50:00,2024-01-30 15:42:00,2.35,340,Mumbai
6773,2024-01-03 23:49:00,2024-01-04 00:13:00,2.16,427,Chennai
6774,2024-01-17 05:51:00,2024-01-17 06:35:00,5.59,323,Bangalore
6775,2024-01-16 03:34:00,2024-01-16 04:22:00,9.3,484,Mumbai
6776,2024-01-31 19:42:00,2024-01-31 20:31:00,4.27,177,Mumbai
6777,2024-01-28 00:44:00,2024-01-28 01:15:00,3.24,489,Delhi
6778,2024-01-04 08:46:00,2024-01-04 09:13:00,2.23,337,Delhi
6779,2024-01-23 03:49:00,2024-01-23 04:39:00,9.22,276,Mumbai
6780,2024-01-13 16:59:00,2024-01-13 17:40:00,6.87,155,Chennai
6781,2024-01-06 14:44:00,2024-01-06 15:27:00,6.44,239,Bangalore
6782,2024-01-16 19:38:00,2024-01-16 20:38:00,9.81,474,Hyderabad
6783,2024-01-19 01:05:00,2024-01-19 01:44:00,3.72,179,Mumbai
6784,2024-01-17 18:36:00,2024-01-17 19:04:00,3.3,152,Hyderabad
6785,2024-01-22 01:50:00,2024-01-22 02:21:00,2.68,267,Delhi
6786,2024-01-08 11:35:00,2024-01-08 12:15:00,6.7,445,Bangalore
6787,2024-01-01 15:24:00,2024-01-01 16:11:00,8.34,310,Chennai
6788,2024-01-07 07:05:00,2024-01-07 07:36:00,1.13,302,Delhi
6789,2024-01-29 13:24:00,2024-01-29 13:59:00,2.8,187,Delhi
6790,2024-01-21 19:33:00,2024-01-21 20:19:00,2.39,131,Chennai
6791,2024-01-29 20:40:00,2024-01-29 21:45:00,4.01,287,Bangalore
6792,2024-01-04 12:50:00,2024-01-04 13:39:00,8.77,193,Mumbai
6793,2024-01-23 14:25:00,2024-01-23 15:16:00,4.02,204,Bangalore
6794,2024-01-17 17:32:00,2024-01-17 18:17:00,7.92,456,Hyderabad
6795,2024-01-12 16:09:00,2024-01-12 16:54:00,6.23,285,Bangalore
6796,2024-01-26 04:16:00,2024-01-26 05:01:00,7.97,416,Delhi
6797,2024-01-25 09:40:00,2024-01-25 10:13:00,4.46,221,Delhi
6798,2024-01-28 12:32:00,2024-01-28 13:37:00,9.77,334,Hyderabad
6799,2024-01-04 15:42:00,2024-01-04 16:19:00,6.82,167,Chennai
6800,2024-01-10 03:45:00,2024-01-10 04:33:00,8.3,384,Delhi
6801,2024-01-30 18:47:00,2024-01-30 19:21:00,3.23,384,Mumbai
6802,2024-01-27 14:24:00,2024-01-27 15:12:00,5.99,358,Chennai
6803,2024-01-11 01:05:00,2024-01-11 01:47:00,6.75,287,Bangalore
6804,2024-01-03 08:25:00,2024-01-03 09:09:00,9.95,290,Mumbai
6805,2024-01-14 21:52:00,2024-01-14 22:41:00,2.48,403,Chennai
6806,2024-01-04 04:10:00,2024-01-04 04:36:00,3.39,215,Chennai
6807,2024-01-10 14:18:00,2024-01-10 15:00:00,3.4,280,Mumbai
6808,2024-01-11 20:57:00,2024-01-11 22:08:00,9.88,490,Bangalore
6809,2024-01-29 17:57:00,2024-01-29 18:38:00,8.12,127,Bangalore
6810,2024-01-09 19:24:00,2024-01-09 20:17:00,2.69,475,Delhi
6811,2024-01-11 08:33:00,2024-01-11 09:05:00,1.86,267,Bangalore
6812,2024-01-19 08:28:00,2024-01-19 09:05:00,5.25,302,Hyderabad
6813,2024-01-29 13:01:00,2024-01-29 13:48:00,8.53,281,Chennai
6814,2024-01-14 18:18:00,2024-01-14 18:49:00,1.27,451,Chennai
6815,2024-01-01 02:45:00,2024-01-01 03:34:00,7.67,416,Mumbai
6816,2024-01-21 23:09:00,2024-01-21 23:47:00,2.44,215,Delhi
6817,2024-01-20 10:07:00,2024-01-20 10:47:00,4.01,480,Mumbai
6818,2024-01-02 10:20:00,2024-01-02 10:51:00,5.06,460,Delhi
6819,2024-01-08 02:01:00,2024-01-08 02:48:00,9.24,453,Mumbai
6820,2024-01-24 11:23:00,2024-01-24 11:54:00,4.45,317,Delhi
6821,2024-01-08 17:10:00,2024-01-08 17:46:00,5.72,464,Hyderabad
6822,2024-01-27 11:52:00,2024-01-27 12:30:00,4.59,337,Chennai
6823,2024-01-10 22:19:00,2024-01-10 23:26:00,8.62,421,Bangalore
6824,2024-01-24 05:18:00,2024-01-24 06:02:00,5.17,479,Chennai
6825,2024-01-20 01:29:00,2024-01-20 02:11:00,6.58,137,Chennai
6826,2024-01-26 00:22:00,2024-01-26 00:57:00,1.04,204,Delhi
6827,2024-01-18 07:47:00,2024-01-18 08:26:00,3.07,494,Bangalore
6828,2024-01-20 22:15:00,2024-01-20 23:03:00,2.74,198,Bangalore
6829,2024-01-19 03:29:00,2024-01-19 04:13:00,8.43,128,Chennai
6830,2024-01-18 06:52:00,2024-01-18 07:22:00,4.73,346,Hyderabad
6831,2024-01-04 07:16:00,2024-01-04 07:47:00,2.32,105,Bangalore
6832,2024-01-07 01:06:00,2024-01-07 01:35:00,1.29,374,Chennai
6833,2024-01-10 08:06:00,2024-01-10 08:39:00,4.59,407,Delhi
6834,2024-01-28 16:07:00,2024-01-28 16:46:00,8.64,303,Bangalore
6835,2024-01-12 20:28:00,2024-01-12 21:22:00,1.78,240,Delhi
6836,2024-01-07 07:10:00,2024-01-07 07:39:00,2.7,299,Chennai
6837,2024-01-30 12:35:00,2024-01-30 13:19:00,3.94,354,Hyderabad
6838,2024-01-20 15:07:00,2024-01-20 15:39:00,3.06,267,Mumbai
6839,2024-01-23 20:43:00,2024-01-23 21:37:00,1.03,332,Chennai
6840,2024-01-22 05:14:00,2024-01-22 05:47:00,4.46,447,Mumbai
6841,2024-01-20 23:10:00,2024-01-20 23:38:00,1.25,415,Mumbai
6842,2024-01-30 08:33:00,2024-01-30 09:03:00,2.2,290,Bangalore
6843,2024-01-15 22:40:00,2024-01-15 23:46:00,9.93,183,Bangalore
6844,2024-01-16 15:46:00,2024-01-16 16:28:00,5.59,349,Bangalore
6845,2024-01-12 11:47:00,2024-01-12 12:17:00,5.36,387,Mumbai
6846,2024-01-11 05:53:00,2024-01-11 06:39:00,8.59,354,Delhi
6847,2024-01-02 22:59:00,2024-01-03 00:09:00,6.74,487,Delhi
6848,2024-01-05 04:56:00,2024-01-05 05:34:00,7.29,426,Bangalore
6849,2024-01-26 02:05:00,2024-01-26 02:45:00,4.45,437,Hyderabad
6850,2024-01-26 08:25:00,2024-01-26 09:08:00,9.93,399,Chennai
6851,2024-01-31 03:41:00,2024-01-31 04:22:00,9.56,316,Mumbai
6852,2024-01-07 16:51:00,2024-01-07 17:34:00,9.56,454,Delhi
6853,2024-01-14 22:23:00,2024-01-14 23:17:00,5.71,215,Bangalore
6854,2024-01-20 15:44:00,2024-01-20 16:22:00,5.97,243,Mumbai
6855,2024-01-02 04:58:00,2024-01-02 05:32:00,1.25,314,Hyderabad
6856,2024-01-30 12:34:00,2024-01-30 13:30:00,7.44,104,Chennai
6857,2024-01-20 17:21:00,2024-01-20 17:55:00,1.43,174,Hyderabad
6858,2024-01-25 02:06:00,2024-01-25 02:36:00,3.42,441,Bangalore
6859,2024-01-27 01:52:00,2024-01-27 02:28:00,1.84,346,Chennai
6860,2024-01-20 09:06:00,2024-01-20 09:49:00,7.17,377,Mumbai
6861,2024-01-06 11:00:00,2024-01-06 11:34:00,3.55,264,Hyderabad
6862,2024-01-10 07:02:00,2024-01-10 07:32:00,4.01,126,Hyderabad
6863,2024-01-22 00:48:00,2024-01-22 01:24:00,6.64,416,Chennai
6864,2024-01-01 09:23:00,2024-01-01 10:03:00,4.27,136,Bangalore
6865,2024-01-30 06:51:00,2024-01-30 07:36:00,6.96,141,Hyderabad
6866,2024-01-27 17:29:00,2024-01-27 17:56:00,1.89,415,Bangalore
6867,2024-01-23 12:36:00,2024-01-23 13:35:00,7.87,147,Delhi
6868,2024-01-10 01:48:00,2024-01-10 02:23:00,1.92,339,Chennai
6869,2024-01-22 03:29:00,2024-01-22 04:00:00,1.15,185,Delhi
6870,2024-01-31 12:33:00,2024-01-31 13:32:00,8.08,283,Mumbai
6871,2024-01-26 02:38:00,2024-01-26 03:23:00,6.67,366,Delhi
6872,2024-01-15 12:30:00,2024-01-15 13:25:00,5.16,384,Hyderabad
6873,2024-01-01 23:04:00,2024-01-01 23:36:00,3.13,153,Bangalore
6874,2024-01-14 12:57:00,2024-01-14 13:36:00,2.35,372,Bangalore
6875,2024-01-10 06:43:00,2024-01-10 07:18:00,1.32,448,Delhi
6876,2024-01-02 15:33:00,2024-01-02 16:16:00,9.84,329,Delhi
6877,2024-01-28 10:50:00,2024-01-28 11:37:00,9.5,160,Bangalore
6878,2024-01-14 15:51:00,2024-01-14 16:29:00,9.19,210,Chennai
6879,2024-01-12 00:49:00,2024-01-12 01:24:00,2.2,378,Mumbai
6880,2024-01-31 08:03:00,2024-01-31 08:49:00,7.61,277,Hyderabad
6881,2024-01-17 07:54:00,2024-01-17 08:39:00,5.72,425,Hyderabad
6882,2024-01-04 17:36:00,2024-01-04 18:14:00,4.13,419,Delhi
6883,2024-01-20 20:26:00,2024-01-20 21:26:00,2.04,164,Chennai
6884,2024-01-19 07:16:00,2024-01-19 07:44:00,4.27,497,Bangalore
6885,2024-01-19 05:18:00,2024-01-19 05:59:00,6.02,418,Mumbai
6886,2024-01-16 12:42:00,2024-01-16 13:30:00,5.4,443,Hyderabad
6887,2024-01-08 18:25:00,2024-01-08 18:59:00,1.91,411,Delhi
6888,2024-01-30 09:23:00,2024-01-30 10:09:00,7.73,195,Delhi
6889,2024-01-22 08:37:00,2024-01-22 09:11:00,5.82,136,Mumbai
6890,2024-01-02 00:18:00,2024-01-02 00:57:00,5.44,274,Delhi
6891,2024-01-08 11:56:00,2024-01-08 12:30:00,4.41,144,Chennai
6892,2024-01-06 08:10:00,2024-01-06 09:01:00,9.6,111,Chennai
6893,2024-01-07 15:04:00,2024-01-07 15:50:00,9.55,269,Hyderabad
6894,2024-01-25 09:52:00,2024-01-25 10:26:00,6.03,143,Bangalore
6895,2024-01-27 14:31:00,2024-01-27 15:14:00,2.25,347,Hyderabad
6896,2024-01-23 06:20:00,2024-01-23 06:58:00,6.65,107,Delhi
6897,2024-01-24 06:19:00,2024-01-24 07:00:00,8.79,450,Hyderabad
6898,2024-01-07 07:58:00,2024-01-07 08:27:00,1.7,301,Bangalore
6899,2024-01-22 15:33:00,2024-01-22 16:11:00,6.38,327,Bangalore
6900,2024-01-10 23:41:00,2024-01-11 00:16:00,3.22,133,Hyderabad
6901,2024-01-09 09:21:00,2024-01-09 10:10:00,9.52,460,Delhi
6902,2024-01-02 22:03:00,2024-01-02 23:18:00,9.68,292,Delhi
6903,2024-01-02 02:05:00,2024-01-02 02:52:00,7.13,323,Bangalore
6904,2024-01-10 20:49:00,2024-01-10 21:40:00,3.44,241,Chennai
6905,2024-01-09 03:44:00,2024-01-09 04:21:00,8.72,268,Delhi
6906,2024-01-23 03:17:00,2024-01-23 03:54:00,8.39,153,Chennai
6907,2024-01-09 19:08:00,2024-01-09 20:13:00,7.64,402,Delhi
6908,2024-01-26 22:34:00,2024-01-26 23:31:00,2.51,278,Mumbai
6909,2024-01-09 03:47:00,2024-01-09 04:28:00,5.8,107,Mumbai
6910,2024-01-23 18:07:00,2024-01-23 18:46:00,9.32,448,Delhi
6911,2024-01-07 17:00:00,2024-01-07 17:36:00,8.46,139,Hyderabad
6912,2024-01-28 00:54:00,2024-01-28 01:42:00,7.93,303,Mumbai
6913,2024-01-23 23:32:00,2024-01-23 23:56:00,1.77,306,Hyderabad
6914,2024-01-01 19:17:00,2024-01-01 20:22:00,4.87,125,Delhi
6915,2024-01-15 14:14:00,2024-01-15 15:13:00,7.18,455,Delhi
6916,2024-01-12 01:19:00,2024-01-12 01:48:00,1.58,279,Hyderabad
6917,2024-01-12 06:45:00,2024-01-12 07:33:00,9.01,188,Delhi
6918,2024-01-17 14:25:00,2024-01-17 15:24:00,8.95,470,Mumbai
6919,2024-01-12 06:29:00,2024-01-12 07:10:00,4.79,225,Chennai
6920,2024-01-27 04:37:00,2024-01-27 05:23:00,9.37,127,Hyderabad
6921,2024-01-21 17:05:00,2024-01-21 17:38:00,4.46,315,Bangalore
6922,2024-01-13 04:17:00,2024-01-13 04:53:00,7.49,211,Delhi
6923,2024-01-30 01:52:00,2024-01-30 02:24:00,5.12,276,Bangalore
6924,2024-01-07 05:29:00,2024-01-07 06:08:00,9.2,421,Bangalore
6925,2024-01-24 17:01:00,2024-01-24 17:51:00,9.33,271,Hyderabad
6926,2024-01-09 04:16:00,2024-01-09 04:49:00,1.19,437,Bangalore
6927,2024-01-29 15:43:00,2024-01-29 16:23:00,8.17,331,Mumbai
6928,2024-01-19 16:42:00,2024-01-19 17:08:00,1.31,454,Mumbai
6929,2024-01-14 11:31:00,2024-01-14 12:03:00,5.4,449,Delhi
6930,2024-01-31 05:23:00,2024-01-31 05:48:00,1.87,268,Mumbai
6931,2024-01-02 00:01:00,2024-01-02 00:36:00,7.88,177,Bangalore
6932,2024-01-02 16:46:00,2024-01-02 17:30:00,5.46,462,Chennai
6933,2024-01-30 11:01:00,2024-01-30 11:44:00,4.51,280,Mumbai
6934,2024-01-31 15:24:00,2024-01-31 15:58:00,2.44,139,Chennai
6935,2024-01-03 19:04:00,2024-01-03 20:04:00,1.1,122,Chennai
6936,2024-01-19 13:17:00,2024-01-19 14:13:00,9.04,445,Hyderabad
6937,2024-01-11 14:22:00,2024-01-11 15:14:00,4.2,436,Hyderabad
6938,2024-01-30 17:30:00,2024-01-30 18:10:00,8.95,279,Delhi
6939,2024-01-17 16:57:00,2024-01-17 17:45:00,7.4,493,Mumbai
6940,2024-01-20 20:23:00,2024-01-20 21:19:00,5.45,277,Hyderabad
6941,2024-01-01 20:21:00,2024-01-01 21:29:00,7.65,425,Delhi
6942,2024-01-29 14:52:00,2024-01-29 15:41:00,4.48,446,Hyderabad
6943,2024-01-04 22:38:00,2024-01-04 23:39:00,1.16,259,Delhi
6944,2024-01-08 12:30:00,2024-01-08 13:07:00,3.91,439,Delhi
6945,2024-01-28 01:20:00,2024-01-28 02:00:00,9.25,130,Chennai
6946,2024-01-30 18:43:00,2024-01-30 19:19:00,7.99,237,Bangalore
6947,2024-01-27 14:22:00,2024-01-27 15:12:00,6.06,485,Bangalore
6948,2024-01-27 10:28:00,2024-01-27 10:59:00,5.35,162,Hyderabad
6949,2024-01-24 15:28:00,2024-01-24 16:17:00,7.76,310,Chennai
6950,2024-01-18 06:36:00,2024-01-18 07:13:00,2.19,197,Mumbai
6951,2024-01-28 17:13:00,2024-01-28 17:45:00,5.15,387,Mumbai
6952,2024-01-23 14:46:00,2024-01-23 15:34:00,1.63,223,Mumbai
6953,2024-01-13 06:06:00,2024-01-13 06:47:00,7.42,258,Mumbai
6954,2024-01-19 20:17:00,2024-01-19 21:10:00,4.86,336,Bangalore
6955,2024-01-27 04:49:00,2024-01-27 05:17:00,3.59,117,Delhi
6956,2024-01-19 10:26:00,2024-01-19 11:05:00,8.98,242,Bangalore
6957,2024-01-06 12:07:00,2024-01-06 12:56:00,1.35,151,Bangalore
6958,2024-01-12 19:20:00,2024-01-12 20:26:00,3.77,306,Delhi
6959,2024-01-24 22:31:00,2024-01-24 23:38:00,8.59,300,Mumbai
6960,2024-01-30 03:57:00,2024-01-30 04:43:00,9.82,189,Delhi
6961,2024-01-06 20:35:00,2024-01-06 21:29:00,3.85,212,Delhi
6962,2024-01-01 01:56:00,2024-01-01 02:34:00,4.82,295,Delhi
6963,2024-01-07 23:01:00,2024-01-07 23:50:00,8.41,483,Chennai
6964,2024-01-13 11:39:00,2024-01-13 12:17:00,4.3,319,Bangalore
6965,2024-01-02 07:34:00,2024-01-02 08:08:00,5.81,302,Bangalore
6966,2024-01-06 05:05:00,2024-01-06 05:49:00,9.48,122,Bangalore
6967,2024-01-28 23:08:00,2024-01-28 23:56:00,7.79,316,Bangalore
6968,2024-01-14 21:57:00,2024-01-14 22:54:00,3.38,447,Bangalore
6969,2024-01-06 05:17:00,2024-01-06 06:09:00,9.77,165,Mumbai
6970,2024-01-09 01:46:00,2024-01-09 02:25:00,6.31,445,Delhi
6971,2024-01-03 04:12:00,2024-01-03 04:40:00,1.65,157,Delhi
6972,2024-01-16 09:05:00,2024-01-16 09:49:00,7.51,266,Chennai
6973,2024-01-20 04:52:00,2024-01-20 05:34:00,5.03,304,Bangalore
6974,2024-01-11 12:10:00,2024-01-11 13:09:00,6.12,289,Chennai
6975,2024-01-04 15:19:00,2024-01-04 15:45:00,2.36,242,Delhi
6976,2024-01-25 02:36:00,2024-01-25 03:18:00,8.13,185,Mumbai
6977,2024-01-18 15:30:00,2024-01-18 16:08:00,8.26,282,Mumbai
6978,2024-01-08 23:36:00,2024-01-09 00:11:00,2.28,303,Mumbai
6979,2024-01-01 19:07:00,2024-01-01 19:52:00,1.26,278,Chennai
6980,2024-01-26 15:43:00,2024-01-26 16:27:00,6.25,100,Delhi
6981,2024-01-21 09:14:00,2024-01-21 09:57:00,7.66,244,Mumbai
6982,2024-01-27 01:56:00,2024-01-27 02:45:00,8.66,214,Delhi
6983,2024-01-24 11:01:00,2024-01-24 11:28:00,1.83,396,Delhi
6984,2024-01-30 19:21:00,2024-01-30 20:25:00,3.42,326,Mumbai
6985,2024-01-12 12:11:00,2024-01-12 12:59:00,6.23,321,Mumbai
6986,2024-01-11 22:31:00,2024-01-11 23:35:00,4.16,168,Bangalore
6987,2024-01-17 21:42:00,2024-01-17 22:30:00,4.42,200,Bangalore
6988,2024-01-23 08:50:00,2024-01-23 09:31:00,8.06,464,Mumbai
6989,2024-01-04 22:47:00,2024-01-04 23:55:00,8.25,387,Hyderabad
6990,2024-01-14 07:10:00,2024-01-14 07:47:00,3.12,243,Hyderabad
6991,2024-01-28 22:33:00,2024-01-28 23:33:00,4.45,151,Hyderabad
6992,2024-01-24 09:46:00,2024-01-24 10:24:00,6.1,343,Mumbai
6993,2024-01-08 21:15:00,2024-01-08 22:10:00,6.87,467,Chennai
6994,2024-01-10 05:56:00,2024-01-10 06:44:00,8.55,350,Bangalore
6995,2024-01-17 05:12:00,2024-01-17 05:44:00,4.15,430,Chennai
6996,2024-01-25 07:49:00,2024-01-25 08:22:00,5.05,105,Hyderabad
6997,2024-01-28 06:27:00,2024-01-28 07:00:00,6.89,102,Mumbai
6998,2024-01-02 03:18:00,2024-01-02 03:53:00,6.51,455,Bangalore
6999,2024-01-10 13:54:00,2024-01-10 14:45:00,3.69,445,Delhi
7000,2024-01-03 10:56:00,2024-01-03 11:39:00,6.65,394,Hyderabad
7001,2024-01-19 07:26:00,2024-01-19 07:54:00,2.92,302,Delhi
7002,2024-01-31 11:06:00,2024-01-31 11:33:00,1.17,357,Chennai
7003,2024-01-10 06:32:00,2024-01-10 07:07:00,6.4,485,Delhi
7004,2024-01-04 01:46:00,2024-01-04 02:15:00,2.3,480,Bangalore
7005,2024-01-23 08:56:00,2024-01-23 09:37:00,8.56,279,Delhi
7006,2024-01-16 11:19:00,2024-01-16 11:48:00,3.16,409,Chennai
7007,2024-01-16 23:47:00,2024-01-17 00:11:00,1.14,207,Mumbai
7008,2024-01-29 04:39:00,2024-01-29 05:20:00,9.95,302,Bangalore
7009,2024-01-18 09:56:00,2024-01-18 10:27:00,1.53,300,Chennai
7010,2024-01-18 10:43:00,2024-01-18 11:18:00,6.84,227,Bangalore
7011,2024-01-17 10:34:00,2024-01-17 11:01:00,1.03,375,Mumbai
7012,2024-01-06 18:41:00,2024-01-06 19:10:00,3.79,481,Bangalore
7013,2024-01-05 23:05:00,2024-01-05 23:46:00,8.1,148,Delhi
7014,2024-01-19 09:00:00,2024-01-19 09:37:00,8.21,432,Hyderabad
7015,2024-01-09 02:41:00,2024-01-09 03:23:00,4.22,163,Delhi
7016,2024-01-04 03:35:00,2024-01-04 04:07:00,3.24,148,Delhi
7017,2024-01-14 03:21:00,2024-01-14 03:54:00,6.37,340,Chennai
7018,2024-01-30 03:10:00,2024-01-30 03:52:00,8.04,150,Hyderabad
7019,2024-01-22 00:24:00,2024-01-22 00:53:00,4.2,322,Chennai
7020,2024-01-26 10:02:00,2024-01-26 10:39:00,7.51,193,Chennai
7021,2024-01-16 05:38:00,2024-01-16 06:08:00,4.17,353,Bangalore
7022,2024-01-15 17:12:00,2024-01-15 17:54:00,7.15,394,Mumbai
7023,2024-01-21 15:16:00,2024-01-21 15:43:00,3.3,310,Chennai
7024,2024-01-21 23:24:00,2024-01-21 23:57:00,4.44,386,Bangalore
7025,2024-01-27 10:50:00,2024-01-27 11:24:00,6.79,375,Hyderabad
7026,2024-01-11 14:56:00,2024-01-11 15:30:00,1.76,262,Hyderabad
7027,2024-01-13 13:14:00,2024-01-13 14:00:00,4.03,217,Chennai
7028,2024-01-11 04:46:00,2024-01-11 05:28:00,9.34,321,Hyderabad
7029,2024-01-06 13:11:00,2024-01-06 14:04:00,3.0,143,Hyderabad
7030,2024-01-14 10:54:00,2024-01-14 11:26:00,6.27,188,Hyderabad
7031,2024-01-20 16:01:00,2024-01-20 16:37:00,2.44,295,Chennai
7032,2024-01-30 10:08:00,2024-01-30 10:47:00,8.36,240,Bangalore
7033,2024-01-31 17:02:00,2024-01-31 17:39:00,2.58,489,Chennai
7034,2024-01-14 10:24:00,2024-01-14 11:07:00,9.2,261,Bangalore
7035,2024-01-05 10:35:00,2024-01-05 11:04:00,4.98,466,Delhi
7036,2024-01-23 12:58:00,2024-01-23 13:46:00,4.68,236,Hyderabad
7037,2024-01-21 02:25:00,2024-01-21 03:11:00,9.21,116,Chennai
7038,2024-01-09 21:50:00,2024-01-09 22:44:00,3.78,162,Chennai
7039,2024-01-05 08:22:00,2024-01-05 08:56:00,1.64,399,Chennai
7040,2024-01-27 20:12:00,2024-01-27 21:09:00,7.81,178,Delhi
7041,2024-01-12 00:27:00,2024-01-12 01:02:00,2.63,224,Bangalore
7042,2024-01-03 18:32:00,2024-01-03 19:04:00,2.1,308,Mumbai
7043,2024-01-14 11:27:00,2024-01-14 11:57:00,4.65,264,Bangalore
7044,2024-01-18 01:36:00,2024-01-18 02:20:00,5.87,379,Hyderabad
7045,2024-01-20 21:23:00,2024-01-20 22:19:00,4.94,192,Delhi
7046,2024-01-08 20:35:00,2024-01-08 21:25:00,4.84,497,Mumbai
7047,2024-01-30 00:29:00,2024-01-30 01:10:00,8.29,494,Bangalore
7048,2024-01-19 10:43:00,2024-01-19 11:19:00,6.84,484,Bangalore
7049,2024-01-18 19:09:00,2024-01-18 20:13:00,8.98,158,Chennai
7050,2024-01-06 15:17:00,2024-01-06 16:01:00,8.07,454,Delhi
7051,2024-01-17 16:04:00,2024-01-17 16:37:00,3.74,261,Chennai
7052,2024-01-17 15:58:00,2024-01-17 16:22:00,1.16,192,Delhi
7053,2024-01-09 14:23:00,2024-01-09 15:21:00,7.98,387,Hyderabad
7054,2024-01-20 13:48:00,2024-01-20 14:39:00,1.42,191,Mumbai
7055,2024-01-02 07:01:00,2024-01-02 07:47:00,6.55,426,Delhi
7056,2024-01-25 22:30:00,2024-01-25 23:28:00,1.59,108,Chennai
7057,2024-01-24 18:43:00,2024-01-24 19:25:00,8.03,176,Bangalore
7058,2024-01-15 07:02:00,2024-01-15 07:44:00,9.5,301,Hyderabad
7059,2024-01-02 14:00:00,2024-01-02 14:49:00,5.28,336,Delhi
7060,2024-01-23 14:50:00,2024-01-23 15:29:00,1.04,305,Hyderabad
7061,2024-01-17 06:56:00,2024-01-17 07:38:00,6.56,344,Mumbai
7062,2024-01-27 05:01:00,2024-01-27 05:34:00,2.49,135,Mumbai
7063,2024-01-22 09:53:00,2024-01-22 10:29:00,3.35,251,Hyderabad
7064,2024-01-13 01:35:00,2024-01-13 02:10:00,3.02,220,Bangalore
7065,2024-01-17 13:24:00,2024-01-17 13:59:00,1.85,301,Mumbai
7066,2024-01-24 04:00:00,2024-01-24 04:44:00,9.02,440,Bangalore
7067,2024-01-06 03:49:00,2024-01-06 04:30:00,6.0,164,Chennai
7068,2024-01-14 05:21:00,2024-01-14 06:05:00,5.46,166,Bangalore
7069,2024-01-28 10:43:00,2024-01-28 11:28:00,6.31,426,Delhi
7070,2024-01-02 13:59:00,2024-01-02 14:38:00,2.23,406,Hyderabad
7071,2024-01-12 12:24:00,2024-01-12 13:20:00,7.5,128,Bangalore
7072,2024-01-12 20:09:00,2024-01-12 21:02:00,3.82,362,Bangalore
7073,2024-01-02 03:16:00,2024-01-02 03:57:00,7.89,145,Chennai
7074,2024-01-12 14:08:00,2024-01-12 14:52:00,5.6,171,Hyderabad
7075,2024-01-27 17:07:00,2024-01-27 17:43:00,2.46,172,Mumbai
7076,2024-01-12 00:10:00,2024-01-12 00:48:00,8.18,291,Bangalore
7077,2024-01-16 13:44:00,2024-01-16 14:47:00,7.57,360,Hyderabad
7078,2024-01-18 12:55:00,2024-01-18 13:50:00,4.21,284,Hyderabad
7079,2024-01-08 09:34:00,2024-01-08 10:14:00,5.0,336,Hyderabad
7080,2024-01-12 16:49:00,2024-01-12 17:25:00,6.68,410,Chennai
7081,2024-01-15 06:23:00,2024-01-15 07:03:00,9.47,461,Bangalore
7082,2024-01-23 22:07:00,2024-01-23 23:01:00,7.02,256,Delhi
7083,2024-01-19 01:31:00,2024-01-19 02:09:00,3.9,236,Mumbai
7084,2024-01-20 03:12:00,2024-01-20 03:47:00,5.72,158,Hyderabad
7085,2024-01-08 14:14:00,2024-01-08 15:07:00,6.6,445,Hyderabad
7086,2024-01-05 10:57:00,2024-01-05 11:35:00,3.1,422,Hyderabad
7087,2024-01-31 00:42:00,2024-01-31 01:27:00,8.57,419,Delhi
7088,2024-01-06 17:11:00,2024-01-06 17:48:00,7.62,475,Bangalore
7089,2024-01-08 01:25:00,2024-01-08 01:54:00,1.12,262,Hyderabad
7090,2024-01-16 21:01:00,2024-01-16 21:52:00,1.94,234,Bangalore
7091,2024-01-08 15:44:00,2024-01-08 16:10:00,2.83,322,Hyderabad
7092,2024-01-17 00:32:00,2024-01-17 01:10:00,2.79,347,Bangalore
7093,2024-01-28 15:17:00,2024-01-28 15:42:00,1.47,431,Chennai
7094,2024-01-19 00:29:00,2024-01-19 01:15:00,6.37,303,Hyderabad
7095,2024-01-09 07:53:00,2024-01-09 08:39:00,7.58,398,Bangalore
7096,2024-01-26 16:23:00,2024-01-26 17:06:00,8.35,361,Hyderabad
7097,2024-01-12 17:18:00,2024-01-12 17:50:00,3.74,354,Mumbai
7098,2024-01-21 19:19:00,2024-01-21 20:25:00,5.28,252,Mumbai
7099,2024-01-24 06:58:00,2024-01-24 07:30:00,5.96,290,Chennai
7100,2024-01-05 08:49:00,2024-01-05 09:32:00,7.32,226,Bangalore
7101,2024-01-02 15:32:00,2024-01-02 16:11:00,7.09,387,Chennai
7102,2024-01-13 23:48:00,2024-01-14 00:21:00,2.57,426,Delhi
7103,2024-01-10 09:51:00,2024-01-10 10:25:00,4.27,267,Mumbai
7104,2024-01-11 16:01:00,2024-01-11 16:25:00,1.17,242,Delhi
7105,2024-01-05 09:26:00,2024-01-05 10:10:00,5.71,183,Hyderabad
7106,2024-01-23 09:13:00,2024-01-23 09:44:00,2.12,355,Chennai
7107,2024-01-07 02:30:00,2024-01-07 03:11:00,8.32,477,Chennai
7108,2024-01-30 16:13:00,2024-01-30 16:41:00,3.31,155,Delhi
7109,2024-01-27 17:53:00,2024-01-27 18:20:00,1.3,397,Delhi
7110,2024-01-25 10:46:00,2024-01-25 11:16:00,4.88,395,Mumbai
7111,2024-01-12 05:37:00,2024-01-12 06:15:00,6.31,331,Bangalore
7112,2024-01-30 22:06:00,2024-01-30 23:08:00,5.25,361,Bangalore
7113,2024-01-10 00:07:00,2024-01-10 00:53:00,7.85,409,Chennai
7114,2024-01-22 14:39:00,2024-01-22 15:29:00,9.41,177,Hyderabad
7115,2024-01-11 05:09:00,2024-01-11 05:43:00,1.69,299,Chennai
7116,2024-01-24 02:52:00,2024-01-24 03:29:00,8.14,389,Bangalore
7117,2024-01-09 23:56:00,2024-01-10 00:47:00,9.79,223,Mumbai
7118,2024-01-15 13:31:00,2024-01-15 14:35:00,8.52,363,Delhi
7119,2024-01-04 13:03:00,2024-01-04 13:55:00,9.24,399,Chennai
7120,2024-01-16 22:29:00,2024-01-16 23:35:00,7.36,246,Bangalore
7121,2024-01-03 00:46:00,2024-01-03 01:29:00,7.49,224,Chennai
7122,2024-01-20 02:18:00,2024-01-20 02:56:00,2.68,198,Chennai
7123,2024-01-02 12:26:00,2024-01-02 13:29:00,7.84,372,Chennai
7124,2024-01-02 19:07:00,2024-01-02 20:09:00,6.67,421,Chennai
7125,2024-01-20 12:35:00,2024-01-20 13:37:00,9.28,431,Hyderabad
7126,2024-01-15 09:13:00,2024-01-15 09:46:00,3.35,210,Chennai
7127,2024-01-11 19:32:00,2024-01-11 20:23:00,5.15,436,Bangalore
7128,2024-01-14 20:56:00,2024-01-14 22:03:00,7.49,238,Bangalore
7129,2024-01-07 01:31:00,2024-01-07 02:10:00,4.65,495,Delhi
7130,2024-01-02 16:05:00,2024-01-02 16:50:00,6.14,142,Mumbai
7131,2024-01-15 18:47:00,2024-01-15 19:30:00,9.03,412,Hyderabad
7132,2024-01-06 19:23:00,2024-01-06 20:23:00,1.82,396,Chennai
7133,2024-01-27 17:13:00,2024-01-27 17:50:00,7.58,138,Mumbai
7134,2024-01-30 16:51:00,2024-01-30 17:30:00,6.53,379,Chennai
7135,2024-01-30 17:33:00,2024-01-30 18:11:00,4.01,102,Chennai
7136,2024-01-10 07:59:00,2024-01-10 08:38:00,4.11,453,Mumbai
7137,2024-01-09 11:58:00,2024-01-09 12:43:00,6.53,296,Hyderabad
7138,2024-01-31 20:55:00,2024-01-31 21:53:00,7.97,212,Hyderabad
7139,2024-01-22 09:47:00,2024-01-22 10:35:00,9.26,275,Hyderabad
7140,2024-01-19 05:47:00,2024-01-19 06:22:00,5.41,339,Delhi
7141,2024-01-24 09:04:00,2024-01-24 09:43:00,6.92,293,Mumbai
7142,2024-01-02 20:09:00,2024-01-02 21:20:00,8.34,478,Mumbai
7143,2024-01-03 00:44:00,2024-01-03 01:24:00,7.4,449,Mumbai
7144,2024-01-03 15:26:00,2024-01-03 16:18:00,9.36,402,Mumbai
7145,2024-01-12 12:52:00,2024-01-12 13:46:00,4.81,321,Delhi
7146,2024-01-22 22:51:00,2024-01-22 23:36:00,2.16,112,Bangalore
7147,2024-01-07 23:54:00,2024-01-08 00:24:00,1.01,130,Delhi
7148,2024-01-20 19:15:00,2024-01-20 20:28:00,8.43,115,Hyderabad
7149,2024-01-28 02:16:00,2024-01-28 02:45:00,4.74,406,Chennai
7150,2024-01-30 23:39:00,2024-01-31 00:15:00,1.75,322,Delhi
7151,2024-01-03 09:57:00,2024-01-03 10:40:00,6.7,344,Mumbai
7152,2024-01-14 09:31:00,2024-01-14 10:06:00,1.79,281,Mumbai
7153,2024-01-21 15:13:00,2024-01-21 15:45:00,3.51,248,Chennai
7154,2024-01-13 15:03:00,2024-01-13 15:37:00,3.8,412,Bangalore
7155,2024-01-14 11:02:00,2024-01-14 11:37:00,7.63,100,Chennai
7156,2024-01-04 02:48:00,2024-01-04 03:28:00,5.85,489,Hyderabad
7157,2024-01-26 16:34:00,2024-01-26 17:08:00,5.72,166,Chennai
7158,2024-01-10 11:34:00,2024-01-10 12:23:00,8.51,411,Chennai
7159,2024-01-27 00:21:00,2024-01-27 00:56:00,1.22,151,Chennai
7160,2024-01-22 09:18:00,2024-01-22 09:42:00,1.63,257,Mumbai
7161,2024-01-07 22:38:00,2024-01-07 23:47:00,9.27,218,Hyderabad
7162,2024-01-31 11:25:00,2024-01-31 11:50:00,1.42,329,Delhi
7163,2024-01-19 19:32:00,2024-01-19 20:26:00,5.25,203,Hyderabad
7164,2024-01-06 00:00:00,2024-01-06 00:48:00,8.79,427,Mumbai
7165,2024-01-28 23:12:00,2024-01-28 23:48:00,3.0,352,Delhi
7166,2024-01-13 17:56:00,2024-01-13 18:33:00,8.23,289,Delhi
7167,2024-01-14 03:23:00,2024-01-14 03:58:00,2.14,476,Delhi
7168,2024-01-20 01:37:00,2024-01-20 02:09:00,4.34,198,Mumbai
7169,2024-01-25 23:38:00,2024-01-26 00:10:00,5.69,338,Hyderabad
7170,2024-01-26 09:14:00,2024-01-26 09:47:00,3.22,159,Hyderabad
7171,2024-01-10 00:35:00,2024-01-10 01:19:00,8.53,112,Chennai
7172,2024-01-08 23:42:00,2024-01-09 00:29:00,7.85,314,Hyderabad
7173,2024-01-25 07:21:00,2024-01-25 08:04:00,9.53,227,Bangalore
7174,2024-01-01 02:48:00,2024-01-01 03:28:00,5.8,475,Bangalore
7175,2024-01-06 03:14:00,2024-01-06 03:46:00,2.87,191,Chennai
7176,2024-01-23 21:23:00,2024-01-23 22:23:00,5.26,258,Delhi
7177,2024-01-24 05:24:00,2024-01-24 05:55:00,2.35,450,Chennai
7178,2024-01-09 09:37:00,2024-01-09 10:19:00,7.51,155,Mumbai
7179,2024-01-22 10:23:00,2024-01-22 11:02:00,7.8,279,Bangalore
7180,2024-01-30 14:47:00,2024-01-30 15:41:00,8.51,120,Mumbai
7181,2024-01-09 23:34:00,2024-01-10 00:02:00,2.39,295,Chennai
7182,2024-01-26 04:53:00,2024-01-26 05:31:00,5.75,309,Hyderabad
7183,2024-01-27 12:00:00,2024-01-27 12:54:00,9.22,255,Delhi
7184,2024-01-17 09:06:00,2024-01-17 09:43:00,8.31,211,Chennai
7185,2024-01-22 16:53:00,2024-01-22 17:44:00,9.96,458,Delhi
7186,2024-01-11 23:57:00,2024-01-12 00:28:00,2.26,371,Chennai
7187,2024-01-17 19:43:00,2024-01-17 20:28:00,2.6,200,Delhi
7188,2024-01-18 15:37:00,2024-01-18 16:14:00,7.16,455,Chennai
7189,2024-01-27 15:22:00,2024-01-27 16:09:00,6.73,270,Mumbai
7190,2024-01-04 12:15:00,2024-01-04 13:09:00,2.99,450,Hyderabad
7191,2024-01-23 13:10:00,2024-01-23 14:05:00,9.74,457,Bangalore
7192,2024-01-04 10:36:00,2024-01-04 11:00:00,1.06,271,Bangalore
7193,2024-01-25 02:05:00,2024-01-25 02:43:00,2.42,332,Mumbai
7194,2024-01-24 06:26:00,2024-01-24 07:02:00,7.16,315,Mumbai
7195,2024-01-22 17:05:00,2024-01-22 17:51:00,8.02,316,Bangalore
7196,2024-01-07 23:49:00,2024-01-08 00:19:00,3.31,260,Delhi
7197,2024-01-07 01:02:00,2024-01-07 01:42:00,5.38,113,Mumbai
7198,2024-01-04 22:49:00,2024-01-04 23:48:00,8.74,231,Chennai
7199,2024-01-13 16:40:00,2024-01-13 17:16:00,5.04,310,Chennai
7200,2024-01-22 08:40:00,2024-01-22 09:19:00,7.43,237,Chennai
7201,2024-01-02 21:30:00,2024-01-02 22:26:00,2.94,372,Mumbai
7202,2024-01-21 10:18:00,2024-01-21 11:02:00,8.0,150,Bangalore
7203,2024-01-25 04:45:00,2024-01-25 05:12:00,2.82,232,Mumbai
7204,2024-01-07 05:48:00,2024-01-07 06:11:00,1.31,150,Delhi
7205,2024-01-20 22:56:00,2024-01-20 23:57:00,1.73,439,Delhi
7206,2024-01-13 10:21:00,2024-01-13 10:58:00,3.75,234,Delhi
7207,2024-01-26 14:32:00,2024-01-26 15:22:00,6.11,168,Chennai
7208,2024-01-14 11:02:00,2024-01-14 11:41:00,6.9,345,Hyderabad
7209,2024-01-27 20:56:00,2024-01-27 22:04:00,4.54,245,Hyderabad
7210,2024-01-12 03:43:00,2024-01-12 04:19:00,7.81,496,Hyderabad
7211,2024-01-23 20:34:00,2024-01-23 21:25:00,5.23,195,Bangalore
7212,2024-01-10 07:56:00,2024-01-10 08:38:00,4.88,133,Bangalore
7213,2024-01-03 06:41:00,2024-01-03 07:05:00,1.37,238,Bangalore
7214,2024-01-11 08:32:00,2024-01-11 09:05:00,3.13,372,Hyderabad
7215,2024-01-25 00:02:00,2024-01-25 00:33:00,5.44,236,Mumbai
7216,2024-01-28 09:08:00,2024-01-28 09:52:00,8.64,292,Hyderabad
7217,2024-01-20 16:14:00,2024-01-20 16:54:00,8.44,167,Mumbai
7218,2024-01-08 02:19:00,2024-01-08 02:51:00,3.38,376,Mumbai
7219,2024-01-07 03:37:00,2024-01-07 04:20:00,6.67,399,Delhi
7220,2024-01-25 13:55:00,2024-01-25 14:35:00,2.15,202,Chennai
7221,2024-01-10 18:59:00,2024-01-10 19:35:00,5.56,457,Mumbai
7222,2024-01-24 11:57:00,2024-01-24 12:32:00,6.74,212,Bangalore
7223,2024-01-23 07:03:00,2024-01-23 07:41:00,8.1,497,Mumbai
7224,2024-01-13 23:15:00,2024-01-13 23:55:00,6.87,310,Delhi
7225,2024-01-13 17:57:00,2024-01-13 18:39:00,9.77,384,Chennai
7226,2024-01-05 05:46:00,2024-01-05 06:32:00,9.52,317,Mumbai
7227,2024-01-06 13:15:00,2024-01-06 14:10:00,7.16,372,Hyderabad
7228,2024-01-31 12:50:00,2024-01-31 13:45:00,9.55,421,Bangalore
7229,2024-01-10 03:59:00,2024-01-10 04:31:00,3.86,484,Delhi
7230,2024-01-18 21:43:00,2024-01-18 22:55:00,9.92,174,Chennai
7231,2024-01-17 07:08:00,2024-01-17 07:36:00,3.18,147,Hyderabad
7232,2024-01-14 02:39:00,2024-01-14 03:08:00,4.14,458,Hyderabad
7233,2024-01-08 19:44:00,2024-01-08 20:50:00,9.19,482,Bangalore
7234,2024-01-17 11:48:00,2024-01-17 12:36:00,7.65,471,Bangalore
7235,2024-01-18 11:20:00,2024-01-18 11:57:00,3.27,429,Hyderabad
7236,2024-01-02 02:04:00,2024-01-02 02:40:00,3.2,131,Hyderabad
7237,2024-01-01 11:09:00,2024-01-01 11:56:00,7.39,214,Chennai
7238,2024-01-12 11:31:00,2024-01-12 12:00:00,3.48,351,Hyderabad
7239,2024-01-02 20:37:00,2024-01-02 21:42:00,8.46,289,Delhi
7240,2024-01-06 16:30:00,2024-01-06 16:56:00,3.2,333,Mumbai
7241,2024-01-08 04:42:00,2024-01-08 05:22:00,4.33,160,Chennai
7242,2024-01-18 20:29:00,2024-01-18 21:38:00,6.03,414,Mumbai
7243,2024-01-20 15:40:00,2024-01-20 16:16:00,2.7,237,Delhi
7244,2024-01-25 19:58:00,2024-01-25 21:12:00,8.16,418,Mumbai
7245,2024-01-24 10:22:00,2024-01-24 11:00:00,3.35,462,Bangalore
7246,2024-01-28 00:52:00,2024-01-28 01:21:00,1.33,405,Mumbai
7247,2024-01-19 22:45:00,2024-01-20 00:00:00,8.44,449,Bangalore
7248,2024-01-30 23:15:00,2024-01-30 23:50:00,3.36,254,Bangalore
7249,2024-01-19 20:33:00,2024-01-19 21:27:00,7.41,344,Hyderabad
7250,2024-01-30 03:19:00,2024-01-30 04:08:00,9.09,375,Hyderabad
7251,2024-01-03 04:05:00,2024-01-03 04:42:00,8.18,136,Bangalore
7252,2024-01-30 08:33:00,2024-01-30 09:11:00,8.81,220,Hyderabad
7253,2024-01-14 12:04:00,2024-01-14 13:09:00,8.85,390,Mumbai
7254,2024-01-25 06:25:00,2024-01-25 07:10:00,9.16,494,Chennai
7255,2024-01-15 01:20:00,2024-01-15 02:09:00,8.83,256,Delhi
7256,2024-01-15 07:55:00,2024-01-15 08:25:00,2.19,297,Mumbai
7257,2024-01-04 05:19:00,2024-01-04 05:56:00,2.22,172,Chennai
7258,2024-01-10 18:42:00,2024-01-10 19:27:00,7.84,172,Delhi
7259,2024-01-11 05:01:00,2024-01-11 05:33:00,2.85,171,Bangalore
7260,2024-01-05 17:12:00,2024-01-05 17:48:00,1.67,412,Mumbai
7261,2024-01-25 07:56:00,2024-01-25 08:26:00,1.19,375,Bangalore
7262,2024-01-28 21:42:00,2024-01-28 22:50:00,4.68,339,Delhi
7263,2024-01-30 12:40:00,2024-01-30 13:34:00,7.94,410,Chennai
7264,2024-01-28 03:27:00,2024-01-28 04:14:00,9.58,398,Delhi
7265,2024-01-07 17:23:00,2024-01-07 17:49:00,1.57,321,Bangalore
7266,2024-01-20 09:47:00,2024-01-20 10:11:00,2.42,379,Bangalore
7267,2024-01-18 07:39:00,2024-01-18 08:08:00,1.1,278,Delhi
7268,2024-01-02 12:13:00,2024-01-02 12:53:00,3.73,441,Hyderabad
7269,2024-01-25 19:28:00,2024-01-25 20:28:00,9.29,459,Bangalore
7270,2024-01-07 13:47:00,2024-01-07 14:47:00,8.88,231,Hyderabad
7271,2024-01-02 03:31:00,2024-01-02 03:59:00,1.98,118,Bangalore
7272,2024-01-12 19:50:00,2024-01-12 20:49:00,6.77,496,Chennai
7273,2024-01-06 22:23:00,2024-01-06 23:30:00,8.23,431,Chennai
7274,2024-01-13 21:59:00,2024-01-13 22:58:00,2.7,163,Mumbai
7275,2024-01-07 19:36:00,2024-01-07 20:33:00,7.02,370,Chennai
7276,2024-01-15 05:17:00,2024-01-15 06:06:00,9.71,365,Bangalore
7277,2024-01-07 01:05:00,2024-01-07 01:28:00,1.42,450,Hyderabad
7278,2024-01-09 03:40:00,2024-01-09 04:07:00,2.34,285,Mumbai
7279,2024-01-24 01:19:00,2024-01-24 01:57:00,9.39,340,Chennai
7280,2024-01-24 12:43:00,2024-01-24 13:34:00,9.78,270,Mumbai
7281,2024-01-24 14:37:00,2024-01-24 15:23:00,4.88,409,Delhi
7282,2024-01-14 19:45:00,2024-01-14 20:39:00,6.44,461,Hyderabad
7283,2024-01-01 22:15:00,2024-01-01 23:03:00,2.17,413,Mumbai
7284,2024-01-16 10:38:00,2024-01-16 11:19:00,5.07,206,Hyderabad
7285,2024-01-31 12:12:00,2024-01-31 12:58:00,2.0,400,Hyderabad
7286,2024-01-04 17:03:00,2024-01-04 17:40:00,2.85,350,Mumbai
7287,2024-01-07 15:05:00,2024-01-07 15:40:00,6.17,461,Mumbai
7288,2024-01-04 08:33:00,2024-01-04 09:05:00,2.07,455,Mumbai
7289,2024-01-17 21:04:00,2024-01-17 21:59:00,3.59,382,Bangalore
7290,2024-01-13 02:14:00,2024-01-13 02:57:00,7.28,103,Mumbai
7291,2024-01-27 17:44:00,2024-01-27 18:09:00,2.77,275,Hyderabad
7292,2024-01-31 22:14:00,2024-01-31 23:11:00,3.65,340,Chennai
7293,2024-01-14 05:42:00,2024-01-14 06:17:00,1.2,189,Mumbai
7294,2024-01-17 23:20:00,2024-01-18 00:03:00,6.29,476,Delhi
7295,2024-01-10 06:32:00,2024-01-10 07:18:00,6.94,411,Delhi
7296,2024-01-04 20:42:00,2024-01-04 21:38:00,3.12,295,Delhi
7297,2024-01-10 23:33:00,2024-01-11 00:01:00,3.23,290,Mumbai
7298,2024-01-13 05:13:00,2024-01-13 05:54:00,8.24,118,Hyderabad
7299,2024-01-28 17:40:00,2024-01-28 18:13:00,2.89,325,Mumbai
7300,2024-01-24 05:43:00,2024-01-24 06:15:00,5.99,319,Bangalore
7301,2024-01-08 21:09:00,2024-01-08 22:06:00,6.04,310,Bangalore
7302,2024-01-25 13:41:00,2024-01-25 14:27:00,3.14,127,Hyderabad
7303,2024-01-29 00:49:00,2024-01-29 01:25:00,6.26,256,Chennai
7304,2024-01-10 23:53:00,2024-01-11 00:28:00,3.46,140,Hyderabad
7305,2024-01-25 20:42:00,2024-01-25 21:42:00,5.72,349,Bangalore
7306,2024-01-28 00:42:00,2024-01-28 01:18:00,3.32,340,Delhi
7307,2024-01-30 13:42:00,2024-01-30 14:24:00,2.69,471,Chennai
7308,2024-01-04 03:13:00,2024-01-04 03:45:00,3.54,148,Hyderabad
7309,2024-01-10 19:30:00,2024-01-10 20:23:00,2.2,188,Delhi
7310,2024-01-17 00:13:00,2024-01-17 00:53:00,7.33,129,Delhi
7311,2024-01-17 19:17:00,2024-01-17 20:20:00,8.95,273,Chennai
7312,2024-01-05 20:46:00,2024-01-05 21:47:00,9.18,493,Chennai
7313,2024-01-01 10:28:00,2024-01-01 10:54:00,2.27,440,Mumbai
7314,2024-01-16 22:40:00,2024-01-16 23:34:00,5.5,484,Chennai
7315,2024-01-02 11:18:00,2024-01-02 11:46:00,1.82,123,Delhi
7316,2024-01-18 09:15:00,2024-01-18 09:40:00,1.35,478,Delhi
7317,2024-01-30 03:15:00,2024-01-30 03:48:00,4.27,303,Delhi
7318,2024-01-13 12:01:00,2024-01-13 12:52:00,1.26,415,Hyderabad
7319,2024-01-14 16:51:00,2024-01-14 17:21:00,4.64,406,Hyderabad
7320,2024-01-08 15:22:00,2024-01-08 16:10:00,7.95,290,Bangalore
7321,2024-01-24 02:57:00,2024-01-24 03:35:00,4.14,439,Hyderabad
7322,2024-01-04 04:22:00,2024-01-04 04:53:00,2.01,187,Delhi
7323,2024-01-22 02:46:00,2024-01-22 03:15:00,3.13,393,Chennai
7324,2024-01-15 07:35:00,2024-01-15 08:10:00,3.15,466,Chennai
7325,2024-01-13 20:54:00,2024-01-13 21:47:00,4.88,377,Chennai
7326,2024-01-07 21:50:00,2024-01-07 22:51:00,3.73,274,Hyderabad
7327,2024-01-07 22:56:00,2024-01-07 23:57:00,8.66,440,Bangalore
7328,2024-01-24 22:08:00,2024-01-24 23:03:00,3.15,358,Delhi
7329,2024-01-31 13:48:00,2024-01-31 14:44:00,7.51,202,Chennai
7330,2024-01-25 06:29:00,2024-01-25 07:12:00,9.71,352,Hyderabad
7331,2024-01-06 21:37:00,2024-01-06 22:53:00,8.91,351,Hyderabad
7332,2024-01-31 20:51:00,2024-01-31 22:01:00,8.16,317,Delhi
7333,2024-01-28 05:28:00,2024-01-28 06:07:00,4.05,398,Hyderabad
7334,2024-01-18 14:03:00,2024-01-18 14:55:00,5.14,223,Mumbai
7335,2024-01-11 07:10:00,2024-01-11 08:01:00,9.54,383,Delhi
7336,2024-01-05 23:42:00,2024-01-06 00:14:00,2.37,365,Delhi
7337,2024-01-15 23:12:00,2024-01-15 23:34:00,1.19,431,Chennai
7338,2024-01-03 14:47:00,2024-01-03 15:37:00,3.14,211,Hyderabad
7339,2024-01-01 22:51:00,2024-01-01 23:57:00,7.05,141,Mumbai
7340,2024-01-20 18:00:00,2024-01-20 18:34:00,6.68,494,Hyderabad
7341,2024-01-06 20:39:00,2024-01-06 21:36:00,2.22,360,Bangalore
7342,2024-01-02 15:49:00,2024-01-02 16:39:00,8.12,309,Bangalore
7343,2024-01-11 04:08:00,2024-01-11 04:42:00,4.02,473,Bangalore
7344,2024-01-13 08:59:00,2024-01-13 09:38:00,9.97,459,Delhi
7345,2024-01-19 18:01:00,2024-01-19 18:26:00,2.94,308,Chennai
7346,2024-01-02 09:05:00,2024-01-02 09:36:00,2.69,451,Delhi
7347,2024-01-01 22:13:00,2024-01-01 22:59:00,2.97,393,Mumbai
7348,2024-01-10 13:41:00,2024-01-10 14:43:00,6.63,479,Chennai
7349,2024-01-17 08:21:00,2024-01-17 09:00:00,7.54,109,Bangalore
7350,2024-01-07 02:25:00,2024-01-07 03:05:00,8.59,475,Chennai
7351,2024-01-29 13:44:00,2024-01-29 14:22:00,1.51,409,Mumbai
7352,2024-01-13 07:30:00,2024-01-13 08:23:00,9.57,158,Mumbai
7353,2024-01-21 22:26:00,2024-01-21 23:33:00,5.8,186,Chennai
7354,2024-01-21 23:58:00,2024-01-22 00:35:00,4.34,410,Chennai
7355,2024-01-08 02:09:00,2024-01-08 02:43:00,5.44,370,Bangalore
7356,2024-01-10 20:07:00,2024-01-10 21:04:00,7.14,171,Hyderabad
7357,2024-01-11 20:07:00,2024-01-11 21:17:00,6.44,132,Mumbai
7358,2024-01-25 13:35:00,2024-01-25 14:32:00,6.25,173,Bangalore
7359,2024-01-15 05:02:00,2024-01-15 05:43:00,4.03,396,Mumbai
7360,2024-01-21 23:26:00,2024-01-21 23:56:00,2.94,268,Hyderabad
7361,2024-01-14 17:31:00,2024-01-14 18:10:00,9.26,101,Delhi
7362,2024-01-11 20:21:00,2024-01-11 21:19:00,6.77,113,Mumbai
7363,2024-01-06 03:18:00,2024-01-06 03:50:00,1.48,274,Chennai
7364,2024-01-03 21:10:00,2024-01-03 22:05:00,7.01,174,Chennai
7365,2024-01-19 11:57:00,2024-01-19 12:50:00,9.89,484,Delhi
7366,2024-01-27 07:40:00,2024-01-27 08:05:00,1.35,350,Mumbai
7367,2024-01-11 09:27:00,2024-01-11 10:11:00,8.17,228,Mumbai
7368,2024-01-24 19:12:00,2024-01-24 20:16:00,8.43,180,Delhi
7369,2024-01-05 22:02:00,2024-01-05 22:53:00,4.21,475,Bangalore
7370,2024-01-11 20:24:00,2024-01-11 21:22:00,3.67,375,Mumbai
7371,2024-01-10 16:18:00,2024-01-10 16:57:00,5.55,177,Mumbai
7372,2024-01-26 20:30:00,2024-01-26 21:23:00,2.24,448,Mumbai
7373,2024-01-01 20:14:00,2024-01-01 21:08:00,6.44,126,Chennai
7374,2024-01-15 07:52:00,2024-01-15 08:35:00,9.3,149,Delhi
7375,2024-01-24 18:57:00,2024-01-24 19:29:00,3.84,275,Delhi
7376,2024-01-27 04:11:00,2024-01-27 04:53:00,7.42,181,Delhi
7377,2024-01-26 15:08:00,2024-01-26 15:39:00,3.82,108,Delhi
7378,2024-01-05 03:52:00,2024-01-05 04:29:00,3.92,310,Delhi
7379,2024-01-29 00:46:00,2024-01-29 01:32:00,9.93,172,Delhi
7380,2024-01-05 01:20:00,2024-01-05 02:05:00,6.84,265,Chennai
7381,2024-01-06 19:48:00,2024-01-06 20:44:00,5.75,113,Delhi
7382,2024-01-30 22:08:00,2024-01-30 23:10:00,3.82,461,Chennai
7383,2024-01-26 10:20:00,2024-01-26 10:52:00,2.65,425,Chennai
7384,2024-01-20 13:16:00,2024-01-20 14:04:00,6.67,458,Mumbai
7385,2024-01-06 02:19:00,2024-01-06 03:03:00,5.01,163,Delhi
7386,2024-01-07 02:55:00,2024-01-07 03:31:00,8.01,423,Hyderabad
7387,2024-01-06 13:37:00,2024-01-06 14:29:00,1.65,102,Hyderabad
7388,2024-01-27 20:08:00,2024-01-27 20:57:00,4.01,274,Chennai
7389,2024-01-03 04:59:00,2024-01-03 05:31:00,4.5,492,Hyderabad
7390,2024-01-19 11:20:00,2024-01-19 12:03:00,7.95,250,Bangalore
7391,2024-01-10 05:47:00,2024-01-10 06:32:00,9.78,235,Mumbai
7392,2024-01-13 04:49:00,2024-01-13 05:25:00,5.57,385,Hyderabad
7393,2024-01-29 00:34:00,2024-01-29 01:03:00,4.51,158,Hyderabad
7394,2024-01-04 06:40:00,2024-01-04 07:24:00,7.55,257,Chennai
7395,2024-01-22 16:02:00,2024-01-22 16:40:00,4.24,313,Hyderabad
7396,2024-01-19 03:44:00,2024-01-19 04:14:00,2.94,479,Chennai
7397,2024-01-07 14:35:00,2024-01-07 15:29:00,5.13,386,Delhi
7398,2024-01-07 11:42:00,2024-01-07 12:13:00,1.75,227,Hyderabad
7399,2024-01-03 22:29:00,2024-01-03 23:16:00,1.34,473,Hyderabad
7400,2024-01-05 16:42:00,2024-01-05 17:11:00,2.66,131,Chennai
7401,2024-01-19 12:27:00,2024-01-19 13:29:00,7.69,178,Chennai
7402,2024-01-24 00:17:00,2024-01-24 00:53:00,4.04,141,Delhi
7403,2024-01-12 03:25:00,2024-01-12 04:02:00,2.53,211,Chennai
7404,2024-01-01 17:13:00,2024-01-01 17:50:00,5.16,347,Mumbai
7405,2024-01-20 12:25:00,2024-01-20 13:17:00,9.48,481,Delhi
7406,2024-01-02 09:56:00,2024-01-02 10:30:00,4.49,214,Delhi
7407,2024-01-17 02:50:00,2024-01-17 03:30:00,5.24,255,Delhi
7408,2024-01-30 20:26:00,2024-01-30 21:15:00,2.86,425,Chennai
7409,2024-01-16 03:07:00,2024-01-16 03:45:00,2.09,393,Chennai
7410,2024-01-10 17:30:00,2024-01-10 18:06:00,8.28,112,Chennai
7411,2024-01-07 16:57:00,2024-01-07 17:40:00,6.15,185,Chennai
7412,2024-01-10 17:58:00,2024-01-10 18:41:00,6.15,232,Bangalore
7413,2024-01-03 04:41:00,2024-01-03 05:33:00,9.31,169,Hyderabad
7414,2024-01-24 22:01:00,2024-01-24 23:00:00,6.67,435,Hyderabad
7415,2024-01-26 21:29:00,2024-01-26 22:44:00,9.34,288,Hyderabad
7416,2024-01-12 00:44:00,2024-01-12 01:24:00,6.05,326,Bangalore
7417,2024-01-13 11:21:00,2024-01-13 12:03:00,8.18,245,Hyderabad
7418,2024-01-23 04:10:00,2024-01-23 04:48:00,4.03,159,Hyderabad
7419,2024-01-23 01:54:00,2024-01-23 02:41:00,7.8,284,Delhi
7420,2024-01-21 01:17:00,2024-01-21 02:02:00,6.81,169,Bangalore
7421,2024-01-29 23:02:00,2024-01-29 23:48:00,8.88,101,Mumbai
7422,2024-01-29 07:02:00,2024-01-29 07:41:00,7.02,268,Chennai
7423,2024-01-03 11:46:00,2024-01-03 12:13:00,1.51,406,Mumbai
7424,2024-01-06 16:52:00,2024-01-06 17:26:00,3.38,278,Mumbai
7425,2024-01-13 04:35:00,2024-01-13 05:13:00,7.02,300,Delhi
7426,2024-01-07 21:24:00,2024-01-07 22:35:00,6.11,352,Hyderabad
7427,2024-01-22 00:58:00,2024-01-22 01:49:00,8.89,240,Bangalore
7428,2024-01-05 04:17:00,2024-01-05 04:58:00,4.84,355,Mumbai
7429,2024-01-01 12:25:00,2024-01-01 13:18:00,8.74,326,Chennai
7430,2024-01-09 14:02:00,2024-01-09 14:50:00,3.64,355,Mumbai
7431,2024-01-03 15:28:00,2024-01-03 16:00:00,1.7,383,Bangalore
7432,2024-01-04 10:20:00,2024-01-04 11:07:00,7.52,368,Delhi
7433,2024-01-10 00:38:00,2024-01-10 01:16:00,4.48,272,Delhi
7434,2024-01-22 06:07:00,2024-01-22 06:34:00,2.41,216,Delhi
7435,2024-01-22 11:55:00,2024-01-22 12:23:00,2.66,479,Delhi
7436,2024-01-18 00:19:00,2024-01-18 00:45:00,1.56,209,Bangalore
7437,2024-01-17 02:21:00,2024-01-17 03:09:00,9.46,436,Mumbai
7438,2024-01-08 10:20:00,2024-01-08 11:04:00,8.96,204,Bangalore
7439,2024-01-15 18:16:00,2024-01-15 18:57:00,6.86,382,Hyderabad
7440,2024-01-24 21:19:00,2024-01-24 22:27:00,9.19,394,Bangalore
7441,2024-01-20 03:40:00,2024-01-20 04:14:00,6.77,395,Hyderabad
7442,2024-01-01 11:21:00,2024-01-01 12:03:00,4.8,229,Hyderabad
7443,2024-01-26 05:54:00,2024-01-26 06:24:00,3.04,139,Bangalore
7444,2024-01-06 23:09:00,2024-01-06 23:56:00,7.38,248,Bangalore
7445,2024-01-22 05:03:00,2024-01-22 05:49:00,6.69,159,Bangalore
7446,2024-01-17 07:02:00,2024-01-17 07:37:00,6.66,249,Delhi
7447,2024-01-21 05:58:00,2024-01-21 06:43:00,8.82,413,Chennai
7448,2024-01-02 00:40:00,2024-01-02 01:27:00,9.34,156,Mumbai
7449,2024-01-24 00:09:00,2024-01-24 00:47:00,9.2,253,Mumbai
7450,2024-01-26 15:09:00,2024-01-26 15:34:00,2.41,291,Chennai
7451,2024-01-05 01:16:00,2024-01-05 01:56:00,8.75,182,Hyderabad
7452,2024-01-31 21:26:00,2024-01-31 22:28:00,5.37,481,Chennai
7453,2024-01-01 10:53:00,2024-01-01 11:29:00,1.46,194,Chennai
7454,2024-01-12 17:31:00,2024-01-12 18:10:00,7.63,492,Mumbai
7455,2024-01-17 03:00:00,2024-01-17 03:33:00,4.53,198,Chennai
7456,2024-01-23 11:45:00,2024-01-23 12:14:00,1.46,178,Bangalore
7457,2024-01-17 03:04:00,2024-01-17 03:46:00,5.28,219,Hyderabad
7458,2024-01-09 04:18:00,2024-01-09 05:10:00,9.09,186,Mumbai
7459,2024-01-16 04:56:00,2024-01-16 05:26:00,3.74,392,Bangalore
7460,2024-01-13 07:24:00,2024-01-13 07:59:00,1.58,105,Hyderabad
7461,2024-01-09 08:10:00,2024-01-09 08:43:00,4.28,134,Chennai
7462,2024-01-27 04:52:00,2024-01-27 05:32:00,3.7,243,Chennai
7463,2024-01-23 17:41:00,2024-01-23 18:25:00,8.26,452,Chennai
7464,2024-01-01 06:16:00,2024-01-01 07:04:00,8.71,463,Hyderabad
7465,2024-01-21 03:14:00,2024-01-21 03:51:00,6.28,196,Hyderabad
7466,2024-01-23 04:52:00,2024-01-23 05:34:00,9.31,453,Chennai
7467,2024-01-23 10:23:00,2024-01-23 10:59:00,4.51,273,Delhi
7468,2024-01-20 08:14:00,2024-01-20 08:53:00,7.31,105,Bangalore
7469,2024-01-17 04:51:00,2024-01-17 05:19:00,3.75,308,Delhi
7470,2024-01-03 07:46:00,2024-01-03 08:22:00,5.4,391,Delhi
7471,2024-01-08 18:53:00,2024-01-08 19:16:00,1.29,242,Hyderabad
7472,2024-01-11 11:03:00,2024-01-11 11:48:00,5.88,217,Delhi
7473,2024-01-25 05:16:00,2024-01-25 05:57:00,8.14,472,Delhi
7474,2024-01-19 15:04:00,2024-01-19 15:45:00,7.27,445,Hyderabad
7475,2024-01-01 12:35:00,2024-01-01 13:30:00,5.15,346,Delhi
7476,2024-01-19 11:39:00,2024-01-19 12:23:00,8.47,394,Delhi
7477,2024-01-02 13:38:00,2024-01-02 14:41:00,7.65,499,Hyderabad
7478,2024-01-17 16:16:00,2024-01-17 16:49:00,3.03,229,Bangalore
7479,2024-01-20 09:26:00,2024-01-20 10:10:00,5.92,466,Bangalore
7480,2024-01-17 13:27:00,2024-01-17 14:14:00,7.79,209,Delhi
7481,2024-01-12 11:42:00,2024-01-12 12:21:00,9.32,487,Bangalore
7482,2024-01-10 10:56:00,2024-01-10 11:31:00,1.03,155,Chennai
7483,2024-01-27 11:44:00,2024-01-27 12:15:00,4.67,397,Chennai
7484,2024-01-02 18:43:00,2024-01-02 19:24:00,7.33,273,Hyderabad
7485,2024-01-11 00:57:00,2024-01-11 01:29:00,5.43,458,Hyderabad
7486,2024-01-25 22:47:00,2024-01-26 00:02:00,9.29,494,Delhi
7487,2024-01-01 01:54:00,2024-01-01 02:31:00,8.81,403,Bangalore
7488,2024-01-07 06:26:00,2024-01-07 07:04:00,7.62,496,Hyderabad
7489,2024-01-25 17:07:00,2024-01-25 17:41:00,7.45,118,Delhi
7490,2024-01-03 12:21:00,2024-01-03 13:18:00,7.82,251,Chennai
7491,2024-01-05 11:47:00,2024-01-05 12:32:00,8.82,385,Hyderabad
7492,2024-01-30 10:01:00,2024-01-30 10:42:00,4.9,233,Chennai
7493,2024-01-21 14:32:00,2024-01-21 15:34:00,6.5,397,Bangalore
7494,2024-01-15 03:56:00,2024-01-15 04:35:00,4.75,141,Delhi
7495,2024-01-24 00:32:00,2024-01-24 01:11:00,3.92,154,Delhi
7496,2024-01-30 00:31:00,2024-01-30 00:59:00,1.98,372,Mumbai
7497,2024-01-19 14:59:00,2024-01-19 15:49:00,9.14,282,Mumbai
7498,2024-01-11 00:34:00,2024-01-11 01:08:00,4.17,150,Delhi
7499,2024-01-19 03:32:00,2024-01-19 04:11:00,4.47,388,Delhi
7500,2024-01-04 18:40:00,2024-01-04 19:19:00,7.59,352,Delhi
7501,2024-01-25 18:08:00,2024-01-25 18:50:00,8.62,244,Mumbai
7502,2024-01-19 13:52:00,2024-01-19 14:32:00,2.97,432,Chennai
7503,2024-01-01 15:12:00,2024-01-01 15:43:00,5.67,345,Delhi
7504,2024-01-28 06:38:00,2024-01-28 07:10:00,5.12,454,Delhi
7505,2024-01-30 06:20:00,2024-01-30 07:05:00,9.27,415,Hyderabad
7506,2024-01-04 18:12:00,2024-01-04 18:39:00,3.5,322,Hyderabad
7507,2024-01-22 12:45:00,2024-01-22 13:22:00,1.59,403,Chennai
7508,2024-01-29 20:21:00,2024-01-29 21:30:00,6.6,117,Chennai
7509,2024-01-08 10:25:00,2024-01-08 11:15:00,9.61,242,Delhi
7510,2024-01-15 07:53:00,2024-01-15 08:32:00,4.16,121,Chennai
7511,2024-01-14 23:17:00,2024-01-14 23:53:00,3.49,303,Delhi
7512,2024-01-01 20:03:00,2024-01-01 20:52:00,4.1,280,Chennai
7513,2024-01-27 11:15:00,2024-01-27 11:49:00,6.06,309,Bangalore
7514,2024-01-04 06:28:00,2024-01-04 06:58:00,1.72,456,Hyderabad
7515,2024-01-22 18:42:00,2024-01-22 19:19:00,4.87,118,Chennai
7516,2024-01-15 15:36:00,2024-01-15 16:12:00,1.83,184,Chennai
7517,2024-01-01 12:12:00,2024-01-01 12:56:00,2.85,296,Hyderabad
7518,2024-01-29 09:29:00,2024-01-29 10:15:00,8.89,420,Hyderabad
7519,2024-01-07 23:44:00,2024-01-08 00:12:00,3.42,361,Chennai
7520,2024-01-09 18:17:00,2024-01-09 18:55:00,8.96,375,Chennai
7521,2024-01-08 09:53:00,2024-01-08 10:30:00,5.16,138,Mumbai
7522,2024-01-10 15:53:00,2024-01-10 16:26:00,1.79,448,Bangalore
7523,2024-01-08 22:23:00,2024-01-08 23:11:00,3.98,256,Bangalore
7524,2024-01-06 16:12:00,2024-01-06 16:48:00,6.05,329,Bangalore
7525,2024-01-15 12:19:00,2024-01-15 13:16:00,5.04,469,Chennai
7526,2024-01-29 09:14:00,2024-01-29 09:58:00,5.83,284,Bangalore
7527,2024-01-17 07:29:00,2024-01-17 08:14:00,5.8,185,Delhi
7528,2024-01-20 00:51:00,2024-01-20 01:41:00,8.55,282,Hyderabad
7529,2024-01-17 00:46:00,2024-01-17 01:29:00,7.29,386,Delhi
7530,2024-01-27 08:18:00,2024-01-27 09:07:00,9.73,145,Delhi
7531,2024-01-24 11:41:00,2024-01-24 12:17:00,8.47,321,Bangalore
7532,2024-01-21 13:54:00,2024-01-21 14:41:00,6.88,208,Chennai
7533,2024-01-29 06:25:00,2024-01-29 07:09:00,8.81,442,Chennai
7534,2024-01-26 20:30:00,2024-01-26 21:40:00,9.05,444,Hyderabad
7535,2024-01-14 19:11:00,2024-01-14 20:24:00,10.0,205,Mumbai
7536,2024-01-06 03:10:00,2024-01-06 03:51:00,9.64,205,Mumbai
7537,2024-01-01 22:11:00,2024-01-01 23:25:00,9.51,472,Hyderabad
7538,2024-01-17 15:37:00,2024-01-17 16:07:00,2.68,427,Hyderabad
7539,2024-01-22 14:20:00,2024-01-22 15:11:00,1.42,280,Delhi
7540,2024-01-01 12:47:00,2024-01-01 13:44:00,4.59,473,Bangalore
7541,2024-01-10 23:04:00,2024-01-10 23:46:00,6.72,478,Mumbai
7542,2024-01-01 23:56:00,2024-01-02 00:31:00,4.15,165,Hyderabad
7543,2024-01-19 22:55:00,2024-01-19 23:57:00,8.16,319,Chennai
7544,2024-01-03 09:35:00,2024-01-03 10:20:00,5.68,101,Delhi
7545,2024-01-01 05:04:00,2024-01-01 05:31:00,2.88,297,Bangalore
7546,2024-01-30 01:06:00,2024-01-30 01:37:00,2.73,439,Mumbai
7547,2024-01-16 04:25:00,2024-01-16 05:08:00,5.81,351,Bangalore
7548,2024-01-04 23:53:00,2024-01-05 00:39:00,6.46,252,Hyderabad
7549,2024-01-18 23:10:00,2024-01-18 23:50:00,7.79,482,Delhi
7550,2024-01-24 17:39:00,2024-01-24 18:14:00,7.06,164,Bangalore
7551,2024-01-26 18:09:00,2024-01-26 18:56:00,9.94,136,Delhi
7552,2024-01-23 23:15:00,2024-01-23 23:48:00,4.74,220,Chennai
7553,2024-01-10 23:42:00,2024-01-11 00:19:00,8.26,313,Hyderabad
7554,2024-01-11 23:19:00,2024-01-11 23:59:00,7.34,304,Bangalore
7555,2024-01-24 16:40:00,2024-01-24 17:26:00,6.02,251,Chennai
7556,2024-01-22 10:54:00,2024-01-22 11:33:00,6.05,196,Mumbai
7557,2024-01-13 08:28:00,2024-01-13 08:58:00,1.05,125,Mumbai
7558,2024-01-18 04:35:00,2024-01-18 05:02:00,3.93,120,Bangalore
7559,2024-01-24 11:17:00,2024-01-24 11:48:00,4.53,115,Hyderabad
7560,2024-01-01 21:54:00,2024-01-01 22:54:00,3.96,152,Hyderabad
7561,2024-01-28 04:42:00,2024-01-28 05:24:00,8.34,163,Mumbai
7562,2024-01-17 05:50:00,2024-01-17 06:22:00,4.92,141,Delhi
7563,2024-01-11 20:15:00,2024-01-11 21:33:00,9.75,430,Mumbai
7564,2024-01-18 20:44:00,2024-01-18 21:55:00,6.6,403,Delhi
7565,2024-01-17 02:57:00,2024-01-17 03:28:00,3.84,365,Bangalore
7566,2024-01-26 00:06:00,2024-01-26 00:46:00,8.22,125,Bangalore
7567,2024-01-04 03:51:00,2024-01-04 04:25:00,4.74,142,Hyderabad
7568,2024-01-19 02:10:00,2024-01-19 02:41:00,2.88,216,Chennai
7569,2024-01-05 08:12:00,2024-01-05 08:59:00,9.71,456,Chennai
7570,2024-01-09 16:54:00,2024-01-09 17:18:00,1.93,369,Mumbai
7571,2024-01-20 06:05:00,2024-01-20 06:32:00,1.79,207,Hyderabad
7572,2024-01-29 20:08:00,2024-01-29 20:53:00,1.01,150,Chennai
7573,2024-01-03 13:51:00,2024-01-03 14:37:00,3.51,465,Hyderabad
7574,2024-01-10 12:35:00,2024-01-10 13:19:00,3.24,288,Mumbai
7575,2024-01-06 08:43:00,2024-01-06 09:08:00,2.68,184,Delhi
7576,2024-01-01 03:35:00,2024-01-01 04:20:00,8.03,128,Mumbai
7577,2024-01-03 03:36:00,2024-01-03 04:15:00,9.11,333,Hyderabad
7578,2024-01-20 01:52:00,2024-01-20 02:25:00,2.14,138,Bangalore
7579,2024-01-28 08:02:00,2024-01-28 08:43:00,8.07,155,Bangalore
7580,2024-01-24 14:53:00,2024-01-24 15:45:00,8.84,110,Delhi
7581,2024-01-20 02:09:00,2024-01-20 02:47:00,6.63,226,Mumbai
7582,2024-01-21 10:49:00,2024-01-21 11:25:00,2.75,277,Delhi
7583,2024-01-29 15:19:00,2024-01-29 15:58:00,8.28,121,Delhi
7584,2024-01-26 00:11:00,2024-01-26 00:42:00,1.57,494,Hyderabad
7585,2024-01-08 10:42:00,2024-01-08 11:13:00,5.62,470,Hyderabad
7586,2024-01-29 06:53:00,2024-01-29 07:29:00,7.13,265,Chennai
7587,2024-01-27 06:20:00,2024-01-27 07:09:00,9.63,442,Hyderabad
7588,2024-01-07 10:32:00,2024-01-07 11:21:00,8.45,474,Chennai
7589,2024-01-20 19:47:00,2024-01-20 21:01:00,9.33,121,Hyderabad
7590,2024-01-10 23:06:00,2024-01-10 23:39:00,1.51,367,Delhi
7591,2024-01-20 06:02:00,2024-01-20 06:40:00,5.9,249,Chennai
7592,2024-01-06 16:12:00,2024-01-06 16:42:00,4.26,299,Chennai
7593,2024-01-20 17:34:00,2024-01-20 18:13:00,9.01,216,Bangalore
7594,2024-01-30 01:40:00,2024-01-30 02:19:00,4.01,101,Mumbai
7595,2024-01-24 06:25:00,2024-01-24 06:57:00,2.03,475,Mumbai
7596,2024-01-10 13:47:00,2024-01-10 14:46:00,9.1,253,Delhi
7597,2024-01-06 09:20:00,2024-01-06 09:46:00,2.31,483,Chennai
7598,2024-01-15 17:13:00,2024-01-15 17:42:00,3.52,103,Chennai
7599,2024-01-09 06:29:00,2024-01-09 07:01:00,6.46,388,Chennai
7600,2024-01-18 02:02:00,2024-01-18 02:46:00,7.2,382,Chennai
7601,2024-01-13 17:06:00,2024-01-13 17:41:00,2.68,282,Chennai
7602,2024-01-25 13:38:00,2024-01-25 14:31:00,2.96,459,Mumbai
7603,2024-01-13 23:30:00,2024-01-14 00:03:00,3.25,460,Delhi
7604,2024-01-27 09:14:00,2024-01-27 10:02:00,9.82,327,Hyderabad
7605,2024-01-14 23:09:00,2024-01-14 23:59:00,9.88,252,Chennai
7606,2024-01-15 09:33:00,2024-01-15 10:13:00,6.72,373,Hyderabad
7607,2024-01-07 15:41:00,2024-01-07 16:23:00,9.39,107,Delhi
7608,2024-01-19 11:25:00,2024-01-19 11:54:00,1.59,161,Mumbai
7609,2024-01-27 20:54:00,2024-01-27 21:53:00,5.56,317,Hyderabad
7610,2024-01-15 03:20:00,2024-01-15 04:01:00,9.24,210,Bangalore
7611,2024-01-17 20:45:00,2024-01-17 21:48:00,6.33,174,Chennai
7612,2024-01-19 08:48:00,2024-01-19 09:33:00,9.42,212,Delhi
7613,2024-01-17 03:23:00,2024-01-17 04:07:00,8.28,227,Delhi
7614,2024-01-16 11:58:00,2024-01-16 12:28:00,1.82,212,Delhi
7615,2024-01-09 08:18:00,2024-01-09 08:55:00,3.9,173,Hyderabad
7616,2024-01-29 04:28:00,2024-01-29 05:13:00,7.21,238,Mumbai
7617,2024-01-17 16:56:00,2024-01-17 17:23:00,1.29,401,Chennai
7618,2024-01-31 05:57:00,2024-01-31 06:44:00,6.8,105,Chennai
7619,2024-01-28 04:55:00,2024-01-28 05:42:00,8.44,433,Bangalore
7620,2024-01-09 05:46:00,2024-01-09 06:36:00,9.81,415,Delhi
7621,2024-01-21 13:05:00,2024-01-21 13:52:00,1.06,413,Chennai
7622,2024-01-28 21:37:00,2024-01-28 22:29:00,3.0,272,Mumbai
7623,2024-01-16 17:45:00,2024-01-16 18:25:00,6.66,160,Hyderabad
7624,2024-01-02 21:12:00,2024-01-02 22:03:00,3.83,125,Hyderabad
7625,2024-01-25 18:46:00,2024-01-25 19:17:00,3.36,362,Delhi
7626,2024-01-20 05:45:00,2024-01-20 06:25:00,4.04,489,Mumbai
7627,2024-01-12 19:45:00,2024-01-12 20:50:00,9.91,251,Delhi
7628,2024-01-07 08:30:00,2024-01-07 08:58:00,3.15,254,Hyderabad
7629,2024-01-03 15:09:00,2024-01-03 15:52:00,9.88,124,Delhi
7630,2024-01-11 03:04:00,2024-01-11 03:31:00,2.99,365,Hyderabad
7631,2024-01-23 03:41:00,2024-01-23 04:26:00,9.01,429,Mumbai
7632,2024-01-04 08:34:00,2024-01-04 09:02:00,1.45,232,Bangalore
7633,2024-01-15 00:05:00,2024-01-15 00:45:00,5.69,239,Chennai
7634,2024-01-20 05:12:00,2024-01-20 05:50:00,7.09,323,Bangalore
7635,2024-01-06 23:56:00,2024-01-07 00:40:00,8.19,431,Chennai
7636,2024-01-28 10:15:00,2024-01-28 10:54:00,9.71,151,Hyderabad
7637,2024-01-26 21:17:00,2024-01-26 22:08:00,1.46,455,Chennai
7638,2024-01-05 05:30:00,2024-01-05 06:08:00,5.21,483,Mumbai
7639,2024-01-26 07:56:00,2024-01-26 08:30:00,2.65,192,Mumbai
7640,2024-01-09 07:24:00,2024-01-09 07:53:00,3.34,165,Mumbai
7641,2024-01-29 04:32:00,2024-01-29 04:57:00,1.59,151,Bangalore
7642,2024-01-20 18:50:00,2024-01-20 19:25:00,7.05,311,Hyderabad
7643,2024-01-27 18:25:00,2024-01-27 18:53:00,1.64,264,Delhi
7644,2024-01-04 17:34:00,2024-01-04 18:10:00,1.11,414,Bangalore
7645,2024-01-22 19:30:00,2024-01-22 20:18:00,3.95,392,Mumbai
7646,2024-01-07 00:35:00,2024-01-07 01:23:00,7.95,192,Mumbai
7647,2024-01-23 07:39:00,2024-01-23 08:08:00,3.36,195,Delhi
7648,2024-01-22 02:50:00,2024-01-22 03:20:00,3.63,478,Delhi
7649,2024-01-27 13:13:00,2024-01-27 14:00:00,2.45,132,Hyderabad
7650,2024-01-20 05:06:00,2024-01-20 05:38:00,2.49,348,Bangalore
7651,2024-01-19 16:38:00,2024-01-19 17:14:00,3.12,107,Mumbai
7652,2024-01-04 00:18:00,2024-01-04 00:45:00,3.22,423,Mumbai
7653,2024-01-29 11:30:00,2024-01-29 12:08:00,2.84,157,Hyderabad
7654,2024-01-05 19:28:00,2024-01-05 20:17:00,1.47,170,Bangalore
7655,2024-01-06 02:38:00,2024-01-06 03:14:00,8.32,241,Delhi
7656,2024-01-29 22:51:00,2024-01-30 00:04:00,7.53,136,Bangalore
7657,2024-01-06 10:09:00,2024-01-06 10:50:00,4.83,469,Hyderabad
7658,2024-01-15 22:56:00,2024-01-16 00:03:00,4.58,285,Hyderabad
7659,2024-01-14 20:54:00,2024-01-14 22:05:00,6.19,299,Hyderabad
7660,2024-01-29 00:59:00,2024-01-29 01:30:00,1.93,186,Bangalore
7661,2024-01-04 01:29:00,2024-01-04 02:21:00,9.2,234,Chennai
7662,2024-01-23 04:20:00,2024-01-23 04:49:00,4.4,300,Bangalore
7663,2024-01-16 18:54:00,2024-01-16 19:36:00,4.05,252,Mumbai
7664,2024-01-24 02:07:00,2024-01-24 02:49:00,6.36,339,Mumbai
7665,2024-01-25 18:07:00,2024-01-25 18:42:00,3.42,186,Chennai
7666,2024-01-23 15:44:00,2024-01-23 16:25:00,6.64,284,Bangalore
7667,2024-01-06 11:22:00,2024-01-06 11:48:00,3.2,178,Hyderabad
7668,2024-01-12 15:24:00,2024-01-12 15:49:00,2.76,476,Bangalore
7669,2024-01-27 04:05:00,2024-01-27 04:46:00,5.46,390,Delhi
7670,2024-01-03 05:16:00,2024-01-03 05:58:00,9.04,476,Mumbai
7671,2024-01-04 08:22:00,2024-01-04 09:08:00,8.66,473,Mumbai
7672,2024-01-28 14:30:00,2024-01-28 15:15:00,5.68,290,Bangalore
7673,2024-01-15 03:49:00,2024-01-15 04:35:00,9.07,343,Delhi
7674,2024-01-04 08:01:00,2024-01-04 08:48:00,9.13,164,Mumbai
7675,2024-01-24 07:14:00,2024-01-24 07:45:00,1.26,386,Hyderabad
7676,2024-01-26 16:11:00,2024-01-26 16:47:00,2.02,430,Bangalore
7677,2024-01-28 06:32:00,2024-01-28 07:12:00,5.72,196,Delhi
7678,2024-01-25 23:33:00,2024-01-26 00:12:00,3.32,358,Hyderabad
7679,2024-01-04 00:54:00,2024-01-04 01:38:00,9.35,388,Mumbai
7680,2024-01-15 19:39:00,2024-01-15 20:43:00,3.48,378,Chennai
7681,2024-01-20 22:58:00,2024-01-21 00:01:00,8.54,414,Bangalore
7682,2024-01-31 13:46:00,2024-01-31 14:35:00,8.18,442,Chennai
7683,2024-01-27 23:23:00,2024-01-28 00:05:00,4.84,328,Delhi
7684,2024-01-03 05:57:00,2024-01-03 06:25:00,4.34,309,Hyderabad
7685,2024-01-26 07:30:00,2024-01-26 07:59:00,2.4,240,Chennai
7686,2024-01-24 07:13:00,2024-01-24 07:46:00,1.44,256,Mumbai
7687,2024-01-08 22:52:00,2024-01-08 23:59:00,8.87,137,Delhi
7688,2024-01-03 00:56:00,2024-01-03 01:24:00,3.51,247,Chennai
7689,2024-01-05 01:33:00,2024-01-05 02:06:00,1.11,299,Delhi
7690,2024-01-08 02:30:00,2024-01-08 03:05:00,5.65,164,Delhi
7691,2024-01-09 19:46:00,2024-01-09 21:00:00,7.72,222,Bangalore
7692,2024-01-11 03:28:00,2024-01-11 04:10:00,7.1,217,Bangalore
7693,2024-01-02 02:05:00,2024-01-02 02:47:00,4.66,398,Delhi
7694,2024-01-02 05:32:00,2024-01-02 06:11:00,2.95,417,Hyderabad
7695,2024-01-23 12:13:00,2024-01-23 12:50:00,1.5,208,Mumbai
7696,2024-01-28 17:08:00,2024-01-28 17:34:00,2.57,115,Bangalore
7697,2024-01-31 11:44:00,2024-01-31 12:21:00,4.67,263,Bangalore
7698,2024-01-08 01:45:00,2024-01-08 02:15:00,4.54,242,Mumbai
7699,2024-01-31 20:20:00,2024-01-31 21:21:00,8.52,421,Hyderabad
7700,2024-01-26 07:30:00,2024-01-26 08:04:00,5.55,417,Mumbai
7701,2024-01-24 05:54:00,2024-01-24 06:45:00,9.45,163,Hyderabad
7702,2024-01-01 15:59:00,2024-01-01 16:31:00,5.4,378,Hyderabad
7703,2024-01-30 11:18:00,2024-01-30 11:48:00,3.3,351,Mumbai
7704,2024-01-11 03:49:00,2024-01-11 04:24:00,7.09,220,Mumbai
7705,2024-01-31 16:49:00,2024-01-31 17:25:00,6.76,344,Delhi
7706,2024-01-03 16:27:00,2024-01-03 16:55:00,3.52,430,Delhi
7707,2024-01-17 02:44:00,2024-01-17 03:29:00,6.78,380,Delhi
7708,2024-01-26 14:58:00,2024-01-26 15:50:00,3.37,451,Hyderabad
7709,2024-01-22 14:48:00,2024-01-22 15:44:00,9.97,498,Mumbai
7710,2024-01-30 02:16:00,2024-01-30 02:59:00,4.79,190,Bangalore
7711,2024-01-16 21:08:00,2024-01-16 22:03:00,3.54,197,Hyderabad
7712,2024-01-20 08:14:00,2024-01-20 08:56:00,4.1,175,Delhi
7713,2024-01-06 02:28:00,2024-01-06 03:08:00,8.08,314,Delhi
7714,2024-01-22 21:07:00,2024-01-22 22:25:00,9.85,216,Delhi
7715,2024-01-23 22:57:00,2024-01-23 23:51:00,4.14,283,Hyderabad
7716,2024-01-26 09:03:00,2024-01-26 09:37:00,4.13,250,Delhi
7717,2024-01-12 19:51:00,2024-01-12 20:35:00,2.31,319,Mumbai
7718,2024-01-24 05:49:00,2024-01-24 06:27:00,4.31,187,Hyderabad
7719,2024-01-17 13:42:00,2024-01-17 14:36:00,3.52,387,Mumbai
7720,2024-01-23 18:10:00,2024-01-23 19:03:00,9.7,459,Hyderabad
7721,2024-01-17 16:53:00,2024-01-17 17:31:00,8.03,206,Mumbai
7722,2024-01-10 18:32:00,2024-01-10 19:01:00,1.94,287,Mumbai
7723,2024-01-23 01:31:00,2024-01-23 02:12:00,6.99,191,Bangalore
7724,2024-01-21 05:45:00,2024-01-21 06:20:00,7.34,367,Chennai
7725,2024-01-09 10:23:00,2024-01-09 10:55:00,5.68,298,Hyderabad
7726,2024-01-26 01:21:00,2024-01-26 02:06:00,7.79,310,Delhi
7727,2024-01-31 19:04:00,2024-01-31 19:59:00,1.92,203,Chennai
7728,2024-01-29 18:11:00,2024-01-29 18:42:00,3.31,100,Delhi
7729,2024-01-10 08:56:00,2024-01-10 09:20:00,2.19,132,Delhi
7730,2024-01-01 09:33:00,2024-01-01 10:04:00,3.24,158,Bangalore
7731,2024-01-03 07:25:00,2024-01-03 08:03:00,6.95,393,Mumbai
7732,2024-01-26 18:07:00,2024-01-26 18:41:00,6.07,270,Bangalore
7733,2024-01-23 00:16:00,2024-01-23 00:56:00,9.47,144,Bangalore
7734,2024-01-15 06:04:00,2024-01-15 06:54:00,8.34,119,Delhi
7735,2024-01-07 21:16:00,2024-01-07 22:14:00,1.4,207,Mumbai
7736,2024-01-10 17:27:00,2024-01-10 17:59:00,4.99,167,Mumbai
7737,2024-01-23 15:39:00,2024-01-23 16:12:00,3.51,228,Delhi
7738,2024-01-28 12:01:00,2024-01-28 12:54:00,8.19,430,Chennai
7739,2024-01-26 10:56:00,2024-01-26 11:31:00,1.98,299,Bangalore
7740,2024-01-07 22:04:00,2024-01-07 22:54:00,1.66,182,Delhi
7741,2024-01-22 08:28:00,2024-01-22 09:08:00,4.98,137,Mumbai
7742,2024-01-30 06:51:00,2024-01-30 07:25:00,1.77,367,Bangalore
7743,2024-01-21 07:37:00,2024-01-21 08:08:00,3.6,395,Mumbai
7744,2024-01-26 11:46:00,2024-01-26 12:19:00,4.86,197,Delhi
7745,2024-01-16 02:16:00,2024-01-16 03:02:00,7.02,470,Chennai
7746,2024-01-05 20:46:00,2024-01-05 21:54:00,8.46,176,Hyderabad
7747,2024-01-29 19:44:00,2024-01-29 20:46:00,6.49,307,Delhi
7748,2024-01-22 18:03:00,2024-01-22 18:48:00,8.68,494,Bangalore
7749,2024-01-18 12:14:00,2024-01-18 13:06:00,3.79,104,Mumbai
7750,2024-01-09 09:18:00,2024-01-09 09:57:00,8.79,253,Bangalore
7751,2024-01-08 22:16:00,2024-01-08 23:04:00,1.37,406,Bangalore
7752,2024-01-13 05:59:00,2024-01-13 06:36:00,5.83,128,Mumbai
7753,2024-01-29 21:27:00,2024-01-29 22:24:00,2.84,259,Delhi
7754,2024-01-08 02:33:00,2024-01-08 03:05:00,4.52,197,Delhi
7755,2024-01-02 17:44:00,2024-01-02 18:21:00,5.41,247,Delhi
7756,2024-01-13 18:27:00,2024-01-13 18:50:00,1.75,139,Mumbai
7757,2024-01-29 09:42:00,2024-01-29 10:27:00,8.94,138,Chennai
7758,2024-01-15 19:39:00,2024-01-15 20:28:00,2.56,164,Bangalore
7759,2024-01-30 11:46:00,2024-01-30 12:27:00,3.88,316,Hyderabad
7760,2024-01-25 02:37:00,2024-01-25 03:15:00,7.77,151,Delhi
7761,2024-01-26 08:57:00,2024-01-26 09:35:00,6.39,413,Mumbai
7762,2024-01-27 17:10:00,2024-01-27 17:43:00,1.39,412,Mumbai
7763,2024-01-28 10:14:00,2024-01-28 10:42:00,1.8,155,Hyderabad
7764,2024-01-28 18:29:00,2024-01-28 19:12:00,6.6,482,Hyderabad
7765,2024-01-30 20:48:00,2024-01-30 21:48:00,8.02,357,Delhi
7766,2024-01-02 06:07:00,2024-01-02 06:45:00,2.69,421,Bangalore
7767,2024-01-08 18:41:00,2024-01-08 19:17:00,6.49,412,Chennai
7768,2024-01-02 22:19:00,2024-01-02 23:14:00,2.85,231,Mumbai
7769,2024-01-24 01:14:00,2024-01-24 01:59:00,6.31,496,Hyderabad
7770,2024-01-30 20:03:00,2024-01-30 21:14:00,7.28,496,Chennai
7771,2024-01-13 01:45:00,2024-01-13 02:15:00,1.96,491,Delhi
7772,2024-01-15 14:07:00,2024-01-15 14:45:00,2.92,155,Bangalore
7773,2024-01-13 19:39:00,2024-01-13 20:47:00,9.54,139,Bangalore
7774,2024-01-06 00:25:00,2024-01-06 01:00:00,7.73,289,Delhi
7775,2024-01-25 00:31:00,2024-01-25 01:13:00,6.13,491,Delhi
7776,2024-01-31 21:22:00,2024-01-31 22:33:00,9.28,477,Bangalore
7777,2024-01-03 06:58:00,2024-01-03 07:32:00,5.21,297,Bangalore
7778,2024-01-25 16:50:00,2024-01-25 17:30:00,8.42,497,Delhi
7779,2024-01-27 03:43:00,2024-01-27 04:21:00,8.16,208,Bangalore
7780,2024-01-11 11:41:00,2024-01-11 12:29:00,9.02,475,Chennai
7781,2024-01-30 12:11:00,2024-01-30 12:52:00,4.22,289,Bangalore
7782,2024-01-17 05:57:00,2024-01-17 06:32:00,2.2,452,Bangalore
7783,2024-01-13 17:24:00,2024-01-13 17:59:00,6.75,103,Bangalore
7784,2024-01-26 05:26:00,2024-01-26 05:59:00,3.93,172,Chennai
7785,2024-01-19 10:12:00,2024-01-19 10:57:00,7.06,261,Bangalore
7786,2024-01-20 08:44:00,2024-01-20 09:22:00,8.44,290,Chennai
7787,2024-01-31 05:28:00,2024-01-31 06:08:00,4.51,412,Hyderabad
7788,2024-01-31 22:22:00,2024-01-31 23:10:00,2.05,460,Delhi
7789,2024-01-24 10:52:00,2024-01-24 11:29:00,7.89,324,Bangalore
7790,2024-01-14 19:59:00,2024-01-14 20:58:00,6.91,214,Hyderabad
7791,2024-01-13 06:17:00,2024-01-13 06:58:00,3.56,200,Mumbai
7792,2024-01-25 07:44:00,2024-01-25 08:15:00,2.93,345,Chennai
7793,2024-01-11 11:43:00,2024-01-11 12:15:00,3.09,394,Hyderabad
7794,2024-01-20 04:26:00,2024-01-20 04:58:00,3.95,373,Bangalore
7795,2024-01-07 04:04:00,2024-01-07 04:44:00,9.2,272,Delhi
7796,2024-01-22 07:31:00,2024-01-22 08:04:00,5.85,128,Chennai
7797,2024-01-08 05:48:00,2024-01-08 06:34:00,9.45,358,Mumbai
7798,2024-01-27 11:57:00,2024-01-27 12:33:00,6.85,175,Delhi
7799,2024-01-03 22:42:00,2024-01-03 23:57:00,9.85,440,Delhi
7800,2024-01-03 17:00:00,2024-01-03 17:49:00,9.89,351,Hyderabad
7801,2024-01-01 13:26:00,2024-01-01 14:20:00,4.89,387,Mumbai
7802,2024-01-08 21:04:00,2024-01-08 21:59:00,2.14,295,Delhi
7803,2024-01-15 20:17:00,2024-01-15 21:20:00,9.42,265,Chennai
7804,2024-01-27 00:46:00,2024-01-27 01:26:00,5.07,137,Mumbai
7805,2024-01-12 11:47:00,2024-01-12 12:30:00,9.03,126,Delhi
7806,2024-01-20 15:39:00,2024-01-20 16:18:00,3.13,430,Mumbai
7807,2024-01-23 04:06:00,2024-01-23 04:38:00,2.66,473,Delhi
7808,2024-01-05 11:59:00,2024-01-05 12:35:00,1.13,178,Mumbai
7809,2024-01-11 04:16:00,2024-01-11 04:49:00,1.22,305,Chennai
7810,2024-01-06 13:26:00,2024-01-06 14:10:00,2.98,484,Hyderabad
7811,2024-01-31 13:37:00,2024-01-31 14:30:00,7.45,373,Mumbai
7812,2024-01-26 03:03:00,2024-01-26 03:26:00,1.65,284,Mumbai
7813,2024-01-15 17:22:00,2024-01-15 17:46:00,2.29,347,Mumbai
7814,2024-01-26 09:22:00,2024-01-26 10:02:00,6.96,349,Delhi
7815,2024-01-03 22:52:00,2024-01-03 23:42:00,5.37,475,Delhi
7816,2024-01-28 23:51:00,2024-01-29 00:24:00,1.91,476,Chennai
7817,2024-01-01 05:28:00,2024-01-01 05:53:00,2.83,258,Chennai
7818,2024-01-30 19:44:00,2024-01-30 20:36:00,6.06,236,Delhi
7819,2024-01-18 05:40:00,2024-01-18 06:06:00,3.31,291,Bangalore
7820,2024-01-03 03:45:00,2024-01-03 04:17:00,6.48,309,Chennai
7821,2024-01-01 04:41:00,2024-01-01 05:16:00,4.67,315,Mumbai
7822,2024-01-12 14:12:00,2024-01-12 14:56:00,5.48,170,Chennai
7823,2024-01-09 20:07:00,2024-01-09 21:07:00,6.63,234,Bangalore
7824,2024-01-22 11:44:00,2024-01-22 12:18:00,2.72,425,Hyderabad
7825,2024-01-22 14:28:00,2024-01-22 15:18:00,1.91,264,Bangalore
7826,2024-01-29 06:50:00,2024-01-29 07:24:00,7.27,257,Delhi
7827,2024-01-21 00:14:00,2024-01-21 00:43:00,4.39,487,Mumbai
7828,2024-01-02 02:58:00,2024-01-02 03:39:00,8.85,483,Mumbai
7829,2024-01-26 00:54:00,2024-01-26 01:38:00,5.55,363,Delhi
7830,2024-01-14 06:42:00,2024-01-14 07:19:00,8.56,415,Chennai
7831,2024-01-03 13:57:00,2024-01-03 14:57:00,6.78,384,Mumbai
7832,2024-01-05 04:53:00,2024-01-05 05:37:00,7.54,497,Chennai
7833,2024-01-08 02:58:00,2024-01-08 03:31:00,2.69,133,Chennai
7834,2024-01-11 21:29:00,2024-01-11 22:37:00,8.8,332,Bangalore
7835,2024-01-08 11:22:00,2024-01-08 12:00:00,2.41,297,Chennai
7836,2024-01-21 01:13:00,2024-01-21 01:51:00,5.56,149,Chennai
7837,2024-01-06 11:22:00,2024-01-06 11:57:00,4.31,139,Mumbai
7838,2024-01-21 23:47:00,2024-01-22 00:36:00,7.93,352,Delhi
7839,2024-01-12 12:19:00,2024-01-12 13:19:00,9.48,288,Delhi
7840,2024-01-29 22:01:00,2024-01-29 22:54:00,1.29,345,Chennai
7841,2024-01-21 12:29:00,2024-01-21 13:19:00,1.25,395,Chennai
7842,2024-01-23 13:54:00,2024-01-23 14:42:00,1.4,229,Bangalore
7843,2024-01-17 14:08:00,2024-01-17 15:00:00,5.94,438,Delhi
7844,2024-01-03 22:26:00,2024-01-03 23:21:00,1.16,315,Chennai
7845,2024-01-01 07:44:00,2024-01-01 08:20:00,1.0,420,Chennai
7846,2024-01-24 20:10:00,2024-01-24 20:57:00,1.71,465,Chennai
7847,2024-01-17 01:10:00,2024-01-17 01:48:00,2.64,393,Hyderabad
7848,2024-01-26 11:33:00,2024-01-26 12:13:00,7.6,429,Hyderabad
7849,2024-01-26 10:52:00,2024-01-26 11:35:00,5.8,353,Delhi
7850,2024-01-06 22:38:00,2024-01-06 23:35:00,2.25,211,Bangalore
7851,2024-01-20 16:45:00,2024-01-20 17:25:00,3.63,382,Chennai
7852,2024-01-15 17:02:00,2024-01-15 17:40:00,6.64,163,Delhi
7853,2024-01-16 12:53:00,2024-01-16 13:56:00,9.83,423,Delhi
7854,2024-01-07 22:08:00,2024-01-07 23:10:00,7.29,244,Delhi
7855,2024-01-23 02:42:00,2024-01-23 03:30:00,8.58,368,Bangalore
7856,2024-01-29 11:03:00,2024-01-29 11:40:00,4.82,210,Bangalore
7857,2024-01-08 00:52:00,2024-01-08 01:17:00,2.39,115,Mumbai
7858,2024-01-21 08:52:00,2024-01-21 09:28:00,5.09,227,Bangalore
7859,2024-01-15 10:05:00,2024-01-15 10:54:00,7.99,239,Bangalore
7860,2024-01-13 10:51:00,2024-01-13 11:31:00,7.79,199,Hyderabad
7861,2024-01-29 03:18:00,2024-01-29 04:09:00,9.67,193,Bangalore
7862,2024-01-29 03:46:00,2024-01-29 04:14:00,1.53,329,Bangalore
7863,2024-01-14 23:31:00,2024-01-15 00:04:00,5.34,146,Hyderabad
7864,2024-01-06 11:17:00,2024-01-06 11:54:00,4.46,417,Delhi
7865,2024-01-09 08:44:00,2024-01-09 09:18:00,1.32,489,Hyderabad
7866,2024-01-29 22:25:00,2024-01-29 23:17:00,2.64,279,Hyderabad
7867,2024-01-19 19:00:00,2024-01-19 19:55:00,1.16,499,Mumbai
7868,2024-01-23 14:25:00,2024-01-23 15:31:00,8.66,108,Chennai
7869,2024-01-09 19:50:00,2024-01-09 20:47:00,2.17,448,Chennai
7870,2024-01-31 16:09:00,2024-01-31 16:54:00,8.13,417,Hyderabad
7871,2024-01-16 10:23:00,2024-01-16 11:04:00,8.19,267,Bangalore
7872,2024-01-18 05:46:00,2024-01-18 06:12:00,1.13,184,Hyderabad
7873,2024-01-08 15:22:00,2024-01-08 16:08:00,8.48,392,Hyderabad
7874,2024-01-20 08:39:00,2024-01-20 09:10:00,1.64,448,Chennai
7875,2024-01-05 08:03:00,2024-01-05 08:35:00,4.46,221,Hyderabad
7876,2024-01-15 08:55:00,2024-01-15 09:24:00,1.14,131,Chennai
7877,2024-01-15 21:52:00,2024-01-15 22:42:00,4.46,430,Hyderabad
7878,2024-01-15 17:55:00,2024-01-15 18:31:00,4.32,260,Hyderabad
7879,2024-01-18 13:30:00,2024-01-18 14:09:00,4.73,414,Bangalore
7880,2024-01-13 09:46:00,2024-01-13 10:17:00,3.11,433,Delhi
7881,2024-01-23 19:01:00,2024-01-23 19:57:00,1.64,484,Delhi
7882,2024-01-25 18:52:00,2024-01-25 19:36:00,7.72,400,Bangalore
7883,2024-01-04 19:20:00,2024-01-04 20:33:00,9.64,173,Chennai
7884,2024-01-14 14:38:00,2024-01-14 15:28:00,6.75,202,Hyderabad
7885,2024-01-24 03:52:00,2024-01-24 04:31:00,4.14,393,Chennai
7886,2024-01-05 14:55:00,2024-01-05 15:35:00,2.28,425,Chennai
7887,2024-01-05 20:06:00,2024-01-05 21:11:00,9.39,127,Bangalore
7888,2024-01-12 20:10:00,2024-01-12 21:19:00,9.38,318,Chennai
7889,2024-01-30 01:21:00,2024-01-30 01:51:00,1.09,397,Mumbai
7890,2024-01-10 12:35:00,2024-01-10 13:18:00,6.28,109,Hyderabad
7891,2024-01-27 22:04:00,2024-01-27 23:09:00,4.28,135,Delhi
7892,2024-01-26 19:34:00,2024-01-26 20:29:00,2.27,170,Bangalore
7893,2024-01-28 10:31:00,2024-01-28 11:08:00,8.32,343,Delhi
7894,2024-01-19 06:12:00,2024-01-19 06:43:00,4.8,403,Mumbai
7895,2024-01-31 10:17:00,2024-01-31 10:50:00,6.83,354,Chennai
7896,2024-01-29 19:12:00,2024-01-29 20:02:00,1.96,341,Hyderabad
7897,2024-01-22 16:29:00,2024-01-22 17:05:00,1.88,433,Mumbai
7898,2024-01-21 19:22:00,2024-01-21 20:30:00,5.45,219,Chennai
7899,2024-01-16 01:49:00,2024-01-16 02:28:00,7.9,490,Mumbai
7900,2024-01-30 01:48:00,2024-01-30 02:21:00,6.18,214,Hyderabad
7901,2024-01-14 17:01:00,2024-01-14 17:43:00,6.26,408,Chennai
7902,2024-01-07 04:35:00,2024-01-07 05:04:00,2.73,400,Hyderabad
7903,2024-01-21 05:21:00,2024-01-21 05:51:00,2.52,152,Hyderabad
7904,2024-01-14 19:25:00,2024-01-14 20:36:00,9.7,189,Chennai
7905,2024-01-05 17:31:00,2024-01-05 17:54:00,1.89,405,Mumbai
7906,2024-01-19 04:04:00,2024-01-19 04:42:00,5.42,114,Bangalore
7907,2024-01-10 22:40:00,2024-01-10 23:51:00,7.14,226,Hyderabad
7908,2024-01-07 22:58:00,2024-01-07 23:42:00,1.71,494,Hyderabad
7909,2024-01-08 17:24:00,2024-01-08 18:04:00,8.46,481,Mumbai
7910,2024-01-07 15:53:00,2024-01-07 16:44:00,9.02,442,Bangalore
7911,2024-01-13 13:43:00,2024-01-13 14:31:00,3.4,166,Hyderabad
7912,2024-01-25 22:14:00,2024-01-25 23:14:00,4.63,132,Chennai
7913,2024-01-03 01:37:00,2024-01-03 02:14:00,8.88,351,Hyderabad
7914,2024-01-26 16:50:00,2024-01-26 17:25:00,4.52,391,Delhi
7915,2024-01-21 10:49:00,2024-01-21 11:25:00,7.16,189,Delhi
7916,2024-01-19 10:37:00,2024-01-19 11:10:00,2.03,216,Bangalore
7917,2024-01-17 05:33:00,2024-01-17 06:09:00,6.0,318,Delhi
7918,2024-01-15 17:01:00,2024-01-15 17:44:00,8.69,132,Delhi
7919,2024-01-03 23:52:00,2024-01-04 00:28:00,4.58,113,Mumbai
7920,2024-01-23 23:22:00,2024-01-23 23:53:00,3.34,385,Mumbai
7921,2024-01-08 18:41:00,2024-01-08 19:29:00,8.54,160,Delhi
7922,2024-01-14 05:35:00,2024-01-14 06:19:00,6.56,348,Hyderabad
7923,2024-01-06 23:12:00,2024-01-06 23:59:00,7.3,173,Chennai
7924,2024-01-04 23:41:00,2024-01-05 00:15:00,3.15,345,Chennai
7925,2024-01-28 16:39:00,2024-01-28 17:20:00,3.97,358,Bangalore
7926,2024-01-28 18:37:00,2024-01-28 19:14:00,7.38,424,Bangalore
7927,2024-01-24 13:18:00,2024-01-24 14:10:00,3.62,106,Hyderabad
7928,2024-01-09 08:47:00,2024-01-09 09:10:00,1.87,493,Hyderabad
7929,2024-01-09 19:43:00,2024-01-09 20:37:00,6.76,413,Mumbai
7930,2024-01-23 06:41:00,2024-01-23 07:09:00,1.57,210,Hyderabad
7931,2024-01-18 18:00:00,2024-01-18 18:38:00,7.39,253,Chennai
7932,2024-01-09 12:25:00,2024-01-09 13:15:00,8.19,393,Mumbai
7933,2024-01-24 16:08:00,2024-01-24 16:48:00,3.8,467,Delhi
7934,2024-01-15 19:03:00,2024-01-15 20:07:00,2.98,185,Chennai
7935,2024-01-14 04:16:00,2024-01-14 05:06:00,8.66,470,Bangalore
7936,2024-01-12 18:51:00,2024-01-12 19:29:00,3.19,418,Hyderabad
7937,2024-01-01 13:35:00,2024-01-01 14:26:00,9.75,272,Mumbai
7938,2024-01-28 21:14:00,2024-01-28 22:12:00,1.8,343,Hyderabad
7939,2024-01-22 21:44:00,2024-01-22 22:43:00,6.57,323,Hyderabad
7940,2024-01-18 06:23:00,2024-01-18 06:56:00,4.59,440,Bangalore
7941,2024-01-15 17:41:00,2024-01-15 18:19:00,3.16,481,Delhi
7942,2024-01-16 17:30:00,2024-01-16 18:00:00,4.08,461,Bangalore
7943,2024-01-02 23:46:00,2024-01-03 00:22:00,4.51,300,Hyderabad
7944,2024-01-23 13:58:00,2024-01-23 14:45:00,6.34,426,Mumbai
7945,2024-01-21 22:11:00,2024-01-21 23:20:00,9.35,290,Bangalore
7946,2024-01-18 13:21:00,2024-01-18 14:11:00,4.39,356,Chennai
7947,2024-01-09 04:36:00,2024-01-09 05:11:00,2.51,181,Delhi
7948,2024-01-03 02:44:00,2024-01-03 03:34:00,9.21,464,Hyderabad
7949,2024-01-13 23:06:00,2024-01-13 23:35:00,3.87,177,Chennai
7950,2024-01-30 14:08:00,2024-01-30 14:50:00,2.23,446,Bangalore
7951,2024-01-25 17:47:00,2024-01-25 18:23:00,7.39,202,Bangalore
7952,2024-01-19 16:44:00,2024-01-19 17:09:00,2.83,306,Delhi
7953,2024-01-03 22:11:00,2024-01-03 23:14:00,8.4,440,Chennai
7954,2024-01-08 09:44:00,2024-01-08 10:14:00,3.12,128,Chennai
7955,2024-01-07 06:06:00,2024-01-07 06:33:00,2.17,305,Chennai
7956,2024-01-04 12:00:00,2024-01-04 13:01:00,9.93,219,Delhi
7957,2024-01-15 03:36:00,2024-01-15 04:24:00,7.16,413,Chennai
7958,2024-01-17 09:35:00,2024-01-17 10:15:00,8.79,353,Chennai
7959,2024-01-20 02:31:00,2024-01-20 03:08:00,5.34,167,Chennai
7960,2024-01-06 01:46:00,2024-01-06 02:14:00,1.68,436,Mumbai
7961,2024-01-24 14:46:00,2024-01-24 15:40:00,5.59,285,Delhi
7962,2024-01-07 11:54:00,2024-01-07 12:16:00,1.08,493,Hyderabad
7963,2024-01-04 04:03:00,2024-01-04 04:30:00,1.03,411,Bangalore
7964,2024-01-17 14:30:00,2024-01-17 15:18:00,7.5,127,Delhi
7965,2024-01-25 07:48:00,2024-01-25 08:20:00,1.91,170,Mumbai
7966,2024-01-27 20:28:00,2024-01-27 21:21:00,2.0,459,Delhi
7967,2024-01-30 20:36:00,2024-01-30 21:36:00,1.61,149,Bangalore
7968,2024-01-10 04:04:00,2024-01-10 04:46:00,9.34,100,Hyderabad
7969,2024-01-13 23:04:00,2024-01-13 23:51:00,8.2,181,Bangalore
7970,2024-01-23 08:34:00,2024-01-23 09:13:00,4.62,307,Delhi
7971,2024-01-03 16:22:00,2024-01-03 17:02:00,3.95,355,Chennai
7972,2024-01-01 04:29:00,2024-01-01 05:08:00,6.38,433,Chennai
7973,2024-01-15 07:22:00,2024-01-15 08:00:00,4.68,399,Delhi
7974,2024-01-03 16:42:00,2024-01-03 17:18:00,4.57,154,Chennai
7975,2024-01-13 08:41:00,2024-01-13 09:27:00,9.92,395,Mumbai
7976,2024-01-22 07:46:00,2024-01-22 08:38:00,9.56,432,Bangalore
7977,2024-01-07 10:32:00,2024-01-07 11:09:00,4.33,330,Mumbai
7978,2024-01-12 21:01:00,2024-01-12 21:47:00,3.36,339,Chennai
7979,2024-01-14 16:53:00,2024-01-14 17:32:00,5.82,411,Delhi
7980,2024-01-13 22:53:00,2024-01-14 00:01:00,5.25,435,Chennai
7981,2024-01-05 13:58:00,2024-01-05 14:42:00,3.08,274,Chennai
7982,2024-01-10 13:12:00,2024-01-10 14:01:00,6.98,100,Chennai
7983,2024-01-16 14:57:00,2024-01-16 15:45:00,7.29,292,Mumbai
7984,2024-01-26 17:18:00,2024-01-26 17:50:00,5.76,394,Hyderabad
7985,2024-01-21 09:42:00,2024-01-21 10:21:00,4.54,156,Delhi
7986,2024-01-18 02:45:00,2024-01-18 03:21:00,7.55,486,Hyderabad
7987,2024-01-05 19:26:00,2024-01-05 20:16:00,3.61,338,Delhi
7988,2024-01-04 03:02:00,2024-01-04 03:34:00,3.74,394,Bangalore
7989,2024-01-01 03:09:00,2024-01-01 03:58:00,8.06,445,Chennai
7990,2024-01-08 19:06:00,2024-01-08 20:01:00,6.84,435,Chennai
7991,2024-01-09 19:14:00,2024-01-09 19:59:00,2.8,317,Mumbai
7992,2024-01-19 17:16:00,2024-01-19 18:03:00,8.99,119,Bangalore
7993,2024-01-11 11:08:00,2024-01-11 11:48:00,8.13,347,Mumbai
7994,2024-01-20 08:29:00,2024-01-20 09:12:00,5.11,432,Chennai
7995,2024-01-31 18:27:00,2024-01-31 19:09:00,9.98,185,Hyderabad
7996,2024-01-22 19:42:00,2024-01-22 20:47:00,3.63,100,Bangalore
7997,2024-01-11 23:32:00,2024-01-12 00:17:00,5.94,381,Bangalore
7998,2024-01-21 22:30:00,2024-01-21 23:25:00,1.64,497,Hyderabad
7999,2024-01-28 02:12:00,2024-01-28 02:34:00,1.23,135,Delhi
8000,2024-01-29 07:31:00,2024-01-29 08:13:00,5.53,434,Hyderabad
8001,2024-01-15 14:33:00,2024-01-15 15:30:00,9.23,295,Delhi
8002,2024-01-20 03:53:00,2024-01-20 04:34:00,8.96,262,Delhi
8003,2024-01-25 05:15:00,2024-01-25 05:54:00,4.86,493,Hyderabad
8004,2024-01-18 03:13:00,2024-01-18 03:59:00,7.05,432,Hyderabad
8005,2024-01-16 04:27:00,2024-01-16 04:59:00,1.72,341,Chennai
8006,2024-01-13 21:43:00,2024-01-13 22:33:00,1.21,205,Chennai
8007,2024-01-07 01:22:00,2024-01-07 02:08:00,9.09,333,Mumbai
8008,2024-01-01 13:42:00,2024-01-01 14:27:00,4.51,361,Mumbai
8009,2024-01-18 12:07:00,2024-01-18 12:56:00,5.91,433,Bangalore
8010,2024-01-24 05:37:00,2024-01-24 06:26:00,9.02,133,Delhi
8011,2024-01-01 23:55:00,2024-01-02 00:44:00,9.43,426,Chennai
8012,2024-01-30 15:58:00,2024-01-30 16:49:00,9.62,127,Mumbai
8013,2024-01-23 18:06:00,2024-01-23 18:47:00,9.37,134,Bangalore
8014,2024-01-27 14:08:00,2024-01-27 15:06:00,9.42,465,Bangalore
8015,2024-01-15 10:30:00,2024-01-15 11:05:00,7.95,405,Delhi
8016,2024-01-08 04:17:00,2024-01-08 05:01:00,8.93,358,Chennai
8017,2024-01-16 03:03:00,2024-01-16 03:37:00,1.28,471,Delhi
8018,2024-01-28 01:49:00,2024-01-28 02:27:00,3.36,141,Delhi
8019,2024-01-11 08:32:00,2024-01-11 09:20:00,8.5,325,Delhi
8020,2024-01-30 22:13:00,2024-01-30 23:02:00,4.31,437,Chennai
8021,2024-01-13 02:39:00,2024-01-13 03:28:00,8.33,259,Mumbai
8022,2024-01-18 18:06:00,2024-01-18 18:49:00,4.72,316,Mumbai
8023,2024-01-10 22:37:00,2024-01-10 23:26:00,1.83,456,Bangalore
8024,2024-01-24 10:37:00,2024-01-24 11:16:00,7.14,338,Hyderabad
8025,2024-01-08 03:14:00,2024-01-08 03:47:00,2.57,152,Chennai
8026,2024-01-26 05:29:00,2024-01-26 06:06:00,7.76,232,Hyderabad
8027,2024-01-05 20:48:00,2024-01-05 21:40:00,4.93,264,Bangalore
8028,2024-01-06 22:29:00,2024-01-06 23:28:00,5.75,494,Mumbai
8029,2024-01-31 02:30:00,2024-01-31 03:03:00,3.61,284,Bangalore
8030,2024-01-21 23:47:00,2024-01-22 00:38:00,9.02,460,Delhi
8031,2024-01-29 08:28:00,2024-01-29 09:04:00,1.47,257,Mumbai
8032,2024-01-31 02:54:00,2024-01-31 03:30:00,3.56,258,Mumbai
8033,2024-01-03 03:05:00,2024-01-03 03:37:00,3.63,108,Bangalore
8034,2024-01-31 18:17:00,2024-01-31 18:54:00,8.15,242,Bangalore
8035,2024-01-05 15:31:00,2024-01-05 16:16:00,9.09,482,Bangalore
8036,2024-01-02 16:05:00,2024-01-02 16:48:00,8.97,238,Hyderabad
8037,2024-01-05 09:25:00,2024-01-05 10:12:00,6.7,131,Delhi
8038,2024-01-15 22:58:00,2024-01-15 23:50:00,4.39,457,Hyderabad
8039,2024-01-09 14:46:00,2024-01-09 15:33:00,7.5,413,Hyderabad
8040,2024-01-05 13:01:00,2024-01-05 14:00:00,5.11,324,Mumbai
8041,2024-01-07 09:08:00,2024-01-07 09:50:00,4.78,428,Delhi
8042,2024-01-05 11:26:00,2024-01-05 12:04:00,2.94,287,Chennai
8043,2024-01-06 16:03:00,2024-01-06 16:46:00,8.3,417,Mumbai
8044,2024-01-03 22:33:00,2024-01-03 23:26:00,3.2,286,Delhi
8045,2024-01-26 20:26:00,2024-01-26 21:41:00,8.68,344,Delhi
8046,2024-01-13 04:13:00,2024-01-13 04:57:00,7.04,211,Mumbai
8047,2024-01-03 15:59:00,2024-01-03 16:27:00,1.71,445,Bangalore
8048,2024-01-14 04:51:00,2024-01-14 05:36:00,7.6,465,Bangalore
8049,2024-01-25 17:30:00,2024-01-25 18:06:00,6.59,325,Mumbai
8050,2024-01-22 01:25:00,2024-01-22 02:02:00,7.0,463,Bangalore
8051,2024-01-17 00:16:00,2024-01-17 00:42:00,2.1,484,Mumbai
8052,2024-01-21 22:04:00,2024-01-21 23:02:00,4.82,147,Delhi
8053,2024-01-21 05:37:00,2024-01-21 06:20:00,6.09,392,Delhi
8054,2024-01-28 06:55:00,2024-01-28 07:27:00,3.61,492,Mumbai
8055,2024-01-24 03:35:00,2024-01-24 04:14:00,4.13,269,Bangalore
8056,2024-01-29 21:20:00,2024-01-29 22:26:00,8.4,163,Hyderabad
8057,2024-01-28 10:58:00,2024-01-28 11:49:00,9.1,255,Hyderabad
8058,2024-01-01 16:23:00,2024-01-01 17:04:00,6.15,170,Chennai
8059,2024-01-06 00:33:00,2024-01-06 01:09:00,7.41,488,Bangalore
8060,2024-01-17 07:51:00,2024-01-17 08:25:00,3.35,356,Mumbai
8061,2024-01-17 20:29:00,2024-01-17 21:29:00,9.21,415,Bangalore
8062,2024-01-02 06:57:00,2024-01-02 07:40:00,7.5,420,Hyderabad
8063,2024-01-08 21:20:00,2024-01-08 22:36:00,9.27,366,Hyderabad
8064,2024-01-18 15:22:00,2024-01-18 15:54:00,4.39,246,Bangalore
8065,2024-01-15 12:30:00,2024-01-15 13:12:00,5.94,418,Mumbai
8066,2024-01-15 10:40:00,2024-01-15 11:10:00,4.97,276,Chennai
8067,2024-01-10 20:23:00,2024-01-10 21:31:00,5.26,384,Delhi
8068,2024-01-13 16:56:00,2024-01-13 17:27:00,1.78,386,Bangalore
8069,2024-01-19 07:42:00,2024-01-19 08:20:00,3.27,314,Delhi
8070,2024-01-18 09:34:00,2024-01-18 10:09:00,6.22,200,Chennai
8071,2024-01-09 01:31:00,2024-01-09 02:15:00,7.65,327,Chennai
8072,2024-01-03 18:40:00,2024-01-03 19:20:00,6.04,467,Delhi
8073,2024-01-26 15:36:00,2024-01-26 16:26:00,9.49,154,Chennai
8074,2024-01-19 00:22:00,2024-01-19 00:56:00,1.35,455,Mumbai
8075,2024-01-08 14:21:00,2024-01-08 15:06:00,2.57,242,Hyderabad
8076,2024-01-08 11:48:00,2024-01-08 12:35:00,8.86,100,Delhi
8077,2024-01-25 12:35:00,2024-01-25 13:26:00,3.3,115,Delhi
8078,2024-01-31 09:17:00,2024-01-31 10:06:00,8.14,362,Mumbai
8079,2024-01-11 18:58:00,2024-01-11 19:44:00,8.37,419,Mumbai
8080,2024-01-18 19:19:00,2024-01-18 20:30:00,6.18,321,Chennai
8081,2024-01-05 07:55:00,2024-01-05 08:34:00,4.35,101,Hyderabad
8082,2024-01-26 05:22:00,2024-01-26 05:52:00,4.36,137,Chennai
8083,2024-01-21 09:07:00,2024-01-21 09:46:00,2.74,328,Delhi
8084,2024-01-30 16:41:00,2024-01-30 17:08:00,3.68,278,Bangalore
8085,2024-01-31 15:32:00,2024-01-31 16:18:00,6.26,384,Mumbai
8086,2024-01-19 09:48:00,2024-01-19 10:27:00,2.61,147,Hyderabad
8087,2024-01-18 19:29:00,2024-01-18 20:39:00,6.63,333,Hyderabad
8088,2024-01-23 06:55:00,2024-01-23 07:21:00,1.75,355,Delhi
8089,2024-01-05 19:42:00,2024-01-05 20:29:00,3.16,293,Chennai
8090,2024-01-20 01:09:00,2024-01-20 01:48:00,8.44,128,Chennai
8091,2024-01-23 07:20:00,2024-01-23 07:58:00,4.0,327,Hyderabad
8092,2024-01-30 23:50:00,2024-01-31 00:37:00,8.22,380,Mumbai
8093,2024-01-28 15:13:00,2024-01-28 15:47:00,5.19,487,Mumbai
8094,2024-01-22 14:03:00,2024-01-22 15:01:00,9.18,227,Mumbai
8095,2024-01-10 00:43:00,2024-01-10 01:24:00,8.0,463,Bangalore
8096,2024-01-07 12:24:00,2024-01-07 13:31:00,9.47,152,Chennai
8097,2024-01-26 17:39:00,2024-01-26 18:21:00,9.37,399,Hyderabad
8098,2024-01-03 03:11:00,2024-01-03 03:49:00,9.0,305,Hyderabad
8099,2024-01-28 07:18:00,2024-01-28 08:04:00,9.91,459,Hyderabad
8100,2024-01-06 23:34:00,2024-01-07 00:24:00,8.56,483,Bangalore
8101,2024-01-19 04:30:00,2024-01-19 05:00:00,3.69,330,Hyderabad
8102,2024-01-30 21:29:00,2024-01-30 22:40:00,8.13,334,Mumbai
8103,2024-01-10 13:13:00,2024-01-10 14:06:00,8.66,129,Hyderabad
8104,2024-01-10 17:25:00,2024-01-10 18:06:00,5.99,325,Delhi
8105,2024-01-01 07:09:00,2024-01-01 07:44:00,4.41,277,Bangalore
8106,2024-01-16 15:32:00,2024-01-16 16:24:00,9.62,497,Hyderabad
8107,2024-01-01 15:02:00,2024-01-01 15:41:00,4.19,161,Hyderabad
8108,2024-01-04 05:08:00,2024-01-04 05:38:00,2.15,322,Bangalore
8109,2024-01-21 13:18:00,2024-01-21 14:06:00,5.77,179,Mumbai
8110,2024-01-20 07:44:00,2024-01-20 08:28:00,9.98,340,Mumbai
8111,2024-01-28 16:43:00,2024-01-28 17:19:00,3.5,224,Bangalore
8112,2024-01-30 02:08:00,2024-01-30 02:43:00,2.75,420,Hyderabad
8113,2024-01-16 18:39:00,2024-01-16 19:08:00,3.68,263,Delhi
8114,2024-01-08 17:21:00,2024-01-08 17:57:00,1.42,448,Hyderabad
8115,2024-01-10 13:42:00,2024-01-10 14:21:00,4.33,131,Delhi
8116,2024-01-12 15:07:00,2024-01-12 15:46:00,9.98,203,Mumbai
8117,2024-01-23 00:10:00,2024-01-23 00:46:00,5.1,254,Mumbai
8118,2024-01-08 03:07:00,2024-01-08 03:42:00,5.71,332,Chennai
8119,2024-01-01 15:01:00,2024-01-01 15:29:00,2.84,488,Mumbai
8120,2024-01-16 19:30:00,2024-01-16 20:28:00,4.09,134,Bangalore
8121,2024-01-03 01:58:00,2024-01-03 02:43:00,7.26,117,Bangalore
8122,2024-01-19 20:29:00,2024-01-19 21:21:00,4.95,240,Chennai
8123,2024-01-20 14:57:00,2024-01-20 15:56:00,6.07,457,Mumbai
8124,2024-01-19 20:20:00,2024-01-19 21:27:00,8.35,106,Delhi
8125,2024-01-12 12:19:00,2024-01-12 13:17:00,4.95,275,Mumbai
8126,2024-01-17 17:33:00,2024-01-17 18:13:00,4.22,388,Hyderabad
8127,2024-01-31 08:11:00,2024-01-31 08:53:00,7.27,324,Delhi
8128,2024-01-18 05:43:00,2024-01-18 06:22:00,4.03,353,Mumbai
8129,2024-01-12 03:52:00,2024-01-12 04:28:00,5.33,452,Chennai
8130,2024-01-13 22:52:00,2024-01-13 23:50:00,9.42,402,Chennai
8131,2024-01-21 22:04:00,2024-01-21 22:54:00,3.27,304,Mumbai
8132,2024-01-23 03:29:00,2024-01-23 04:05:00,7.88,298,Hyderabad
8133,2024-01-22 10:41:00,2024-01-22 11:14:00,3.57,289,Mumbai
8134,2024-01-09 20:49:00,2024-01-09 22:06:00,9.44,352,Delhi
8135,2024-01-15 12:31:00,2024-01-15 13:33:00,9.08,257,Delhi
8136,2024-01-30 02:54:00,2024-01-30 03:33:00,6.37,229,Delhi
8137,2024-01-04 22:02:00,2024-01-04 23:09:00,6.64,322,Mumbai
8138,2024-01-31 00:52:00,2024-01-31 01:28:00,6.73,450,Bangalore
8139,2024-01-04 04:29:00,2024-01-04 05:00:00,3.44,318,Hyderabad
8140,2024-01-16 12:50:00,2024-01-16 13:39:00,1.95,424,Hyderabad
8141,2024-01-23 20:26:00,2024-01-23 21:26:00,2.97,475,Chennai
8142,2024-01-19 14:28:00,2024-01-19 15:21:00,3.54,262,Hyderabad
8143,2024-01-22 10:20:00,2024-01-22 10:50:00,4.98,277,Delhi
8144,2024-01-04 23:34:00,2024-01-05 00:06:00,2.29,478,Delhi
8145,2024-01-20 08:58:00,2024-01-20 09:35:00,6.25,426,Bangalore
8146,2024-01-24 11:59:00,2024-01-24 12:41:00,7.57,169,Mumbai
8147,2024-01-01 18:15:00,2024-01-01 18:56:00,8.91,249,Mumbai
8148,2024-01-08 11:22:00,2024-01-08 12:03:00,8.28,183,Hyderabad
8149,2024-01-31 22:11:00,2024-01-31 22:59:00,2.4,136,Hyderabad
8150,2024-01-17 00:03:00,2024-01-17 00:44:00,6.21,236,Bangalore
8151,2024-01-29 00:47:00,2024-01-29 01:20:00,2.26,384,Mumbai
8152,2024-01-07 20:08:00,2024-01-07 20:52:00,1.45,367,Delhi
8153,2024-01-01 17:41:00,2024-01-01 18:24:00,8.19,245,Mumbai
8154,2024-01-06 23:43:00,2024-01-07 00:17:00,1.64,242,Bangalore
8155,2024-01-13 07:44:00,2024-01-13 08:26:00,6.49,118,Chennai
8156,2024-01-02 11:22:00,2024-01-02 12:07:00,7.79,211,Chennai
8157,2024-01-26 12:33:00,2024-01-26 13:16:00,2.86,375,Bangalore
8158,2024-01-07 09:46:00,2024-01-07 10:17:00,1.13,135,Chennai
8159,2024-01-18 09:19:00,2024-01-18 09:53:00,2.53,389,Mumbai
8160,2024-01-02 20:02:00,2024-01-02 20:51:00,4.56,301,Mumbai
8161,2024-01-18 11:16:00,2024-01-18 12:02:00,8.25,176,Hyderabad
8162,2024-01-28 15:50:00,2024-01-28 16:35:00,9.83,110,Delhi
8163,2024-01-11 02:25:00,2024-01-11 03:08:00,9.15,164,Delhi
8164,2024-01-21 10:43:00,2024-01-21 11:28:00,8.16,480,Chennai
8165,2024-01-10 13:44:00,2024-01-10 14:43:00,6.27,353,Delhi
8166,2024-01-08 11:43:00,2024-01-08 12:16:00,5.13,331,Bangalore
8167,2024-01-24 08:08:00,2024-01-24 08:55:00,8.08,433,Bangalore
8168,2024-01-25 01:58:00,2024-01-25 02:47:00,8.74,126,Bangalore
8169,2024-01-21 23:33:00,2024-01-22 00:08:00,3.43,242,Mumbai
8170,2024-01-25 05:41:00,2024-01-25 06:26:00,5.67,331,Mumbai
8171,2024-01-25 04:34:00,2024-01-25 05:14:00,5.49,402,Bangalore
8172,2024-01-05 15:20:00,2024-01-05 15:56:00,2.3,252,Bangalore
8173,2024-01-26 17:48:00,2024-01-26 18:27:00,9.5,274,Delhi
8174,2024-01-22 04:17:00,2024-01-22 04:51:00,6.34,158,Delhi
8175,2024-01-26 04:04:00,2024-01-26 04:35:00,4.45,412,Delhi
8176,2024-01-31 10:27:00,2024-01-31 11:07:00,3.54,387,Chennai
8177,2024-01-11 05:20:00,2024-01-11 06:01:00,4.01,428,Delhi
8178,2024-01-23 20:20:00,2024-01-23 21:21:00,5.63,439,Hyderabad
8179,2024-01-03 09:17:00,2024-01-03 10:06:00,9.68,198,Mumbai
8180,2024-01-11 22:12:00,2024-01-11 23:11:00,3.8,276,Mumbai
8181,2024-01-29 23:31:00,2024-01-30 00:08:00,3.89,176,Mumbai
8182,2024-01-20 19:52:00,2024-01-20 20:49:00,8.89,154,Delhi
8183,2024-01-22 10:30:00,2024-01-22 11:11:00,6.17,262,Delhi
8184,2024-01-06 18:42:00,2024-01-06 19:10:00,3.32,190,Chennai
8185,2024-01-11 13:15:00,2024-01-11 13:49:00,1.13,323,Bangalore
8186,2024-01-12 22:46:00,2024-01-12 23:45:00,2.46,149,Hyderabad
8187,2024-01-16 12:42:00,2024-01-16 13:38:00,9.3,212,Hyderabad
8188,2024-01-18 03:30:00,2024-01-18 03:59:00,1.28,294,Bangalore
8189,2024-01-10 07:43:00,2024-01-10 08:10:00,3.78,449,Bangalore
8190,2024-01-20 20:15:00,2024-01-20 21:23:00,9.79,136,Chennai
8191,2024-01-25 22:19:00,2024-01-25 23:03:00,1.74,107,Mumbai
8192,2024-01-08 06:38:00,2024-01-08 07:11:00,1.76,343,Delhi
8193,2024-01-25 08:44:00,2024-01-25 09:25:00,3.51,412,Hyderabad
8194,2024-01-03 04:52:00,2024-01-03 05:26:00,4.04,376,Chennai
8195,2024-01-06 21:28:00,2024-01-06 22:24:00,4.84,164,Hyderabad
8196,2024-01-22 20:45:00,2024-01-22 21:52:00,9.8,318,Chennai
8197,2024-01-13 20:47:00,2024-01-13 21:40:00,4.74,316,Delhi
8198,2024-01-08 19:28:00,2024-01-08 20:32:00,5.81,163,Chennai
8199,2024-01-21 03:16:00,2024-01-21 03:58:00,4.08,168,Bangalore
8200,2024-01-25 10:02:00,2024-01-25 10:37:00,7.17,134,Mumbai
8201,2024-01-26 13:21:00,2024-01-26 14:14:00,5.59,117,Delhi
8202,2024-01-08 17:32:00,2024-01-08 18:15:00,6.52,165,Chennai
8203,2024-01-02 07:28:00,2024-01-02 08:06:00,8.23,216,Bangalore
8204,2024-01-26 08:11:00,2024-01-26 08:40:00,3.54,405,Hyderabad
8205,2024-01-28 04:28:00,2024-01-28 05:00:00,1.92,456,Mumbai
8206,2024-01-15 20:33:00,2024-01-15 21:49:00,9.04,290,Mumbai
8207,2024-01-27 04:59:00,2024-01-27 05:39:00,7.36,176,Chennai
8208,2024-01-03 19:19:00,2024-01-03 20:15:00,7.9,495,Mumbai
8209,2024-01-15 05:44:00,2024-01-15 06:36:00,9.46,377,Delhi
8210,2024-01-18 19:10:00,2024-01-18 20:11:00,9.49,199,Bangalore
8211,2024-01-03 14:15:00,2024-01-03 15:01:00,1.05,401,Bangalore
8212,2024-01-27 22:28:00,2024-01-27 23:31:00,3.55,404,Mumbai
8213,2024-01-02 05:51:00,2024-01-02 06:24:00,4.6,275,Delhi
8214,2024-01-16 08:12:00,2024-01-16 08:58:00,7.21,392,Hyderabad
8215,2024-01-28 20:38:00,2024-01-28 21:39:00,8.81,215,Chennai
8216,2024-01-06 20:38:00,2024-01-06 21:38:00,2.38,244,Hyderabad
8217,2024-01-26 20:34:00,2024-01-26 21:35:00,9.31,498,Mumbai
8218,2024-01-01 03:35:00,2024-01-01 04:19:00,9.04,167,Hyderabad
8219,2024-01-20 08:22:00,2024-01-20 09:09:00,6.87,138,Mumbai
8220,2024-01-31 01:28:00,2024-01-31 02:00:00,5.02,437,Delhi
8221,2024-01-24 18:09:00,2024-01-24 18:47:00,5.03,287,Mumbai
8222,2024-01-24 03:53:00,2024-01-24 04:40:00,6.54,382,Mumbai
8223,2024-01-03 02:28:00,2024-01-03 02:57:00,4.81,150,Hyderabad
8224,2024-01-01 13:46:00,2024-01-01 14:38:00,1.69,291,Chennai
8225,2024-01-31 14:33:00,2024-01-31 15:24:00,8.63,345,Delhi
8226,2024-01-16 22:38:00,2024-01-16 23:25:00,2.33,259,Chennai
8227,2024-01-30 08:11:00,2024-01-30 08:53:00,7.16,427,Hyderabad
8228,2024-01-22 07:18:00,2024-01-22 07:49:00,2.22,485,Mumbai
8229,2024-01-12 06:09:00,2024-01-12 06:51:00,7.39,119,Hyderabad
8230,2024-01-10 17:04:00,2024-01-10 17:50:00,9.11,443,Mumbai
8231,2024-01-08 18:58:00,2024-01-08 19:45:00,8.58,177,Hyderabad
8232,2024-01-26 14:02:00,2024-01-26 14:57:00,4.08,180,Chennai
8233,2024-01-03 07:13:00,2024-01-03 07:53:00,8.91,487,Hyderabad
8234,2024-01-21 17:40:00,2024-01-21 18:15:00,2.38,142,Hyderabad
8235,2024-01-25 13:03:00,2024-01-25 14:07:00,9.37,269,Bangalore
8236,2024-01-19 04:18:00,2024-01-19 04:46:00,4.43,214,Chennai
8237,2024-01-13 03:15:00,2024-01-13 03:50:00,2.89,371,Bangalore
8238,2024-01-22 11:32:00,2024-01-22 12:17:00,6.93,387,Mumbai
8239,2024-01-26 09:42:00,2024-01-26 10:22:00,9.69,346,Hyderabad
8240,2024-01-01 10:00:00,2024-01-01 10:33:00,6.0,275,Hyderabad
8241,2024-01-24 11:19:00,2024-01-24 11:58:00,8.24,350,Mumbai
8242,2024-01-23 01:45:00,2024-01-23 02:25:00,7.54,420,Bangalore
8243,2024-01-27 13:15:00,2024-01-27 14:00:00,1.64,437,Hyderabad
8244,2024-01-03 18:47:00,2024-01-03 19:26:00,6.92,475,Chennai
8245,2024-01-18 23:53:00,2024-01-19 00:34:00,6.73,166,Delhi
8246,2024-01-17 01:13:00,2024-01-17 01:56:00,7.66,116,Bangalore
8247,2024-01-05 09:53:00,2024-01-05 10:30:00,4.76,313,Hyderabad
8248,2024-01-03 17:10:00,2024-01-03 17:58:00,9.16,197,Hyderabad
8249,2024-01-20 13:47:00,2024-01-20 14:33:00,2.76,338,Mumbai
8250,2024-01-25 20:20:00,2024-01-25 21:34:00,8.77,280,Chennai
8251,2024-01-13 22:28:00,2024-01-13 23:30:00,6.88,143,Delhi
8252,2024-01-07 05:41:00,2024-01-07 06:13:00,4.88,442,Bangalore
8253,2024-01-16 23:28:00,2024-01-17 00:09:00,8.3,178,Mumbai
8254,2024-01-09 08:00:00,2024-01-09 08:34:00,1.29,336,Chennai
8255,2024-01-17 19:26:00,2024-01-17 20:39:00,7.69,136,Bangalore
8256,2024-01-04 15:16:00,2024-01-04 15:59:00,7.56,147,Bangalore
8257,2024-01-30 07:57:00,2024-01-30 08:34:00,3.85,197,Delhi
8258,2024-01-14 13:00:00,2024-01-14 13:36:00,2.87,476,Bangalore
8259,2024-01-14 06:14:00,2024-01-14 06:56:00,5.8,162,Hyderabad
8260,2024-01-21 01:42:00,2024-01-21 02:33:00,8.5,195,Delhi
8261,2024-01-06 03:17:00,2024-01-06 03:53:00,6.47,243,Mumbai
8262,2024-01-30 09:24:00,2024-01-30 10:14:00,8.65,319,Delhi
8263,2024-01-27 04:40:00,2024-01-27 05:16:00,2.5,272,Delhi
8264,2024-01-22 00:17:00,2024-01-22 00:53:00,5.2,169,Chennai
8265,2024-01-08 14:56:00,2024-01-08 15:54:00,9.77,313,Mumbai
8266,2024-01-08 22:32:00,2024-01-08 23:32:00,8.29,285,Delhi
8267,2024-01-02 12:38:00,2024-01-02 13:22:00,5.91,167,Hyderabad
8268,2024-01-28 18:39:00,2024-01-28 19:12:00,4.45,258,Hyderabad
8269,2024-01-21 22:25:00,2024-01-21 23:12:00,2.94,423,Delhi
8270,2024-01-04 23:44:00,2024-01-05 00:11:00,3.7,118,Delhi
8271,2024-01-26 12:49:00,2024-01-26 13:31:00,2.98,306,Delhi
8272,2024-01-04 08:14:00,2024-01-04 08:52:00,3.12,413,Hyderabad
8273,2024-01-09 00:09:00,2024-01-09 00:54:00,8.83,115,Bangalore
8274,2024-01-24 22:31:00,2024-01-24 23:30:00,6.86,286,Bangalore
8275,2024-01-01 11:30:00,2024-01-01 11:53:00,1.33,310,Chennai
8276,2024-01-22 06:51:00,2024-01-22 07:30:00,8.96,220,Delhi
8277,2024-01-12 01:47:00,2024-01-12 02:33:00,6.77,277,Hyderabad
8278,2024-01-13 21:57:00,2024-01-13 23:09:00,8.39,243,Hyderabad
8279,2024-01-26 08:44:00,2024-01-26 09:18:00,7.41,415,Bangalore
8280,2024-01-21 16:18:00,2024-01-21 16:45:00,3.93,166,Bangalore
8281,2024-01-11 23:06:00,2024-01-11 23:43:00,5.89,327,Mumbai
8282,2024-01-27 17:23:00,2024-01-27 18:00:00,5.8,481,Delhi
8283,2024-01-13 18:40:00,2024-01-13 19:19:00,8.84,286,Mumbai
8284,2024-01-02 10:47:00,2024-01-02 11:28:00,9.64,165,Bangalore
8285,2024-01-08 20:57:00,2024-01-08 22:04:00,5.52,317,Hyderabad
8286,2024-01-18 07:20:00,2024-01-18 08:13:00,9.85,103,Bangalore
8287,2024-01-22 23:58:00,2024-01-23 00:31:00,5.98,116,Delhi
8288,2024-01-08 18:32:00,2024-01-08 19:07:00,5.16,488,Delhi
8289,2024-01-27 19:18:00,2024-01-27 20:18:00,4.04,112,Delhi
8290,2024-01-31 01:04:00,2024-01-31 01:41:00,3.23,221,Mumbai
8291,2024-01-06 20:22:00,2024-01-06 21:20:00,8.58,263,Hyderabad
8292,2024-01-18 17:09:00,2024-01-18 17:47:00,5.57,283,Delhi
8293,2024-01-23 13:11:00,2024-01-23 13:59:00,7.18,310,Bangalore
8294,2024-01-10 20:16:00,2024-01-10 21:15:00,9.54,307,Mumbai
8295,2024-01-08 23:08:00,2024-01-08 23:50:00,5.64,389,Mumbai
8296,2024-01-20 18:19:00,2024-01-20 18:48:00,3.05,484,Mumbai
8297,2024-01-04 04:19:00,2024-01-04 04:44:00,2.31,338,Delhi
8298,2024-01-27 18:17:00,2024-01-27 18:50:00,4.41,346,Delhi
8299,2024-01-22 15:06:00,2024-01-22 15:42:00,7.25,364,Delhi
8300,2024-01-05 16:37:00,2024-01-05 17:13:00,7.33,331,Hyderabad
8301,2024-01-02 04:53:00,2024-01-02 05:33:00,7.06,188,Chennai
8302,2024-01-12 17:13:00,2024-01-12 17:58:00,8.39,194,Hyderabad
8303,2024-01-15 03:35:00,2024-01-15 04:15:00,4.98,233,Delhi
8304,2024-01-24 11:28:00,2024-01-24 12:00:00,2.78,499,Chennai
8305,2024-01-10 23:18:00,2024-01-10 23:48:00,5.46,389,Delhi
8306,2024-01-13 17:16:00,2024-01-13 17:48:00,5.09,139,Bangalore
8307,2024-01-19 20:47:00,2024-01-19 21:56:00,6.93,325,Hyderabad
8308,2024-01-08 04:51:00,2024-01-08 05:17:00,1.91,475,Chennai
8309,2024-01-26 22:17:00,2024-01-26 23:19:00,6.14,207,Hyderabad
8310,2024-01-17 09:55:00,2024-01-17 10:39:00,9.82,314,Chennai
8311,2024-01-24 18:10:00,2024-01-24 18:39:00,4.57,490,Bangalore
8312,2024-01-31 16:53:00,2024-01-31 17:35:00,6.0,198,Hyderabad
8313,2024-01-17 04:46:00,2024-01-17 05:29:00,8.71,419,Delhi
8314,2024-01-22 13:48:00,2024-01-22 14:47:00,6.72,216,Hyderabad
8315,2024-01-30 19:30:00,2024-01-30 20:28:00,7.31,132,Delhi
8316,2024-01-31 21:10:00,2024-01-31 22:24:00,7.53,439,Hyderabad
8317,2024-01-23 02:02:00,2024-01-23 02:41:00,5.69,216,Hyderabad
8318,2024-01-03 15:40:00,2024-01-03 16:22:00,7.7,276,Mumbai
8319,2024-01-01 21:08:00,2024-01-01 22:23:00,9.75,163,Chennai
8320,2024-01-22 03:47:00,2024-01-22 04:25:00,4.07,232,Chennai
8321,2024-01-26 01:09:00,2024-01-26 02:00:00,8.71,418,Mumbai
8322,2024-01-14 18:29:00,2024-01-14 19:09:00,4.88,271,Chennai
8323,2024-01-08 13:00:00,2024-01-08 13:43:00,2.16,421,Mumbai
8324,2024-01-15 16:20:00,2024-01-15 17:06:00,9.31,209,Bangalore
8325,2024-01-25 08:39:00,2024-01-25 09:23:00,5.94,347,Chennai
8326,2024-01-05 08:29:00,2024-01-05 08:56:00,2.14,280,Hyderabad
8327,2024-01-12 14:10:00,2024-01-12 14:54:00,7.1,178,Delhi
8328,2024-01-20 23:25:00,2024-01-21 00:07:00,7.25,447,Delhi
8329,2024-01-04 10:04:00,2024-01-04 10:32:00,3.86,207,Mumbai
8330,2024-01-31 01:45:00,2024-01-31 02:22:00,3.32,364,Hyderabad
8331,2024-01-14 18:17:00,2024-01-14 18:59:00,6.92,429,Chennai
8332,2024-01-02 03:37:00,2024-01-02 04:13:00,7.43,406,Mumbai
8333,2024-01-29 04:19:00,2024-01-29 04:47:00,3.32,323,Chennai
8334,2024-01-14 18:21:00,2024-01-14 19:00:00,7.24,440,Delhi
8335,2024-01-27 19:24:00,2024-01-27 20:16:00,6.19,452,Delhi
8336,2024-01-18 07:23:00,2024-01-18 08:06:00,7.7,178,Hyderabad
8337,2024-01-16 14:39:00,2024-01-16 15:22:00,5.28,410,Delhi
8338,2024-01-28 03:23:00,2024-01-28 03:57:00,3.84,196,Delhi
8339,2024-01-15 18:35:00,2024-01-15 19:05:00,5.0,224,Delhi
8340,2024-01-05 12:01:00,2024-01-05 13:06:00,9.51,404,Hyderabad
8341,2024-01-26 22:07:00,2024-01-26 23:11:00,8.15,390,Chennai
8342,2024-01-10 09:39:00,2024-01-10 10:05:00,1.84,164,Mumbai
8343,2024-01-04 12:33:00,2024-01-04 13:32:00,7.69,266,Mumbai
8344,2024-01-28 11:17:00,2024-01-28 11:59:00,4.52,477,Mumbai
8345,2024-01-17 19:34:00,2024-01-17 20:50:00,8.89,231,Chennai
8346,2024-01-18 13:39:00,2024-01-18 14:33:00,7.18,447,Hyderabad
8347,2024-01-28 18:47:00,2024-01-28 19:36:00,9.2,132,Chennai
8348,2024-01-29 21:41:00,2024-01-29 22:57:00,9.76,258,Bangalore
8349,2024-01-04 14:41:00,2024-01-04 15:33:00,7.49,262,Bangalore
8350,2024-01-19 06:32:00,2024-01-19 07:16:00,8.56,468,Chennai
8351,2024-01-16 06:37:00,2024-01-16 07:09:00,1.42,405,Delhi
8352,2024-01-11 12:07:00,2024-01-11 12:58:00,8.63,332,Delhi
8353,2024-01-04 03:06:00,2024-01-04 03:56:00,9.79,334,Mumbai
8354,2024-01-31 20:19:00,2024-01-31 21:11:00,2.94,475,Delhi
8355,2024-01-09 01:46:00,2024-01-09 02:27:00,3.91,263,Mumbai
8356,2024-01-13 01:26:00,2024-01-13 01:50:00,1.86,491,Bangalore
8357,2024-01-02 22:47:00,2024-01-02 23:47:00,7.11,197,Bangalore
8358,2024-01-25 20:49:00,2024-01-25 21:49:00,8.51,138,Chennai
8359,2024-01-20 01:24:00,2024-01-20 01:49:00,1.72,166,Bangalore
8360,2024-01-07 20:16:00,2024-01-07 21:08:00,3.94,393,Delhi
8361,2024-01-19 19:26:00,2024-01-19 20:26:00,1.24,472,Bangalore
8362,2024-01-01 00:30:00,2024-01-01 01:16:00,9.8,321,Delhi
8363,2024-01-19 10:53:00,2024-01-19 11:22:00,3.93,198,Hyderabad
8364,2024-01-30 22:44:00,2024-01-30 23:47:00,4.08,397,Bangalore
8365,2024-01-24 06:33:00,2024-01-24 07:08:00,1.42,448,Hyderabad
8366,2024-01-30 02:46:00,2024-01-30 03:28:00,7.71,327,Chennai
8367,2024-01-02 22:05:00,2024-01-02 22:52:00,1.97,204,Mumbai
8368,2024-01-02 00:14:00,2024-01-02 00:49:00,2.95,256,Mumbai
8369,2024-01-01 23:25:00,2024-01-02 00:11:00,9.93,373,Mumbai
8370,2024-01-23 09:27:00,2024-01-23 09:51:00,1.26,157,Delhi
8371,2024-01-14 07:01:00,2024-01-14 07:50:00,7.79,404,Bangalore
8372,2024-01-22 18:33:00,2024-01-22 19:14:00,6.98,133,Hyderabad
8373,2024-01-02 02:33:00,2024-01-02 03:09:00,8.01,152,Mumbai
8374,2024-01-30 18:46:00,2024-01-30 19:20:00,2.87,136,Mumbai
8375,2024-01-12 13:57:00,2024-01-12 14:59:00,9.9,190,Mumbai
8376,2024-01-17 16:34:00,2024-01-17 17:00:00,3.4,411,Chennai
8377,2024-01-17 12:58:00,2024-01-17 13:53:00,9.16,149,Hyderabad
8378,2024-01-14 22:06:00,2024-01-14 22:57:00,2.85,433,Delhi
8379,2024-01-07 13:16:00,2024-01-07 14:14:00,7.66,246,Hyderabad
8380,2024-01-08 09:19:00,2024-01-08 09:55:00,2.66,323,Bangalore
8381,2024-01-31 07:23:00,2024-01-31 07:54:00,4.02,432,Mumbai
8382,2024-01-16 23:42:00,2024-01-17 00:23:00,8.39,289,Bangalore
8383,2024-01-23 20:05:00,2024-01-23 20:51:00,2.29,202,Hyderabad
8384,2024-01-03 07:35:00,2024-01-03 08:22:00,9.33,243,Bangalore
8385,2024-01-07 19:26:00,2024-01-07 20:19:00,1.41,242,Chennai
8386,2024-01-31 22:55:00,2024-01-31 23:53:00,5.3,121,Chennai
8387,2024-01-14 00:19:00,2024-01-14 01:05:00,6.71,212,Hyderabad
8388,2024-01-23 11:33:00,2024-01-23 12:14:00,8.45,144,Delhi
8389,2024-01-04 07:22:00,2024-01-04 08:06:00,9.28,129,Mumbai
8390,2024-01-04 03:35:00,2024-01-04 04:04:00,1.34,166,Chennai
8391,2024-01-31 07:11:00,2024-01-31 07:48:00,8.73,213,Chennai
8392,2024-01-29 04:49:00,2024-01-29 05:22:00,1.02,199,Mumbai
8393,2024-01-17 04:00:00,2024-01-17 04:44:00,8.24,291,Chennai
8394,2024-01-23 12:19:00,2024-01-23 13:08:00,4.51,202,Hyderabad
8395,2024-01-07 10:20:00,2024-01-07 10:46:00,1.16,124,Mumbai
8396,2024-01-13 20:55:00,2024-01-13 21:45:00,5.3,422,Bangalore
8397,2024-01-26 15:37:00,2024-01-26 16:20:00,4.96,317,Mumbai
8398,2024-01-16 06:42:00,2024-01-16 07:16:00,6.43,291,Bangalore
8399,2024-01-02 10:29:00,2024-01-02 11:02:00,6.24,200,Delhi
8400,2024-01-22 00:53:00,2024-01-22 01:23:00,5.45,373,Delhi
8401,2024-01-27 18:16:00,2024-01-27 18:52:00,5.97,388,Bangalore
8402,2024-01-31 17:50:00,2024-01-31 18:19:00,3.66,163,Hyderabad
8403,2024-01-13 08:14:00,2024-01-13 08:51:00,6.92,135,Bangalore
8404,2024-01-21 17:51:00,2024-01-21 18:42:00,9.95,321,Bangalore
8405,2024-01-15 12:39:00,2024-01-15 13:18:00,2.47,269,Chennai
8406,2024-01-21 07:58:00,2024-01-21 08:40:00,9.44,179,Bangalore
8407,2024-01-22 22:37:00,2024-01-22 23:51:00,8.43,346,Bangalore
8408,2024-01-06 12:27:00,2024-01-06 13:23:00,6.12,465,Chennai
8409,2024-01-28 05:29:00,2024-01-28 06:07:00,7.58,481,Bangalore
8410,2024-01-27 03:53:00,2024-01-27 04:29:00,1.55,261,Bangalore
8411,2024-01-04 03:02:00,2024-01-04 03:42:00,7.53,121,Delhi
8412,2024-01-13 23:07:00,2024-01-13 23:51:00,7.11,469,Bangalore
8413,2024-01-06 13:25:00,2024-01-06 14:22:00,5.3,233,Chennai
8414,2024-01-24 00:05:00,2024-01-24 00:35:00,1.37,212,Chennai
8415,2024-01-09 18:11:00,2024-01-09 18:48:00,2.42,141,Chennai
8416,2024-01-14 09:06:00,2024-01-14 09:36:00,1.47,233,Chennai
8417,2024-01-08 16:29:00,2024-01-08 17:02:00,4.18,299,Delhi
8418,2024-01-14 03:53:00,2024-01-14 04:33:00,6.23,476,Mumbai
8419,2024-01-14 11:39:00,2024-01-14 12:21:00,4.38,352,Bangalore
8420,2024-01-16 02:26:00,2024-01-16 03:13:00,8.18,364,Delhi
8421,2024-01-14 15:57:00,2024-01-14 16:43:00,8.93,398,Bangalore
8422,2024-01-31 12:16:00,2024-01-31 13:18:00,7.27,192,Mumbai
8423,2024-01-04 21:13:00,2024-01-04 22:13:00,2.95,283,Bangalore
8424,2024-01-27 04:06:00,2024-01-27 04:42:00,5.21,413,Mumbai
8425,2024-01-14 06:36:00,2024-01-14 07:01:00,2.06,169,Mumbai
8426,2024-01-11 10:00:00,2024-01-11 10:36:00,6.1,460,Mumbai
8427,2024-01-19 23:18:00,2024-01-20 00:10:00,9.6,245,Mumbai
8428,2024-01-07 05:44:00,2024-01-07 06:22:00,2.62,466,Chennai
8429,2024-01-26 01:36:00,2024-01-26 02:24:00,8.77,334,Hyderabad
8430,2024-01-27 19:29:00,2024-01-27 20:25:00,7.93,192,Mumbai
8431,2024-01-09 12:17:00,2024-01-09 13:02:00,6.71,451,Delhi
8432,2024-01-09 23:23:00,2024-01-09 23:55:00,5.28,286,Mumbai
8433,2024-01-03 23:46:00,2024-01-04 00:21:00,5.34,429,Chennai
8434,2024-01-22 07:49:00,2024-01-22 08:29:00,6.97,250,Chennai
8435,2024-01-20 06:41:00,2024-01-20 07:17:00,5.28,384,Delhi
8436,2024-01-28 02:33:00,2024-01-28 03:13:00,5.59,476,Delhi
8437,2024-01-12 09:38:00,2024-01-12 10:17:00,8.5,239,Mumbai
8438,2024-01-22 07:06:00,2024-01-22 07:46:00,4.31,342,Chennai
8439,2024-01-09 10:53:00,2024-01-09 11:40:00,6.83,467,Hyderabad
8440,2024-01-04 20:00:00,2024-01-04 20:56:00,6.71,418,Chennai
8441,2024-01-08 23:33:00,2024-01-09 00:17:00,8.62,253,Mumbai
8442,2024-01-14 21:15:00,2024-01-14 22:01:00,1.04,298,Hyderabad
8443,2024-01-18 08:24:00,2024-01-18 08:56:00,3.55,158,Hyderabad
8444,2024-01-25 21:41:00,2024-01-25 22:40:00,4.71,324,Bangalore
8445,2024-01-03 23:56:00,2024-01-04 00:31:00,5.82,266,Hyderabad
8446,2024-01-04 22:20:00,2024-01-04 23:29:00,7.44,103,Delhi
8447,2024-01-04 03:50:00,2024-01-04 04:34:00,9.31,393,Chennai
8448,2024-01-19 04:24:00,2024-01-19 04:49:00,1.09,115,Mumbai
8449,2024-01-13 20:50:00,2024-01-13 21:51:00,7.33,241,Chennai
8450,2024-01-30 02:12:00,2024-01-30 02:51:00,5.39,172,Chennai
8451,2024-01-29 11:30:00,2024-01-29 12:13:00,7.07,169,Hyderabad
8452,2024-01-06 15:10:00,2024-01-06 15:40:00,4.81,408,Mumbai
8453,2024-01-14 00:13:00,2024-01-14 00:50:00,2.61,491,Hyderabad
8454,2024-01-17 20:59:00,2024-01-17 22:00:00,5.9,343,Hyderabad
8455,2024-01-24 16:24:00,2024-01-24 16:59:00,5.98,462,Delhi
8456,2024-01-03 03:51:00,2024-01-03 04:26:00,5.38,269,Hyderabad
8457,2024-01-16 12:44:00,2024-01-16 13:42:00,8.83,202,Chennai
8458,2024-01-27 11:01:00,2024-01-27 11:40:00,6.55,497,Bangalore
8459,2024-01-22 14:08:00,2024-01-22 15:00:00,3.52,209,Hyderabad
8460,2024-01-08 20:02:00,2024-01-08 20:53:00,2.62,173,Mumbai
8461,2024-01-12 07:14:00,2024-01-12 07:59:00,9.35,377,Chennai
8462,2024-01-16 21:44:00,2024-01-16 23:02:00,9.95,297,Bangalore
8463,2024-01-28 09:05:00,2024-01-28 09:45:00,8.55,412,Bangalore
8464,2024-01-07 18:58:00,2024-01-07 19:32:00,3.59,434,Chennai
8465,2024-01-16 15:14:00,2024-01-16 15:50:00,6.88,397,Hyderabad
8466,2024-01-29 20:59:00,2024-01-29 21:59:00,3.8,415,Delhi
8467,2024-01-10 08:38:00,2024-01-10 09:29:00,9.89,429,Delhi
8468,2024-01-26 23:50:00,2024-01-27 00:14:00,1.58,353,Hyderabad
8469,2024-01-09 12:34:00,2024-01-09 13:21:00,1.89,380,Delhi
8470,2024-01-29 00:57:00,2024-01-29 01:37:00,3.31,367,Mumbai
8471,2024-01-12 12:42:00,2024-01-12 13:31:00,2.3,400,Mumbai
8472,2024-01-11 15:17:00,2024-01-11 15:47:00,4.81,148,Hyderabad
8473,2024-01-02 16:16:00,2024-01-02 16:56:00,6.89,280,Mumbai
8474,2024-01-09 07:01:00,2024-01-09 07:33:00,1.63,170,Chennai
8475,2024-01-05 06:20:00,2024-01-05 07:07:00,7.99,399,Chennai
8476,2024-01-02 07:37:00,2024-01-02 08:04:00,3.69,490,Delhi
8477,2024-01-29 00:13:00,2024-01-29 00:47:00,5.38,370,Mumbai
8478,2024-01-24 05:12:00,2024-01-24 05:53:00,4.27,408,Delhi
8479,2024-01-10 23:48:00,2024-01-11 00:27:00,3.35,415,Mumbai
8480,2024-01-09 05:54:00,2024-01-09 06:23:00,3.74,335,Bangalore
8481,2024-01-31 06:51:00,2024-01-31 07:24:00,5.19,451,Delhi
8482,2024-01-31 16:48:00,2024-01-31 17:26:00,7.39,270,Mumbai
8483,2024-01-23 04:40:00,2024-01-23 05:12:00,4.65,417,Delhi
8484,2024-01-19 03:07:00,2024-01-19 03:45:00,3.56,485,Chennai
8485,2024-01-28 01:18:00,2024-01-28 01:52:00,6.81,341,Chennai
8486,2024-01-04 12:50:00,2024-01-04 13:42:00,9.03,267,Chennai
8487,2024-01-04 05:31:00,2024-01-04 06:07:00,6.35,466,Chennai
8488,2024-01-08 22:02:00,2024-01-08 23:14:00,7.1,369,Mumbai
8489,2024-01-25 10:30:00,2024-01-25 10:59:00,1.55,112,Chennai
8490,2024-01-07 02:22:00,2024-01-07 02:58:00,6.43,231,Delhi
8491,2024-01-22 01:24:00,2024-01-22 02:07:00,9.73,348,Mumbai
8492,2024-01-12 14:45:00,2024-01-12 15:21:00,2.54,488,Hyderabad
8493,2024-01-02 12:29:00,2024-01-02 13:20:00,8.75,445,Bangalore
8494,2024-01-18 07:02:00,2024-01-18 07:30:00,4.13,197,Hyderabad
8495,2024-01-06 21:42:00,2024-01-06 22:50:00,5.85,328,Delhi
8496,2024-01-25 12:24:00,2024-01-25 13:27:00,9.53,392,Bangalore
8497,2024-01-18 17:08:00,2024-01-18 17:48:00,8.88,403,Delhi
8498,2024-01-12 04:07:00,2024-01-12 04:43:00,5.07,341,Bangalore
8499,2024-01-26 02:17:00,2024-01-26 02:58:00,8.32,400,Mumbai
8500,2024-01-25 08:43:00,2024-01-25 09:20:00,2.98,185,Bangalore
8501,2024-01-07 17:10:00,2024-01-07 17:55:00,8.48,102,Bangalore
8502,2024-01-21 08:15:00,2024-01-21 08:52:00,5.55,116,Mumbai
8503,2024-01-10 15:24:00,2024-01-10 16:02:00,6.55,454,Delhi
8504,2024-01-18 19:24:00,2024-01-18 20:13:00,2.87,488,Bangalore
8505,2024-01-23 06:09:00,2024-01-23 06:58:00,7.52,430,Hyderabad
8506,2024-01-14 17:41:00,2024-01-14 18:22:00,5.84,274,Chennai
8507,2024-01-20 07:10:00,2024-01-20 07:48:00,2.18,310,Hyderabad
8508,2024-01-01 08:58:00,2024-01-01 09:27:00,2.47,237,Bangalore
8509,2024-01-08 01:55:00,2024-01-08 02:45:00,8.97,187,Delhi
8510,2024-01-01 09:22:00,2024-01-01 10:05:00,6.77,139,Bangalore
8511,2024-01-11 18:39:00,2024-01-11 19:27:00,8.42,416,Hyderabad
8512,2024-01-22 05:18:00,2024-01-22 05:50:00,3.3,393,Chennai
8513,2024-01-22 22:19:00,2024-01-22 23:20:00,1.23,382,Hyderabad
8514,2024-01-03 15:40:00,2024-01-03 16:28:00,8.12,290,Delhi
8515,2024-01-14 09:11:00,2024-01-14 09:46:00,5.79,194,Bangalore
8516,2024-01-09 23:24:00,2024-01-09 23:57:00,5.34,298,Hyderabad
8517,2024-01-27 11:29:00,2024-01-27 12:04:00,1.02,474,Hyderabad
8518,2024-01-26 15:29:00,2024-01-26 16:07:00,8.79,406,Delhi
8519,2024-01-09 13:07:00,2024-01-09 13:55:00,2.99,207,Mumbai
8520,2024-01-19 05:50:00,2024-01-19 06:27:00,3.65,133,Hyderabad
8521,2024-01-31 05:35:00,2024-01-31 06:03:00,1.51,189,Hyderabad
8522,2024-01-01 22:48:00,2024-01-01 23:45:00,5.01,486,Mumbai
8523,2024-01-12 19:34:00,2024-01-12 20:29:00,3.47,264,Hyderabad
8524,2024-01-06 02:14:00,2024-01-06 02:45:00,3.77,257,Mumbai
8525,2024-01-21 19:51:00,2024-01-21 20:46:00,7.17,223,Chennai
8526,2024-01-11 22:54:00,2024-01-11 23:48:00,5.03,430,Mumbai
8527,2024-01-21 22:10:00,2024-01-21 23:22:00,7.04,421,Mumbai
8528,2024-01-20 05:32:00,2024-01-20 06:00:00,2.59,323,Delhi
8529,2024-01-04 00:13:00,2024-01-04 00:52:00,7.01,283,Chennai
8530,2024-01-23 08:24:00,2024-01-23 09:06:00,4.2,263,Delhi
8531,2024-01-23 01:23:00,2024-01-23 02:03:00,4.37,134,Delhi
8532,2024-01-04 01:41:00,2024-01-04 02:08:00,2.46,267,Chennai
8533,2024-01-14 00:02:00,2024-01-14 00:26:00,2.25,151,Hyderabad
8534,2024-01-17 13:15:00,2024-01-17 14:09:00,5.18,270,Bangalore
8535,2024-01-28 08:29:00,2024-01-28 08:58:00,2.85,121,Delhi
8536,2024-01-17 16:45:00,2024-01-17 17:19:00,5.99,339,Bangalore
8537,2024-01-21 02:08:00,2024-01-21 02:57:00,9.42,260,Bangalore
8538,2024-01-19 08:22:00,2024-01-19 08:52:00,3.47,410,Hyderabad
8539,2024-01-05 16:38:00,2024-01-05 17:11:00,3.76,257,Hyderabad
8540,2024-01-26 06:44:00,2024-01-26 07:20:00,5.57,486,Bangalore
8541,2024-01-09 17:30:00,2024-01-09 18:08:00,4.53,442,Chennai
8542,2024-01-07 21:14:00,2024-01-07 22:26:00,9.96,445,Chennai
8543,2024-01-29 00:48:00,2024-01-29 01:29:00,4.84,497,Delhi
8544,2024-01-11 09:37:00,2024-01-11 10:18:00,7.79,305,Bangalore
8545,2024-01-20 17:37:00,2024-01-20 18:21:00,9.41,456,Bangalore
8546,2024-01-30 22:30:00,2024-01-30 23:33:00,5.94,126,Mumbai
8547,2024-01-21 20:26:00,2024-01-21 21:35:00,5.17,410,Hyderabad
8548,2024-01-05 13:03:00,2024-01-05 14:05:00,6.78,478,Hyderabad
8549,2024-01-12 07:42:00,2024-01-12 08:22:00,4.56,416,Bangalore
8550,2024-01-15 07:40:00,2024-01-15 08:09:00,4.54,260,Bangalore
8551,2024-01-15 23:57:00,2024-01-16 00:31:00,4.85,341,Chennai
8552,2024-01-16 18:40:00,2024-01-16 19:15:00,4.28,428,Mumbai
8553,2024-01-21 02:49:00,2024-01-21 03:31:00,9.36,325,Delhi
8554,2024-01-30 12:26:00,2024-01-30 13:15:00,4.49,450,Chennai
8555,2024-01-26 22:37:00,2024-01-26 23:51:00,7.59,152,Delhi
8556,2024-01-02 16:55:00,2024-01-02 17:34:00,4.63,221,Hyderabad
8557,2024-01-30 03:36:00,2024-01-30 04:22:00,6.83,243,Bangalore
8558,2024-01-29 05:18:00,2024-01-29 06:06:00,9.16,203,Bangalore
8559,2024-01-12 22:30:00,2024-01-12 23:45:00,8.74,249,Chennai
8560,2024-01-16 01:27:00,2024-01-16 02:16:00,8.84,145,Mumbai
8561,2024-01-11 17:00:00,2024-01-11 17:40:00,3.6,195,Hyderabad
8562,2024-01-08 19:36:00,2024-01-08 20:22:00,1.5,279,Hyderabad
8563,2024-01-30 19:51:00,2024-01-30 20:42:00,4.85,184,Bangalore
8564,2024-01-17 11:11:00,2024-01-17 11:52:00,5.52,321,Mumbai
8565,2024-01-25 04:24:00,2024-01-25 05:10:00,9.38,266,Bangalore
8566,2024-01-02 12:27:00,2024-01-02 13:11:00,2.3,227,Mumbai
8567,2024-01-23 19:19:00,2024-01-23 20:16:00,8.24,307,Hyderabad
8568,2024-01-01 20:50:00,2024-01-01 21:46:00,6.13,259,Mumbai
8569,2024-01-02 10:12:00,2024-01-02 10:44:00,3.07,100,Delhi
8570,2024-01-25 21:08:00,2024-01-25 22:20:00,7.62,404,Chennai
8571,2024-01-15 08:22:00,2024-01-15 09:07:00,6.13,333,Hyderabad
8572,2024-01-30 08:42:00,2024-01-30 09:17:00,6.75,137,Delhi
8573,2024-01-13 14:02:00,2024-01-13 14:52:00,3.54,162,Chennai
8574,2024-01-27 11:48:00,2024-01-27 12:23:00,5.46,343,Mumbai
8575,2024-01-11 02:24:00,2024-01-11 02:55:00,2.3,160,Hyderabad
8576,2024-01-10 01:23:00,2024-01-10 01:56:00,6.23,110,Hyderabad
8577,2024-01-20 01:31:00,2024-01-20 02:07:00,3.58,204,Chennai
8578,2024-01-06 17:11:00,2024-01-06 17:54:00,4.97,487,Mumbai
8579,2024-01-27 11:16:00,2024-01-27 11:52:00,3.59,301,Bangalore
8580,2024-01-18 19:53:00,2024-01-18 21:02:00,6.63,263,Bangalore
8581,2024-01-16 05:40:00,2024-01-16 06:17:00,6.78,448,Mumbai
8582,2024-01-02 01:20:00,2024-01-02 01:57:00,8.53,401,Delhi
8583,2024-01-10 17:32:00,2024-01-10 18:15:00,4.7,317,Chennai
8584,2024-01-22 16:50:00,2024-01-22 17:31:00,8.53,380,Delhi
8585,2024-01-01 15:16:00,2024-01-01 16:07:00,9.3,126,Mumbai
8586,2024-01-10 09:52:00,2024-01-10 10:19:00,3.0,460,Bangalore
8587,2024-01-16 11:56:00,2024-01-16 12:40:00,5.93,474,Hyderabad
8588,2024-01-09 10:54:00,2024-01-09 11:30:00,6.02,424,Mumbai
8589,2024-01-11 11:39:00,2024-01-11 12:02:00,1.83,464,Bangalore
8590,2024-01-27 14:32:00,2024-01-27 15:27:00,6.64,156,Bangalore
8591,2024-01-27 05:47:00,2024-01-27 06:31:00,6.52,397,Hyderabad
8592,2024-01-09 16:29:00,2024-01-09 17:00:00,3.83,113,Mumbai
8593,2024-01-16 15:02:00,2024-01-16 15:49:00,9.01,172,Bangalore
8594,2024-01-09 09:46:00,2024-01-09 10:34:00,7.11,400,Bangalore
8595,2024-01-09 07:14:00,2024-01-09 07:55:00,9.47,172,Hyderabad
8596,2024-01-12 07:00:00,2024-01-12 07:41:00,4.69,127,Hyderabad
8597,2024-01-24 00:40:00,2024-01-24 01:07:00,2.21,462,Delhi
8598,2024-01-08 13:50:00,2024-01-08 14:42:00,7.68,479,Chennai
8599,2024-01-30 20:51:00,2024-01-30 22:03:00,7.03,360,Mumbai
8600,2024-01-10 03:29:00,2024-01-10 04:09:00,4.66,449,Delhi
8601,2024-01-17 13:23:00,2024-01-17 14:12:00,5.37,424,Delhi
8602,2024-01-13 10:59:00,2024-01-13 11:36:00,1.78,413,Chennai
8603,2024-01-05 03:12:00,2024-01-05 03:36:00,1.82,188,Delhi
8604,2024-01-07 08:00:00,2024-01-07 08:40:00,5.36,346,Hyderabad
8605,2024-01-04 00:09:00,2024-01-04 01:00:00,8.98,302,Delhi
8606,2024-01-15 19:35:00,2024-01-15 20:40:00,8.4,379,Delhi
8607,2024-01-10 12:48:00,2024-01-10 13:46:00,8.87,206,Bangalore
8608,2024-01-09 05:22:00,2024-01-09 05:46:00,2.39,356,Mumbai
8609,2024-01-29 12:33:00,2024-01-29 13:31:00,9.38,268,Mumbai
8610,2024-01-19 19:47:00,2024-01-19 20:58:00,7.69,477,Chennai
8611,2024-01-12 17:11:00,2024-01-12 17:45:00,4.79,134,Mumbai
8612,2024-01-18 08:54:00,2024-01-18 09:35:00,5.57,418,Mumbai
8613,2024-01-30 06:31:00,2024-01-30 07:11:00,7.8,426,Hyderabad
8614,2024-01-11 18:13:00,2024-01-11 18:41:00,2.46,476,Delhi
8615,2024-01-03 21:46:00,2024-01-03 22:53:00,9.26,308,Mumbai
8616,2024-01-26 12:15:00,2024-01-26 13:07:00,9.55,338,Mumbai
8617,2024-01-16 04:41:00,2024-01-16 05:25:00,7.93,140,Hyderabad
8618,2024-01-27 22:37:00,2024-01-27 23:33:00,8.31,100,Chennai
8619,2024-01-31 05:20:00,2024-01-31 06:06:00,8.07,419,Mumbai
8620,2024-01-11 07:25:00,2024-01-11 08:04:00,4.79,250,Delhi
8621,2024-01-23 16:39:00,2024-01-23 17:04:00,2.57,181,Hyderabad
8622,2024-01-27 20:34:00,2024-01-27 21:49:00,8.07,292,Hyderabad
8623,2024-01-29 19:50:00,2024-01-29 21:03:00,7.17,470,Chennai
8624,2024-01-18 06:46:00,2024-01-18 07:21:00,1.78,106,Mumbai
8625,2024-01-30 14:18:00,2024-01-30 14:53:00,1.84,241,Delhi
8626,2024-01-22 13:07:00,2024-01-22 13:59:00,4.88,384,Hyderabad
8627,2024-01-26 13:08:00,2024-01-26 14:09:00,9.05,455,Bangalore
8628,2024-01-12 22:10:00,2024-01-12 23:09:00,2.87,453,Delhi
8629,2024-01-29 03:13:00,2024-01-29 03:55:00,9.02,106,Bangalore
8630,2024-01-11 10:41:00,2024-01-11 11:20:00,5.35,210,Chennai
8631,2024-01-06 22:20:00,2024-01-06 23:10:00,1.46,154,Delhi
8632,2024-01-24 02:16:00,2024-01-24 02:50:00,1.89,190,Hyderabad
8633,2024-01-28 23:16:00,2024-01-29 00:01:00,6.75,318,Hyderabad
8634,2024-01-22 17:11:00,2024-01-22 17:49:00,5.15,354,Delhi
8635,2024-01-09 13:11:00,2024-01-09 14:08:00,7.63,431,Hyderabad
8636,2024-01-24 08:17:00,2024-01-24 08:54:00,8.59,316,Hyderabad
8637,2024-01-12 22:29:00,2024-01-12 23:39:00,6.16,325,Hyderabad
8638,2024-01-10 10:25:00,2024-01-10 11:03:00,3.51,417,Bangalore
8639,2024-01-04 18:14:00,2024-01-04 18:41:00,1.81,344,Mumbai
8640,2024-01-26 14:31:00,2024-01-26 15:17:00,2.12,223,Mumbai
8641,2024-01-19 21:40:00,2024-01-19 22:37:00,6.47,288,Bangalore
8642,2024-01-07 03:11:00,2024-01-07 03:57:00,8.88,405,Delhi
8643,2024-01-15 10:26:00,2024-01-15 10:56:00,1.01,283,Delhi
8644,2024-01-24 22:58:00,2024-01-25 00:00:00,5.52,496,Hyderabad
8645,2024-01-27 14:00:00,2024-01-27 15:03:00,8.14,234,Hyderabad
8646,2024-01-23 19:00:00,2024-01-23 20:05:00,3.59,408,Mumbai
8647,2024-01-28 01:05:00,2024-01-28 01:30:00,2.11,134,Hyderabad
8648,2024-01-05 20:45:00,2024-01-05 21:34:00,1.15,490,Delhi
8649,2024-01-12 07:19:00,2024-01-12 07:54:00,6.77,300,Bangalore
8650,2024-01-04 18:21:00,2024-01-04 19:06:00,5.62,445,Hyderabad
8651,2024-01-18 15:33:00,2024-01-18 16:16:00,5.79,181,Hyderabad
8652,2024-01-23 06:17:00,2024-01-23 07:06:00,8.19,246,Delhi
8653,2024-01-28 22:48:00,2024-01-28 23:48:00,9.16,209,Hyderabad
8654,2024-01-24 19:27:00,2024-01-24 20:14:00,3.97,137,Hyderabad
8655,2024-01-29 12:31:00,2024-01-29 13:25:00,4.59,314,Chennai
8656,2024-01-18 03:48:00,2024-01-18 04:22:00,2.19,380,Hyderabad
8657,2024-01-14 22:09:00,2024-01-14 23:12:00,5.52,177,Chennai
8658,2024-01-14 00:11:00,2024-01-14 00:40:00,4.75,254,Bangalore
8659,2024-01-25 13:16:00,2024-01-25 14:07:00,3.84,230,Chennai
8660,2024-01-14 10:28:00,2024-01-14 11:04:00,3.06,373,Bangalore
8661,2024-01-20 07:54:00,2024-01-20 08:46:00,9.79,491,Delhi
8662,2024-01-02 23:54:00,2024-01-03 00:30:00,3.18,306,Delhi
8663,2024-01-07 13:38:00,2024-01-07 14:14:00,1.16,359,Chennai
8664,2024-01-04 20:02:00,2024-01-04 20:47:00,2.44,336,Delhi
8665,2024-01-05 16:09:00,2024-01-05 16:34:00,2.37,450,Mumbai
8666,2024-01-10 13:04:00,2024-01-10 13:44:00,2.97,350,Chennai
8667,2024-01-09 07:06:00,2024-01-09 07:48:00,8.55,338,Delhi
8668,2024-01-10 10:57:00,2024-01-10 11:28:00,2.19,140,Hyderabad
8669,2024-01-26 23:32:00,2024-01-27 00:11:00,3.68,119,Chennai
8670,2024-01-04 03:15:00,2024-01-04 03:52:00,3.28,177,Mumbai
8671,2024-01-25 07:10:00,2024-01-25 07:52:00,8.78,346,Delhi
8672,2024-01-21 10:52:00,2024-01-21 11:20:00,3.16,195,Mumbai
8673,2024-01-15 13:54:00,2024-01-15 14:52:00,4.6,445,Bangalore
8674,2024-01-19 10:07:00,2024-01-19 10:45:00,5.93,418,Bangalore
8675,2024-01-21 12:02:00,2024-01-21 12:59:00,5.86,165,Delhi
8676,2024-01-28 02:05:00,2024-01-28 02:37:00,1.98,397,Bangalore
8677,2024-01-10 01:32:00,2024-01-10 02:22:00,9.19,313,Chennai
8678,2024-01-14 11:22:00,2024-01-14 11:50:00,1.85,259,Bangalore
8679,2024-01-04 11:32:00,2024-01-04 12:05:00,1.02,262,Hyderabad
8680,2024-01-10 13:25:00,2024-01-10 14:26:00,9.65,440,Delhi
8681,2024-01-15 11:50:00,2024-01-15 12:17:00,1.08,391,Hyderabad
8682,2024-01-21 19:38:00,2024-01-21 20:48:00,6.83,114,Chennai
8683,2024-01-19 20:19:00,2024-01-19 21:30:00,9.74,330,Bangalore
8684,2024-01-06 11:27:00,2024-01-06 11:54:00,3.98,219,Chennai
8685,2024-01-08 16:47:00,2024-01-08 17:23:00,7.9,333,Chennai
8686,2024-01-26 07:36:00,2024-01-26 08:09:00,3.3,274,Mumbai
8687,2024-01-30 00:31:00,2024-01-30 01:10:00,3.85,256,Chennai
8688,2024-01-11 14:21:00,2024-01-11 15:23:00,7.17,365,Chennai
8689,2024-01-12 02:18:00,2024-01-12 02:57:00,5.94,320,Hyderabad
8690,2024-01-29 03:59:00,2024-01-29 04:35:00,6.0,359,Hyderabad
8691,2024-01-02 21:54:00,2024-01-02 22:59:00,3.65,156,Hyderabad
8692,2024-01-19 19:24:00,2024-01-19 20:41:00,9.41,418,Bangalore
8693,2024-01-31 17:26:00,2024-01-31 18:04:00,7.36,120,Bangalore
8694,2024-01-21 21:32:00,2024-01-21 22:30:00,3.09,383,Hyderabad
8695,2024-01-01 16:48:00,2024-01-01 17:26:00,7.89,186,Bangalore
8696,2024-01-05 05:57:00,2024-01-05 06:27:00,3.45,103,Mumbai
8697,2024-01-30 08:00:00,2024-01-30 08:32:00,1.67,287,Delhi
8698,2024-01-19 04:00:00,2024-01-19 04:45:00,6.89,129,Hyderabad
8699,2024-01-16 23:00:00,2024-01-16 23:34:00,5.02,357,Delhi
8700,2024-01-22 17:37:00,2024-01-22 18:14:00,1.97,152,Delhi
8701,2024-01-13 13:59:00,2024-01-13 15:02:00,8.05,285,Hyderabad
8702,2024-01-06 19:19:00,2024-01-06 20:22:00,8.47,136,Delhi
8703,2024-01-27 04:24:00,2024-01-27 05:03:00,6.33,311,Bangalore
8704,2024-01-26 16:58:00,2024-01-26 17:25:00,1.96,484,Mumbai
8705,2024-01-13 13:52:00,2024-01-13 14:53:00,7.57,248,Hyderabad
8706,2024-01-17 18:59:00,2024-01-17 19:43:00,9.28,393,Bangalore
8707,2024-01-28 03:01:00,2024-01-28 03:27:00,2.59,418,Chennai
8708,2024-01-04 06:37:00,2024-01-04 07:15:00,2.85,467,Delhi
8709,2024-01-27 17:39:00,2024-01-27 18:29:00,9.41,202,Hyderabad
8710,2024-01-20 14:20:00,2024-01-20 15:19:00,7.58,475,Mumbai
8711,2024-01-23 18:49:00,2024-01-23 19:39:00,9.13,460,Hyderabad
8712,2024-01-30 20:31:00,2024-01-30 21:35:00,5.48,128,Delhi
8713,2024-01-29 05:55:00,2024-01-29 06:29:00,7.15,348,Bangalore
8714,2024-01-23 19:30:00,2024-01-23 20:46:00,8.79,367,Mumbai
8715,2024-01-03 04:24:00,2024-01-03 05:06:00,8.99,131,Chennai
8716,2024-01-11 15:44:00,2024-01-11 16:20:00,6.49,135,Delhi
8717,2024-01-13 06:26:00,2024-01-13 07:07:00,6.38,219,Bangalore
8718,2024-01-26 00:08:00,2024-01-26 00:33:00,1.79,292,Chennai
8719,2024-01-27 02:12:00,2024-01-27 02:40:00,4.27,229,Hyderabad
8720,2024-01-21 09:59:00,2024-01-21 10:28:00,4.83,107,Hyderabad
8721,2024-01-13 12:35:00,2024-01-13 13:23:00,5.2,331,Delhi
8722,2024-01-10 13:38:00,2024-01-10 14:11:00,1.72,165,Mumbai
8723,2024-01-27 23:20:00,2024-01-28 00:02:00,8.3,470,Hyderabad
8724,2024-01-24 07:22:00,2024-01-24 08:04:00,8.71,179,Chennai
8725,2024-01-13 23:45:00,2024-01-14 00:10:00,1.98,272,Mumbai
8726,2024-01-02 19:06:00,2024-01-02 20:00:00,1.34,417,Hyderabad
8727,2024-01-11 15:00:00,2024-01-11 15:30:00,4.49,437,Chennai
8728,2024-01-26 15:04:00,2024-01-26 15:42:00,2.73,140,Chennai
8729,2024-01-22 08:01:00,2024-01-22 08:39:00,7.6,107,Delhi
8730,2024-01-25 03:14:00,2024-01-25 03:48:00,5.99,158,Hyderabad
8731,2024-01-04 15:30:00,2024-01-04 16:03:00,3.84,254,Hyderabad
8732,2024-01-01 10:27:00,2024-01-01 11:06:00,9.83,269,Chennai
8733,2024-01-12 22:32:00,2024-01-12 23:47:00,9.52,228,Chennai
8734,2024-01-01 20:57:00,2024-01-01 22:00:00,2.43,201,Hyderabad
8735,2024-01-22 05:23:00,2024-01-22 06:08:00,8.2,240,Delhi
8736,2024-01-02 05:34:00,2024-01-02 06:07:00,3.5,308,Hyderabad
8737,2024-01-23 10:35:00,2024-01-23 11:14:00,3.79,440,Chennai
8738,2024-01-14 21:06:00,2024-01-14 21:51:00,1.05,298,Hyderabad
8739,2024-01-31 01:32:00,2024-01-31 02:19:00,9.67,174,Delhi
8740,2024-01-17 14:25:00,2024-01-17 15:09:00,5.41,206,Mumbai
8741,2024-01-31 11:58:00,2024-01-31 12:37:00,8.98,211,Mumbai
8742,2024-01-23 21:19:00,2024-01-23 22:06:00,1.39,283,Delhi
8743,2024-01-16 09:06:00,2024-01-16 09:44:00,2.68,170,Chennai
8744,2024-01-24 18:41:00,2024-01-24 19:25:00,9.1,333,Delhi
8745,2024-01-21 07:52:00,2024-01-21 08:25:00,2.2,248,Delhi
8746,2024-01-02 08:53:00,2024-01-02 09:25:00,4.04,407,Chennai
8747,2024-01-28 19:56:00,2024-01-28 21:03:00,5.4,455,Mumbai
8748,2024-01-09 19:40:00,2024-01-09 20:48:00,9.75,271,Delhi
8749,2024-01-27 15:13:00,2024-01-27 15:54:00,8.36,430,Bangalore
8750,2024-01-07 07:34:00,2024-01-07 08:02:00,3.63,273,Chennai
8751,2024-01-31 14:47:00,2024-01-31 15:34:00,2.01,454,Hyderabad
8752,2024-01-22 11:59:00,2024-01-22 12:38:00,9.48,495,Chennai
8753,2024-01-24 14:39:00,2024-01-24 15:17:00,3.63,214,Hyderabad
8754,2024-01-24 03:08:00,2024-01-24 03:44:00,6.86,401,Chennai
8755,2024-01-26 04:19:00,2024-01-26 04:56:00,7.31,459,Hyderabad
8756,2024-01-28 01:12:00,2024-01-28 01:39:00,2.94,252,Chennai
8757,2024-01-16 23:32:00,2024-01-17 00:14:00,8.74,437,Chennai
8758,2024-01-24 02:53:00,2024-01-24 03:32:00,6.01,468,Bangalore
8759,2024-01-17 23:22:00,2024-01-17 23:47:00,2.83,274,Chennai
8760,2024-01-23 22:05:00,2024-01-23 23:08:00,2.66,216,Delhi
8761,2024-01-18 22:42:00,2024-01-18 23:45:00,4.57,189,Bangalore
8762,2024-01-28 18:23:00,2024-01-28 19:14:00,9.17,494,Mumbai
8763,2024-01-24 08:43:00,2024-01-24 09:18:00,6.96,210,Mumbai
8764,2024-01-17 10:29:00,2024-01-17 10:56:00,2.09,444,Chennai
8765,2024-01-30 05:10:00,2024-01-30 05:52:00,7.59,311,Mumbai
8766,2024-01-04 12:45:00,2024-01-04 13:31:00,1.9,214,Bangalore
8767,2024-01-04 11:01:00,2024-01-04 11:36:00,5.98,493,Mumbai
8768,2024-01-02 15:08:00,2024-01-02 15:49:00,3.83,296,Mumbai
8769,2024-01-15 07:14:00,2024-01-15 07:49:00,6.9,107,Hyderabad
8770,2024-01-10 13:05:00,2024-01-10 13:59:00,3.51,277,Chennai
8771,2024-01-13 16:22:00,2024-01-13 17:12:00,9.38,404,Hyderabad
8772,2024-01-14 06:38:00,2024-01-14 07:18:00,6.74,348,Chennai
8773,2024-01-18 13:41:00,2024-01-18 14:24:00,2.75,447,Delhi
8774,2024-01-27 22:38:00,2024-01-27 23:38:00,2.81,135,Delhi
8775,2024-01-26 10:29:00,2024-01-26 10:53:00,1.32,477,Bangalore
8776,2024-01-23 19:09:00,2024-01-23 20:17:00,4.88,283,Bangalore
8777,2024-01-05 11:07:00,2024-01-05 11:40:00,3.9,456,Hyderabad
8778,2024-01-02 16:41:00,2024-01-02 17:14:00,6.29,387,Hyderabad
8779,2024-01-13 13:01:00,2024-01-13 13:49:00,2.1,396,Bangalore
8780,2024-01-04 20:19:00,2024-01-04 21:12:00,1.36,372,Bangalore
8781,2024-01-30 08:12:00,2024-01-30 08:51:00,8.11,186,Hyderabad
8782,2024-01-08 21:11:00,2024-01-08 22:26:00,8.75,336,Hyderabad
8783,2024-01-18 13:35:00,2024-01-18 14:22:00,4.71,155,Chennai
8784,2024-01-24 10:13:00,2024-01-24 10:54:00,6.84,488,Bangalore
8785,2024-01-15 06:48:00,2024-01-15 07:17:00,2.31,182,Delhi
8786,2024-01-28 23:17:00,2024-01-29 00:06:00,9.26,159,Chennai
8787,2024-01-26 23:07:00,2024-01-26 23:45:00,7.46,440,Delhi
8788,2024-01-22 03:20:00,2024-01-22 03:54:00,5.26,170,Chennai
8789,2024-01-13 07:32:00,2024-01-13 08:03:00,5.21,187,Delhi
8790,2024-01-09 22:35:00,2024-01-09 23:41:00,9.93,229,Bangalore
8791,2024-01-26 17:11:00,2024-01-26 17:43:00,1.15,425,Hyderabad
8792,2024-01-23 21:14:00,2024-01-23 22:18:00,2.86,204,Hyderabad
8793,2024-01-26 01:24:00,2024-01-26 01:56:00,3.47,324,Chennai
8794,2024-01-08 17:43:00,2024-01-08 18:21:00,6.29,223,Mumbai
8795,2024-01-11 07:10:00,2024-01-11 07:38:00,1.19,133,Bangalore
8796,2024-01-22 21:28:00,2024-01-22 22:25:00,5.94,223,Bangalore
8797,2024-01-08 01:28:00,2024-01-08 02:11:00,8.29,267,Chennai
8798,2024-01-21 08:31:00,2024-01-21 09:07:00,1.97,229,Bangalore
8799,2024-01-02 18:03:00,2024-01-02 18:44:00,4.39,413,Chennai
8800,2024-01-30 06:13:00,2024-01-30 06:59:00,9.36,237,Mumbai
8801,2024-01-19 21:09:00,2024-01-19 22:22:00,7.96,176,Delhi
8802,2024-01-16 01:23:00,2024-01-16 02:08:00,9.62,393,Chennai
8803,2024-01-14 09:49:00,2024-01-14 10:24:00,2.63,443,Bangalore
8804,2024-01-09 05:03:00,2024-01-09 05:35:00,2.54,302,Bangalore
8805,2024-01-21 12:17:00,2024-01-21 13:03:00,5.76,303,Hyderabad
8806,2024-01-17 15:47:00,2024-01-17 16:19:00,4.65,430,Hyderabad
8807,2024-01-28 12:16:00,2024-01-28 13:16:00,8.04,465,Delhi
8808,2024-01-08 22:22:00,2024-01-08 23:08:00,2.27,149,Chennai
8809,2024-01-24 14:22:00,2024-01-24 15:10:00,2.7,106,Chennai
8810,2024-01-22 12:35:00,2024-01-22 13:28:00,8.33,298,Hyderabad
8811,2024-01-31 13:49:00,2024-01-31 14:50:00,8.17,262,Bangalore
8812,2024-01-02 22:20:00,2024-01-02 23:20:00,1.93,151,Mumbai
8813,2024-01-31 10:28:00,2024-01-31 11:00:00,5.0,134,Chennai
8814,2024-01-09 01:49:00,2024-01-09 02:34:00,7.66,466,Bangalore
8815,2024-01-30 02:29:00,2024-01-30 03:17:00,8.63,314,Hyderabad
8816,2024-01-13 23:51:00,2024-01-14 00:34:00,9.42,456,Chennai
8817,2024-01-15 17:06:00,2024-01-15 17:56:00,8.49,122,Bangalore
8818,2024-01-29 17:43:00,2024-01-29 18:22:00,7.24,347,Hyderabad
8819,2024-01-31 12:04:00,2024-01-31 12:56:00,7.02,138,Bangalore
8820,2024-01-24 14:28:00,2024-01-24 15:21:00,3.37,396,Delhi
8821,2024-01-18 09:01:00,2024-01-18 09:51:00,8.11,405,Hyderabad
8822,2024-01-19 03:14:00,2024-01-19 03:47:00,4.55,326,Bangalore
8823,2024-01-07 18:50:00,2024-01-07 19:12:00,1.38,289,Bangalore
8824,2024-01-10 15:54:00,2024-01-10 16:42:00,9.57,110,Mumbai
8825,2024-01-17 21:37:00,2024-01-17 22:36:00,4.13,137,Hyderabad
8826,2024-01-10 01:28:00,2024-01-10 02:07:00,9.61,102,Chennai
8827,2024-01-04 01:43:00,2024-01-04 02:26:00,9.76,208,Hyderabad
8828,2024-01-29 12:49:00,2024-01-29 13:32:00,4.08,105,Mumbai
8829,2024-01-03 23:27:00,2024-01-04 00:19:00,9.78,374,Bangalore
8830,2024-01-09 04:17:00,2024-01-09 04:45:00,1.85,227,Mumbai
8831,2024-01-03 11:34:00,2024-01-03 12:07:00,2.16,460,Hyderabad
8832,2024-01-18 15:35:00,2024-01-18 16:24:00,8.27,189,Bangalore
8833,2024-01-28 07:02:00,2024-01-28 07:33:00,1.52,146,Mumbai
8834,2024-01-30 13:32:00,2024-01-30 14:15:00,5.44,436,Chennai
8835,2024-01-30 05:47:00,2024-01-30 06:25:00,8.64,278,Mumbai
8836,2024-01-22 07:30:00,2024-01-22 08:12:00,8.47,357,Chennai
8837,2024-01-24 21:17:00,2024-01-24 22:06:00,3.68,194,Chennai
8838,2024-01-14 03:00:00,2024-01-14 03:33:00,5.88,188,Bangalore
8839,2024-01-15 10:23:00,2024-01-15 11:00:00,6.34,470,Bangalore
8840,2024-01-04 08:06:00,2024-01-04 08:34:00,1.95,335,Mumbai
8841,2024-01-08 08:38:00,2024-01-08 09:11:00,5.1,441,Hyderabad
8842,2024-01-24 22:22:00,2024-01-24 23:27:00,8.96,384,Mumbai
8843,2024-01-11 01:00:00,2024-01-11 01:30:00,3.23,218,Chennai
8844,2024-01-26 21:36:00,2024-01-26 22:37:00,4.89,133,Chennai
8845,2024-01-23 04:04:00,2024-01-23 04:41:00,8.27,187,Chennai
8846,2024-01-11 03:50:00,2024-01-11 04:41:00,9.88,281,Bangalore
8847,2024-01-21 11:10:00,2024-01-21 11:54:00,6.27,303,Hyderabad
8848,2024-01-13 09:38:00,2024-01-13 10:19:00,8.74,443,Hyderabad
8849,2024-01-31 05:54:00,2024-01-31 06:38:00,8.16,483,Hyderabad
8850,2024-01-27 23:34:00,2024-01-28 00:13:00,5.18,490,Hyderabad
8851,2024-01-27 03:24:00,2024-01-27 03:58:00,3.64,195,Mumbai
8852,2024-01-17 19:55:00,2024-01-17 21:06:00,8.38,310,Bangalore
8853,2024-01-03 20:20:00,2024-01-03 21:24:00,4.79,341,Delhi
8854,2024-01-13 23:41:00,2024-01-14 00:23:00,8.06,260,Bangalore
8855,2024-01-03 08:44:00,2024-01-03 09:13:00,2.28,278,Hyderabad
8856,2024-01-31 09:17:00,2024-01-31 09:42:00,1.76,307,Chennai
8857,2024-01-29 03:53:00,2024-01-29 04:43:00,8.18,312,Bangalore
8858,2024-01-09 03:38:00,2024-01-09 04:14:00,7.66,194,Bangalore
8859,2024-01-10 20:09:00,2024-01-10 21:06:00,4.27,177,Hyderabad
8860,2024-01-20 06:45:00,2024-01-20 07:21:00,7.24,102,Bangalore
8861,2024-01-10 16:14:00,2024-01-10 16:46:00,1.81,359,Chennai
8862,2024-01-02 05:32:00,2024-01-02 06:09:00,5.44,168,Bangalore
8863,2024-01-25 14:56:00,2024-01-25 15:59:00,8.49,269,Delhi
8864,2024-01-07 21:02:00,2024-01-07 22:12:00,6.4,346,Mumbai
8865,2024-01-01 07:27:00,2024-01-01 08:00:00,6.57,288,Bangalore
8866,2024-01-05 12:56:00,2024-01-05 13:47:00,4.18,367,Mumbai
8867,2024-01-12 15:51:00,2024-01-12 16:35:00,7.68,373,Hyderabad
8868,2024-01-19 20:39:00,2024-01-19 21:49:00,5.9,283,Hyderabad
8869,2024-01-25 09:46:00,2024-01-25 10:17:00,2.09,178,Chennai
8870,2024-01-14 08:20:00,2024-01-14 09:05:00,8.82,172,Delhi
8871,2024-01-05 02:27:00,2024-01-05 02:54:00,3.84,117,Bangalore
8872,2024-01-15 08:16:00,2024-01-15 08:52:00,5.56,198,Delhi
8873,2024-01-22 12:53:00,2024-01-22 13:30:00,3.22,411,Delhi
8874,2024-01-06 07:59:00,2024-01-06 08:30:00,2.02,221,Bangalore
8875,2024-01-25 21:32:00,2024-01-25 22:26:00,5.09,471,Bangalore
8876,2024-01-13 13:00:00,2024-01-13 14:08:00,9.58,102,Chennai
8877,2024-01-31 21:58:00,2024-01-31 22:52:00,3.8,135,Chennai
8878,2024-01-24 17:19:00,2024-01-24 18:07:00,8.21,212,Mumbai
8879,2024-01-23 08:11:00,2024-01-23 09:02:00,9.92,249,Hyderabad
8880,2024-01-18 16:47:00,2024-01-18 17:23:00,2.3,445,Hyderabad
8881,2024-01-12 11:28:00,2024-01-12 12:18:00,9.32,455,Bangalore
8882,2024-01-26 05:47:00,2024-01-26 06:30:00,7.86,331,Delhi
8883,2024-01-21 01:57:00,2024-01-21 02:26:00,1.71,175,Hyderabad
8884,2024-01-03 16:52:00,2024-01-03 17:25:00,4.44,126,Hyderabad
8885,2024-01-01 16:03:00,2024-01-01 16:39:00,6.88,266,Chennai
8886,2024-01-31 15:43:00,2024-01-31 16:20:00,2.29,345,Hyderabad
8887,2024-01-07 14:08:00,2024-01-07 14:48:00,1.82,417,Chennai
8888,2024-01-13 00:28:00,2024-01-13 00:58:00,2.97,287,Bangalore
8889,2024-01-24 06:04:00,2024-01-24 06:43:00,9.67,136,Bangalore
8890,2024-01-17 04:40:00,2024-01-17 05:28:00,7.08,137,Bangalore
8891,2024-01-21 18:33:00,2024-01-21 19:10:00,7.83,190,Hyderabad
8892,2024-01-18 07:22:00,2024-01-18 08:09:00,7.95,299,Delhi
8893,2024-01-18 19:00:00,2024-01-18 19:58:00,4.37,360,Chennai
8894,2024-01-03 06:45:00,2024-01-03 07:35:00,9.26,478,Mumbai
8895,2024-01-28 13:36:00,2024-01-28 14:19:00,6.7,493,Bangalore
8896,2024-01-11 22:04:00,2024-01-11 22:57:00,2.34,366,Hyderabad
8897,2024-01-31 20:16:00,2024-01-31 21:05:00,2.28,313,Mumbai
8898,2024-01-25 18:08:00,2024-01-25 18:43:00,2.02,207,Hyderabad
8899,2024-01-31 02:39:00,2024-01-31 03:17:00,3.82,349,Delhi
8900,2024-01-27 09:26:00,2024-01-27 10:07:00,6.61,217,Mumbai
8901,2024-01-16 12:53:00,2024-01-16 13:31:00,3.64,492,Bangalore
8902,2024-01-15 12:23:00,2024-01-15 13:13:00,1.81,185,Chennai
8903,2024-01-03 13:59:00,2024-01-03 14:46:00,4.91,404,Hyderabad
8904,2024-01-08 19:16:00,2024-01-08 20:21:00,5.61,345,Chennai
8905,2024-01-06 16:35:00,2024-01-06 16:58:00,1.38,103,Mumbai
8906,2024-01-13 11:11:00,2024-01-13 11:53:00,9.85,382,Delhi
8907,2024-01-05 16:37:00,2024-01-05 17:26:00,9.56,107,Hyderabad
8908,2024-01-30 17:03:00,2024-01-30 17:44:00,8.76,429,Chennai
8909,2024-01-09 00:18:00,2024-01-09 01:00:00,6.12,134,Mumbai
8910,2024-01-17 06:16:00,2024-01-17 06:39:00,1.79,451,Chennai
8911,2024-01-08 13:56:00,2024-01-08 14:41:00,3.57,152,Chennai
8912,2024-01-29 08:14:00,2024-01-29 08:53:00,5.23,457,Bangalore
8913,2024-01-26 13:06:00,2024-01-26 13:59:00,6.04,216,Chennai
8914,2024-01-24 03:35:00,2024-01-24 04:21:00,6.53,487,Hyderabad
8915,2024-01-08 16:23:00,2024-01-08 17:00:00,1.59,313,Chennai
8916,2024-01-15 20:52:00,2024-01-15 21:58:00,6.66,296,Chennai
8917,2024-01-31 16:45:00,2024-01-31 17:30:00,6.48,430,Mumbai
8918,2024-01-02 02:14:00,2024-01-02 02:59:00,8.08,281,Hyderabad
8919,2024-01-21 22:23:00,2024-01-21 23:28:00,9.8,204,Bangalore
8920,2024-01-01 12:36:00,2024-01-01 13:12:00,1.99,477,Hyderabad
8921,2024-01-22 11:47:00,2024-01-22 12:20:00,1.27,193,Bangalore
8922,2024-01-15 18:23:00,2024-01-15 19:02:00,7.54,333,Hyderabad
8923,2024-01-19 04:57:00,2024-01-19 05:26:00,3.34,311,Chennai
8924,2024-01-28 18:57:00,2024-01-28 19:24:00,3.46,344,Hyderabad
8925,2024-01-18 21:27:00,2024-01-18 22:22:00,1.66,498,Bangalore
8926,2024-01-02 20:27:00,2024-01-02 21:22:00,4.25,476,Mumbai
8927,2024-01-25 14:57:00,2024-01-25 15:52:00,7.94,230,Delhi
8928,2024-01-23 19:56:00,2024-01-23 20:52:00,5.28,450,Mumbai
8929,2024-01-04 12:40:00,2024-01-04 13:30:00,3.92,141,Hyderabad
8930,2024-01-16 03:05:00,2024-01-16 03:49:00,9.18,138,Mumbai
8931,2024-01-23 04:07:00,2024-01-23 04:49:00,5.35,224,Chennai
8932,2024-01-18 04:34:00,2024-01-18 05:16:00,8.76,352,Delhi
8933,2024-01-07 09:41:00,2024-01-07 10:23:00,7.47,160,Bangalore
8934,2024-01-05 03:25:00,2024-01-05 04:09:00,5.0,478,Delhi
8935,2024-01-29 00:05:00,2024-01-29 00:46:00,6.45,217,Chennai
8936,2024-01-10 02:11:00,2024-01-10 02:49:00,7.93,408,Delhi
8937,2024-01-02 00:12:00,2024-01-02 01:01:00,8.82,404,Chennai
8938,2024-01-04 19:53:00,2024-01-04 20:40:00,3.15,218,Mumbai
8939,2024-01-02 18:56:00,2024-01-02 19:33:00,3.83,103,Delhi
8940,2024-01-26 01:56:00,2024-01-26 02:35:00,5.37,290,Delhi
8941,2024-01-19 10:57:00,2024-01-19 11:36:00,4.56,144,Bangalore
8942,2024-01-26 23:15:00,2024-01-26 23:49:00,4.78,177,Hyderabad
8943,2024-01-22 21:08:00,2024-01-22 22:00:00,3.33,293,Mumbai
8944,2024-01-16 02:55:00,2024-01-16 03:45:00,9.69,309,Hyderabad
8945,2024-01-19 00:28:00,2024-01-19 00:53:00,2.84,209,Delhi
8946,2024-01-05 18:37:00,2024-01-05 19:18:00,4.2,411,Hyderabad
8947,2024-01-26 18:39:00,2024-01-26 19:23:00,9.32,172,Chennai
8948,2024-01-14 03:49:00,2024-01-14 04:24:00,4.22,145,Bangalore
8949,2024-01-02 06:54:00,2024-01-02 07:41:00,9.86,413,Hyderabad
8950,2024-01-25 05:19:00,2024-01-25 05:57:00,2.48,256,Chennai
8951,2024-01-02 21:14:00,2024-01-02 21:58:00,1.13,360,Hyderabad
8952,2024-01-19 15:06:00,2024-01-19 15:31:00,1.49,303,Delhi
8953,2024-01-05 16:29:00,2024-01-05 16:58:00,4.95,347,Hyderabad
8954,2024-01-14 21:58:00,2024-01-14 22:59:00,6.81,323,Chennai
8955,2024-01-23 03:12:00,2024-01-23 03:41:00,4.27,464,Chennai
8956,2024-01-31 09:41:00,2024-01-31 10:28:00,9.68,480,Delhi
8957,2024-01-18 17:06:00,2024-01-18 17:40:00,2.33,230,Mumbai
8958,2024-01-19 14:38:00,2024-01-19 15:41:00,7.02,213,Chennai
8959,2024-01-17 20:16:00,2024-01-17 21:28:00,6.77,351,Chennai
8960,2024-01-21 20:24:00,2024-01-21 21:10:00,2.29,373,Hyderabad
8961,2024-01-31 07:59:00,2024-01-31 08:36:00,3.32,382,Mumbai
8962,2024-01-09 15:48:00,2024-01-09 16:32:00,9.36,428,Mumbai
8963,2024-01-26 18:14:00,2024-01-26 18:56:00,5.46,226,Hyderabad
8964,2024-01-28 10:05:00,2024-01-28 10:52:00,7.51,245,Hyderabad
8965,2024-01-18 11:00:00,2024-01-18 11:39:00,8.21,335,Bangalore
8966,2024-01-30 21:00:00,2024-01-30 22:01:00,4.91,329,Hyderabad
8967,2024-01-04 09:59:00,2024-01-04 10:41:00,5.04,489,Hyderabad
8968,2024-01-13 15:54:00,2024-01-13 16:29:00,6.59,496,Hyderabad
8969,2024-01-31 04:25:00,2024-01-31 04:56:00,3.29,385,Hyderabad
8970,2024-01-22 01:14:00,2024-01-22 01:55:00,5.96,120,Mumbai
8971,2024-01-14 12:30:00,2024-01-14 13:20:00,9.84,465,Delhi
8972,2024-01-09 09:07:00,2024-01-09 09:41:00,3.19,165,Mumbai
8973,2024-01-01 16:13:00,2024-01-01 16:54:00,4.52,148,Mumbai
8974,2024-01-20 18:13:00,2024-01-20 18:44:00,1.79,381,Hyderabad
8975,2024-01-12 18:14:00,2024-01-12 18:50:00,7.91,188,Delhi
8976,2024-01-27 21:23:00,2024-01-27 22:21:00,5.45,458,Mumbai
8977,2024-01-13 05:08:00,2024-01-13 05:34:00,1.15,325,Delhi
8978,2024-01-18 08:32:00,2024-01-18 09:18:00,8.88,144,Hyderabad
8979,2024-01-30 09:03:00,2024-01-30 09:47:00,7.89,349,Hyderabad
8980,2024-01-24 13:06:00,2024-01-24 14:12:00,9.43,109,Hyderabad
8981,2024-01-03 09:37:00,2024-01-03 10:05:00,2.61,282,Delhi
8982,2024-01-07 18:01:00,2024-01-07 18:35:00,4.34,174,Delhi
8983,2024-01-02 21:07:00,2024-01-02 22:05:00,8.19,369,Delhi
8984,2024-01-20 22:38:00,2024-01-20 23:47:00,5.02,165,Bangalore
8985,2024-01-20 03:18:00,2024-01-20 03:57:00,4.21,270,Chennai
8986,2024-01-19 10:10:00,2024-01-19 10:45:00,4.06,343,Mumbai
8987,2024-01-03 21:53:00,2024-01-03 22:52:00,9.95,249,Bangalore
8988,2024-01-25 10:10:00,2024-01-25 10:39:00,3.31,104,Chennai
8989,2024-01-31 15:06:00,2024-01-31 15:57:00,8.65,437,Hyderabad
8990,2024-01-31 23:39:00,2024-02-01 00:11:00,3.73,194,Mumbai
8991,2024-01-22 22:01:00,2024-01-22 22:54:00,4.73,422,Delhi
8992,2024-01-18 16:07:00,2024-01-18 16:46:00,9.84,157,Bangalore
8993,2024-01-17 16:09:00,2024-01-17 16:49:00,7.87,110,Chennai
8994,2024-01-08 23:59:00,2024-01-09 00:30:00,4.11,173,Delhi
8995,2024-01-28 06:48:00,2024-01-28 07:25:00,4.29,103,Chennai
8996,2024-01-14 13:54:00,2024-01-14 14:46:00,3.74,268,Bangalore
8997,2024-01-08 22:41:00,2024-01-08 23:30:00,2.38,184,Hyderabad
8998,2024-01-13 16:42:00,2024-01-13 17:18:00,5.96,398,Mumbai
8999,2024-01-27 06:42:00,2024-01-27 07:22:00,7.38,351,Delhi
9000,2024-01-15 01:52:00,2024-01-15 02:27:00,4.67,487,Chennai
9001,2024-01-23 19:03:00,2024-01-23 20:02:00,4.12,155,Mumbai
9002,2024-01-27 02:08:00,2024-01-27 02:44:00,1.89,116,Chennai
9003,2024-01-19 12:26:00,2024-01-19 13:19:00,5.19,295,Chennai
9004,2024-01-03 14:44:00,2024-01-03 15:21:00,1.6,469,Mumbai
9005,2024-01-19 18:47:00,2024-01-19 19:31:00,5.41,378,Mumbai
9006,2024-01-17 03:44:00,2024-01-17 04:07:00,1.6,182,Hyderabad
9007,2024-01-21 11:40:00,2024-01-21 12:12:00,4.16,191,Mumbai
9008,2024-01-18 13:05:00,2024-01-18 14:00:00,9.77,327,Chennai
9009,2024-01-14 08:10:00,2024-01-14 08:37:00,2.98,381,Chennai
9010,2024-01-10 02:08:00,2024-01-10 02:55:00,6.59,125,Delhi
9011,2024-01-22 06:39:00,2024-01-22 07:19:00,5.07,424,Hyderabad
9012,2024-01-20 18:39:00,2024-01-20 19:29:00,9.47,269,Hyderabad
9013,2024-01-14 13:50:00,2024-01-14 14:37:00,8.81,373,Chennai
9014,2024-01-03 12:47:00,2024-01-03 13:40:00,7.24,185,Bangalore
9015,2024-01-29 22:30:00,2024-01-29 23:43:00,8.9,204,Mumbai
9016,2024-01-20 09:33:00,2024-01-20 10:00:00,1.22,138,Chennai
9017,2024-01-01 04:41:00,2024-01-01 05:22:00,3.6,327,Bangalore
9018,2024-01-13 15:02:00,2024-01-13 15:42:00,9.32,297,Bangalore
9019,2024-01-22 16:36:00,2024-01-22 17:07:00,5.74,466,Bangalore
9020,2024-01-04 07:41:00,2024-01-04 08:19:00,4.41,453,Delhi
9021,2024-01-16 16:32:00,2024-01-16 17:00:00,3.92,408,Mumbai
9022,2024-01-06 22:54:00,2024-01-06 23:40:00,2.14,100,Chennai
9023,2024-01-21 23:48:00,2024-01-22 00:24:00,2.15,133,Bangalore
9024,2024-01-30 09:55:00,2024-01-30 10:42:00,7.19,116,Delhi
9025,2024-01-04 13:39:00,2024-01-04 14:28:00,2.82,496,Chennai
9026,2024-01-30 11:08:00,2024-01-30 11:48:00,8.35,232,Hyderabad
9027,2024-01-01 02:29:00,2024-01-01 03:08:00,7.03,389,Mumbai
9028,2024-01-14 21:29:00,2024-01-14 22:31:00,8.53,424,Chennai
9029,2024-01-03 18:12:00,2024-01-03 19:02:00,9.99,292,Delhi
9030,2024-01-06 22:19:00,2024-01-06 23:09:00,2.81,303,Hyderabad
9031,2024-01-11 17:29:00,2024-01-11 17:57:00,1.11,421,Hyderabad
9032,2024-01-08 13:53:00,2024-01-08 14:45:00,5.01,115,Chennai
9033,2024-01-17 11:49:00,2024-01-17 12:23:00,4.94,224,Hyderabad
9034,2024-01-27 15:17:00,2024-01-27 15:57:00,4.89,339,Mumbai
9035,2024-01-07 03:13:00,2024-01-07 03:46:00,5.85,275,Delhi
9036,2024-01-17 08:50:00,2024-01-17 09:24:00,3.91,436,Mumbai
9037,2024-01-12 15:50:00,2024-01-12 16:20:00,1.87,100,Hyderabad
9038,2024-01-07 00:23:00,2024-01-07 00:53:00,1.48,134,Chennai
9039,2024-01-10 00:26:00,2024-01-10 01:15:00,9.38,115,Hyderabad
9040,2024-01-03 16:35:00,2024-01-03 17:07:00,4.75,100,Chennai
9041,2024-01-04 18:28:00,2024-01-04 19:11:00,7.79,250,Mumbai
9042,2024-01-31 12:32:00,2024-01-31 13:15:00,3.38,333,Mumbai
9043,2024-01-17 01:01:00,2024-01-17 01:38:00,6.39,323,Delhi
9044,2024-01-23 09:25:00,2024-01-23 10:04:00,6.32,278,Hyderabad
9045,2024-01-30 23:53:00,2024-01-31 00:25:00,4.69,403,Hyderabad
9046,2024-01-18 01:00:00,2024-01-18 01:32:00,4.37,408,Hyderabad
9047,2024-01-01 17:01:00,2024-01-01 17:38:00,3.83,342,Mumbai
9048,2024-01-16 19:42:00,2024-01-16 20:56:00,9.72,398,Delhi
9049,2024-01-07 02:30:00,2024-01-07 03:03:00,5.35,269,Hyderabad
9050,2024-01-11 00:34:00,2024-01-11 01:21:00,6.69,177,Chennai
9051,2024-01-27 13:26:00,2024-01-27 14:05:00,1.44,383,Chennai
9052,2024-01-08 19:00:00,2024-01-08 20:01:00,7.68,420,Hyderabad
9053,2024-01-27 06:38:00,2024-01-27 07:05:00,3.07,159,Mumbai
9054,2024-01-03 14:01:00,2024-01-03 14:39:00,2.45,100,Bangalore
9055,2024-01-22 04:02:00,2024-01-22 04:37:00,5.68,163,Bangalore
9056,2024-01-02 15:27:00,2024-01-02 16:10:00,8.62,252,Chennai
9057,2024-01-29 06:37:00,2024-01-29 07:25:00,7.35,197,Delhi
9058,2024-01-09 20:17:00,2024-01-09 21:12:00,2.14,340,Mumbai
9059,2024-01-26 16:24:00,2024-01-26 16:52:00,4.0,302,Bangalore
9060,2024-01-29 13:12:00,2024-01-29 13:55:00,4.3,448,Delhi
9061,2024-01-17 06:23:00,2024-01-17 06:53:00,3.59,417,Chennai
9062,2024-01-02 05:01:00,2024-01-02 05:36:00,1.68,107,Delhi
9063,2024-01-14 03:29:00,2024-01-14 04:00:00,2.01,211,Mumbai
9064,2024-01-05 01:37:00,2024-01-05 02:07:00,3.98,424,Chennai
9065,2024-01-19 22:12:00,2024-01-19 23:14:00,4.56,124,Mumbai
9066,2024-01-17 10:32:00,2024-01-17 11:05:00,6.36,244,Hyderabad
9067,2024-01-02 23:41:00,2024-01-03 00:04:00,1.75,454,Bangalore
9068,2024-01-09 06:45:00,2024-01-09 07:11:00,2.16,111,Delhi
9069,2024-01-22 11:24:00,2024-01-22 12:08:00,7.73,255,Bangalore
9070,2024-01-30 01:16:00,2024-01-30 02:06:00,9.9,323,Hyderabad
9071,2024-01-16 13:50:00,2024-01-16 14:39:00,1.45,297,Delhi
9072,2024-01-28 16:36:00,2024-01-28 17:18:00,8.27,477,Mumbai
9073,2024-01-17 07:43:00,2024-01-17 08:24:00,7.17,429,Delhi
9074,2024-01-27 06:02:00,2024-01-27 06:37:00,5.47,201,Delhi
9075,2024-01-02 03:24:00,2024-01-02 03:50:00,1.46,177,Hyderabad
9076,2024-01-23 11:52:00,2024-01-23 12:31:00,2.63,369,Mumbai
9077,2024-01-29 00:41:00,2024-01-29 01:15:00,5.73,427,Hyderabad
9078,2024-01-27 05:22:00,2024-01-27 06:02:00,5.82,264,Mumbai
9079,2024-01-31 07:23:00,2024-01-31 08:00:00,6.72,214,Chennai
9080,2024-01-13 07:37:00,2024-01-13 08:11:00,1.71,309,Delhi
9081,2024-01-23 07:16:00,2024-01-23 07:47:00,4.82,360,Chennai
9082,2024-01-29 23:34:00,2024-01-30 00:19:00,5.5,322,Chennai
9083,2024-01-29 23:07:00,2024-01-29 23:53:00,6.36,251,Bangalore
9084,2024-01-12 09:24:00,2024-01-12 10:08:00,5.24,348,Delhi
9085,2024-01-04 07:14:00,2024-01-04 07:55:00,9.61,104,Hyderabad
9086,2024-01-09 07:28:00,2024-01-09 08:11:00,8.87,443,Chennai
9087,2024-01-20 00:13:00,2024-01-20 00:51:00,2.8,316,Hyderabad
9088,2024-01-03 10:33:00,2024-01-03 11:19:00,6.11,281,Bangalore
9089,2024-01-16 10:10:00,2024-01-16 10:45:00,3.12,470,Delhi
9090,2024-01-26 11:45:00,2024-01-26 12:23:00,4.52,429,Delhi
9091,2024-01-06 19:13:00,2024-01-06 20:19:00,3.83,485,Mumbai
9092,2024-01-17 14:40:00,2024-01-17 15:36:00,4.64,219,Chennai
9093,2024-01-16 18:33:00,2024-01-16 19:19:00,7.8,337,Delhi
9094,2024-01-06 20:48:00,2024-01-06 21:35:00,3.69,472,Hyderabad
9095,2024-01-31 21:14:00,2024-01-31 22:06:00,4.71,144,Mumbai
9096,2024-01-19 08:54:00,2024-01-19 09:30:00,8.2,168,Mumbai
9097,2024-01-23 00:30:00,2024-01-23 01:13:00,5.06,311,Chennai
9098,2024-01-26 04:13:00,2024-01-26 04:54:00,7.0,103,Bangalore
9099,2024-01-05 19:23:00,2024-01-05 20:38:00,9.93,401,Chennai
9100,2024-01-05 05:49:00,2024-01-05 06:32:00,6.53,276,Bangalore
9101,2024-01-03 14:55:00,2024-01-03 15:47:00,6.69,440,Mumbai
9102,2024-01-20 15:02:00,2024-01-20 15:31:00,1.24,345,Mumbai
9103,2024-01-25 21:03:00,2024-01-25 22:14:00,7.62,199,Chennai
9104,2024-01-09 20:36:00,2024-01-09 21:40:00,5.62,471,Mumbai
9105,2024-01-08 03:47:00,2024-01-08 04:36:00,7.91,471,Chennai
9106,2024-01-05 18:48:00,2024-01-05 19:26:00,6.12,494,Mumbai
9107,2024-01-30 03:10:00,2024-01-30 03:59:00,8.05,492,Hyderabad
9108,2024-01-14 10:35:00,2024-01-14 11:17:00,7.29,360,Bangalore
9109,2024-01-26 09:58:00,2024-01-26 10:38:00,6.02,464,Hyderabad
9110,2024-01-27 08:24:00,2024-01-27 09:04:00,3.32,493,Mumbai
9111,2024-01-03 19:30:00,2024-01-03 20:26:00,2.4,239,Mumbai
9112,2024-01-25 11:10:00,2024-01-25 11:36:00,2.46,460,Hyderabad
9113,2024-01-23 16:16:00,2024-01-23 16:57:00,4.05,303,Hyderabad
9114,2024-01-08 16:38:00,2024-01-08 17:23:00,8.35,282,Mumbai
9115,2024-01-11 05:07:00,2024-01-11 05:48:00,4.19,364,Hyderabad
9116,2024-01-18 00:06:00,2024-01-18 00:50:00,7.92,121,Mumbai
9117,2024-01-04 22:21:00,2024-01-04 23:16:00,5.62,235,Chennai
9118,2024-01-09 11:34:00,2024-01-09 12:10:00,5.15,486,Hyderabad
9119,2024-01-13 07:26:00,2024-01-13 08:05:00,3.28,332,Chennai
9120,2024-01-07 06:18:00,2024-01-07 06:53:00,3.55,448,Mumbai
9121,2024-01-18 22:20:00,2024-01-18 23:08:00,4.38,191,Mumbai
9122,2024-01-27 03:57:00,2024-01-27 04:33:00,6.23,368,Chennai
9123,2024-01-30 23:18:00,2024-01-30 23:43:00,2.51,452,Delhi
9124,2024-01-19 11:29:00,2024-01-19 12:01:00,1.42,325,Chennai
9125,2024-01-15 04:38:00,2024-01-15 05:01:00,1.09,223,Chennai
9126,2024-01-04 04:15:00,2024-01-04 04:56:00,9.12,401,Bangalore
9127,2024-01-31 12:49:00,2024-01-31 13:41:00,5.4,231,Bangalore
9128,2024-01-27 03:49:00,2024-01-27 04:31:00,4.08,153,Mumbai
9129,2024-01-06 03:34:00,2024-01-06 04:15:00,9.77,350,Delhi
9130,2024-01-18 13:21:00,2024-01-18 14:17:00,4.63,296,Hyderabad
9131,2024-01-16 20:49:00,2024-01-16 21:37:00,1.92,301,Bangalore
9132,2024-01-20 19:09:00,2024-01-20 20:27:00,9.97,258,Mumbai
9133,2024-01-21 11:08:00,2024-01-21 11:52:00,9.43,197,Hyderabad
9134,2024-01-03 14:00:00,2024-01-03 14:54:00,8.01,321,Bangalore
9135,2024-01-01 17:07:00,2024-01-01 17:46:00,4.15,326,Mumbai
9136,2024-01-14 16:48:00,2024-01-14 17:12:00,1.48,404,Delhi
9137,2024-01-27 01:51:00,2024-01-27 02:26:00,6.72,133,Mumbai
9138,2024-01-29 05:59:00,2024-01-29 06:41:00,4.95,184,Mumbai
9139,2024-01-31 00:07:00,2024-01-31 00:46:00,8.99,197,Mumbai
9140,2024-01-24 07:24:00,2024-01-24 08:05:00,9.17,449,Chennai
9141,2024-01-20 12:15:00,2024-01-20 12:58:00,1.97,182,Delhi
9142,2024-01-12 22:11:00,2024-01-12 23:24:00,8.97,198,Delhi
9143,2024-01-31 02:36:00,2024-01-31 03:08:00,5.95,413,Bangalore
9144,2024-01-02 17:11:00,2024-01-02 17:54:00,8.58,130,Hyderabad
9145,2024-01-14 13:33:00,2024-01-14 14:21:00,3.3,433,Delhi
9146,2024-01-30 20:12:00,2024-01-30 21:14:00,6.71,190,Chennai
9147,2024-01-28 06:53:00,2024-01-28 07:26:00,1.79,350,Hyderabad
9148,2024-01-04 07:57:00,2024-01-04 08:33:00,7.0,455,Delhi
9149,2024-01-18 03:26:00,2024-01-18 03:57:00,2.87,319,Hyderabad
9150,2024-01-13 06:54:00,2024-01-13 07:37:00,6.51,283,Hyderabad
9151,2024-01-28 21:12:00,2024-01-28 22:15:00,2.49,296,Bangalore
9152,2024-01-19 16:40:00,2024-01-19 17:24:00,8.34,412,Hyderabad
9153,2024-01-07 21:40:00,2024-01-07 22:42:00,8.33,462,Mumbai
9154,2024-01-19 09:41:00,2024-01-19 10:22:00,7.23,451,Mumbai
9155,2024-01-29 01:46:00,2024-01-29 02:22:00,1.67,346,Chennai
9156,2024-01-20 08:37:00,2024-01-20 09:14:00,3.1,306,Mumbai
9157,2024-01-26 02:08:00,2024-01-26 02:51:00,8.17,294,Mumbai
9158,2024-01-25 09:27:00,2024-01-25 10:10:00,7.75,220,Delhi
9159,2024-01-21 06:16:00,2024-01-21 06:52:00,6.97,174,Chennai
9160,2024-01-07 11:58:00,2024-01-07 12:45:00,9.31,208,Mumbai
9161,2024-01-14 07:57:00,2024-01-14 08:38:00,4.9,129,Bangalore
9162,2024-01-10 12:53:00,2024-01-10 13:50:00,9.83,158,Mumbai
9163,2024-01-20 23:31:00,2024-01-21 00:03:00,1.65,354,Delhi
9164,2024-01-06 12:07:00,2024-01-06 12:41:00,1.96,372,Delhi
9165,2024-01-27 21:29:00,2024-01-27 22:30:00,8.37,269,Bangalore
9166,2024-01-04 03:57:00,2024-01-04 04:46:00,7.95,244,Chennai
9167,2024-01-13 08:31:00,2024-01-13 09:16:00,8.45,171,Mumbai
9168,2024-01-06 14:32:00,2024-01-06 15:13:00,4.16,439,Chennai
9169,2024-01-20 11:58:00,2024-01-20 12:29:00,2.71,142,Mumbai
9170,2024-01-18 13:11:00,2024-01-18 14:02:00,8.11,158,Delhi
9171,2024-01-08 10:05:00,2024-01-08 10:39:00,4.07,116,Hyderabad
9172,2024-01-05 05:15:00,2024-01-05 05:55:00,6.29,461,Delhi
9173,2024-01-29 08:48:00,2024-01-29 09:28:00,9.13,165,Hyderabad
9174,2024-01-09 18:56:00,2024-01-09 19:39:00,7.26,476,Mumbai
9175,2024-01-30 15:21:00,2024-01-30 15:58:00,4.64,218,Hyderabad
9176,2024-01-14 23:18:00,2024-01-14 23:49:00,1.66,406,Mumbai
9177,2024-01-29 12:25:00,2024-01-29 13:11:00,4.89,367,Delhi
9178,2024-01-03 13:02:00,2024-01-03 13:53:00,7.9,263,Bangalore
9179,2024-01-31 12:52:00,2024-01-31 13:35:00,6.96,181,Delhi
9180,2024-01-25 04:54:00,2024-01-25 05:28:00,7.39,152,Delhi
9181,2024-01-18 10:21:00,2024-01-18 10:48:00,1.36,452,Hyderabad
9182,2024-01-01 18:00:00,2024-01-01 18:33:00,2.66,347,Delhi
9183,2024-01-12 18:08:00,2024-01-12 18:49:00,7.25,222,Mumbai
9184,2024-01-26 20:29:00,2024-01-26 21:37:00,6.82,365,Mumbai
9185,2024-01-10 05:20:00,2024-01-10 05:52:00,4.84,488,Chennai
9186,2024-01-13 18:32:00,2024-01-13 19:15:00,7.66,442,Chennai
9187,2024-01-25 13:10:00,2024-01-25 14:05:00,5.96,117,Delhi
9188,2024-01-30 03:31:00,2024-01-30 04:16:00,9.75,275,Hyderabad
9189,2024-01-21 06:11:00,2024-01-21 06:54:00,8.61,355,Bangalore
9190,2024-01-18 06:14:00,2024-01-18 06:46:00,6.22,297,Delhi
9191,2024-01-22 21:38:00,2024-01-22 22:33:00,6.99,161,Bangalore
9192,2024-01-14 10:24:00,2024-01-14 11:00:00,2.25,107,Delhi
9193,2024-01-09 20:41:00,2024-01-09 21:41:00,6.68,231,Chennai
9194,2024-01-28 13:57:00,2024-01-28 14:48:00,6.12,461,Bangalore
9195,2024-01-06 19:51:00,2024-01-06 20:41:00,2.84,102,Chennai
9196,2024-01-14 05:06:00,2024-01-14 05:43:00,3.7,214,Delhi
9197,2024-01-18 15:19:00,2024-01-18 15:47:00,2.8,278,Hyderabad
9198,2024-01-17 16:40:00,2024-01-17 17:21:00,4.85,427,Delhi
9199,2024-01-21 03:27:00,2024-01-21 04:03:00,1.86,141,Mumbai
9200,2024-01-05 00:28:00,2024-01-05 01:09:00,7.03,287,Bangalore
9201,2024-01-07 04:34:00,2024-01-07 05:07:00,5.08,105,Chennai
9202,2024-01-11 01:18:00,2024-01-11 01:50:00,2.33,274,Hyderabad
9203,2024-01-22 14:26:00,2024-01-22 15:16:00,3.49,460,Mumbai
9204,2024-01-15 15:51:00,2024-01-15 16:22:00,1.89,287,Mumbai
9205,2024-01-06 22:15:00,2024-01-06 23:12:00,6.27,182,Chennai
9206,2024-01-21 06:59:00,2024-01-21 07:32:00,4.46,425,Delhi
9207,2024-01-17 13:21:00,2024-01-17 14:00:00,3.35,314,Bangalore
9208,2024-01-26 02:02:00,2024-01-26 02:48:00,6.38,221,Delhi
9209,2024-01-28 06:31:00,2024-01-28 07:16:00,6.02,280,Mumbai
9210,2024-01-25 15:53:00,2024-01-25 16:36:00,4.74,356,Hyderabad
9211,2024-01-16 08:43:00,2024-01-16 09:21:00,8.47,434,Delhi
9212,2024-01-25 04:19:00,2024-01-25 04:50:00,1.37,137,Chennai
9213,2024-01-08 16:32:00,2024-01-08 17:17:00,6.98,160,Mumbai
9214,2024-01-19 20:58:00,2024-01-19 22:02:00,9.07,276,Chennai
9215,2024-01-08 15:14:00,2024-01-08 15:39:00,1.18,476,Bangalore
9216,2024-01-23 17:30:00,2024-01-23 18:17:00,8.47,226,Bangalore
9217,2024-01-04 20:42:00,2024-01-04 21:55:00,9.98,180,Chennai
9218,2024-01-03 09:44:00,2024-01-03 10:30:00,9.88,283,Delhi
9219,2024-01-20 04:36:00,2024-01-20 05:02:00,1.31,179,Chennai
9220,2024-01-15 17:47:00,2024-01-15 18:25:00,6.86,341,Mumbai
9221,2024-01-16 07:00:00,2024-01-16 07:33:00,4.45,151,Mumbai
9222,2024-01-04 23:58:00,2024-01-05 00:45:00,7.11,380,Bangalore
9223,2024-01-12 06:00:00,2024-01-12 06:29:00,2.2,499,Mumbai
9224,2024-01-01 21:44:00,2024-01-01 22:43:00,5.83,158,Bangalore
9225,2024-01-31 13:36:00,2024-01-31 14:19:00,1.02,355,Delhi
9226,2024-01-10 16:27:00,2024-01-10 17:18:00,9.65,497,Hyderabad
9227,2024-01-14 18:30:00,2024-01-14 19:08:00,2.65,170,Mumbai
9228,2024-01-02 04:13:00,2024-01-02 04:54:00,6.74,477,Hyderabad
9229,2024-01-09 16:35:00,2024-01-09 17:12:00,4.73,355,Bangalore
9230,2024-01-17 13:40:00,2024-01-17 14:23:00,1.71,166,Delhi
9231,2024-01-02 05:01:00,2024-01-02 05:47:00,9.32,126,Mumbai
9232,2024-01-15 09:36:00,2024-01-15 10:06:00,1.64,455,Bangalore
9233,2024-01-03 09:56:00,2024-01-03 10:48:00,9.88,116,Hyderabad
9234,2024-01-17 11:43:00,2024-01-17 12:23:00,3.74,373,Hyderabad
9235,2024-01-31 13:04:00,2024-01-31 13:49:00,1.49,170,Bangalore
9236,2024-01-03 09:19:00,2024-01-03 10:07:00,8.53,122,Chennai
9237,2024-01-05 21:02:00,2024-01-05 22:12:00,6.96,146,Hyderabad
9238,2024-01-16 02:36:00,2024-01-16 03:18:00,6.91,435,Chennai
9239,2024-01-13 13:07:00,2024-01-13 13:55:00,1.19,149,Hyderabad
9240,2024-01-13 05:50:00,2024-01-13 06:20:00,4.79,373,Delhi
9241,2024-01-03 14:57:00,2024-01-03 15:43:00,1.66,142,Hyderabad
9242,2024-01-01 23:34:00,2024-01-02 00:17:00,6.92,233,Bangalore
9243,2024-01-04 22:09:00,2024-01-04 23:09:00,3.7,180,Bangalore
9244,2024-01-31 18:03:00,2024-01-31 18:42:00,3.62,211,Hyderabad
9245,2024-01-03 04:02:00,2024-01-03 04:49:00,9.96,466,Hyderabad
9246,2024-01-09 08:39:00,2024-01-09 09:26:00,7.17,213,Delhi
9247,2024-01-08 21:18:00,2024-01-08 22:19:00,8.08,432,Delhi
9248,2024-01-25 22:48:00,2024-01-25 23:52:00,2.95,187,Delhi
9249,2024-01-08 13:48:00,2024-01-08 14:35:00,1.15,284,Chennai
9250,2024-01-23 15:19:00,2024-01-23 15:46:00,2.49,444,Chennai
9251,2024-01-29 12:28:00,2024-01-29 13:30:00,7.18,259,Bangalore
9252,2024-01-12 14:31:00,2024-01-12 15:34:00,7.47,296,Chennai
9253,2024-01-15 19:43:00,2024-01-15 20:48:00,6.53,448,Hyderabad
9254,2024-01-30 09:11:00,2024-01-30 09:39:00,2.37,301,Mumbai
9255,2024-01-31 23:48:00,2024-02-01 00:38:00,9.67,147,Mumbai
9256,2024-01-02 09:06:00,2024-01-02 09:39:00,5.49,217,Hyderabad
9257,2024-01-18 04:30:00,2024-01-18 05:07:00,4.51,102,Delhi
9258,2024-01-10 15:15:00,2024-01-10 15:58:00,7.43,217,Delhi
9259,2024-01-13 15:27:00,2024-01-13 15:52:00,1.09,474,Hyderabad
9260,2024-01-24 09:38:00,2024-01-24 10:03:00,1.19,396,Mumbai
9261,2024-01-25 23:27:00,2024-01-25 23:58:00,2.89,158,Hyderabad
9262,2024-01-16 16:19:00,2024-01-16 16:59:00,3.15,207,Hyderabad
9263,2024-01-10 21:17:00,2024-01-10 22:05:00,1.28,319,Hyderabad
9264,2024-01-16 19:32:00,2024-01-16 20:40:00,5.5,271,Delhi
9265,2024-01-29 00:53:00,2024-01-29 01:20:00,1.95,365,Hyderabad
9266,2024-01-19 02:09:00,2024-01-19 02:48:00,5.2,198,Mumbai
9267,2024-01-16 08:07:00,2024-01-16 08:36:00,4.16,290,Hyderabad
9268,2024-01-22 18:42:00,2024-01-22 19:10:00,2.36,331,Delhi
9269,2024-01-13 12:51:00,2024-01-13 13:31:00,1.6,183,Delhi
9270,2024-01-05 16:19:00,2024-01-05 16:49:00,2.56,421,Delhi
9271,2024-01-13 15:17:00,2024-01-13 15:47:00,5.04,177,Bangalore
9272,2024-01-20 04:29:00,2024-01-20 05:05:00,1.27,449,Chennai
9273,2024-01-01 03:33:00,2024-01-01 04:06:00,3.25,225,Chennai
9274,2024-01-31 14:52:00,2024-01-31 15:53:00,8.94,367,Mumbai
9275,2024-01-08 05:55:00,2024-01-08 06:37:00,7.08,344,Delhi
9276,2024-01-10 14:01:00,2024-01-10 14:55:00,5.23,496,Hyderabad
9277,2024-01-31 13:15:00,2024-01-31 14:01:00,1.79,246,Bangalore
9278,2024-01-14 07:39:00,2024-01-14 08:11:00,2.94,253,Hyderabad
9279,2024-01-31 12:00:00,2024-01-31 12:58:00,7.02,218,Delhi
9280,2024-01-21 20:05:00,2024-01-21 21:19:00,8.54,396,Mumbai
9281,2024-01-14 00:05:00,2024-01-14 00:53:00,9.41,179,Bangalore
9282,2024-01-07 12:41:00,2024-01-07 13:25:00,6.5,246,Delhi
9283,2024-01-31 08:49:00,2024-01-31 09:22:00,2.08,231,Delhi
9284,2024-01-03 17:27:00,2024-01-03 18:11:00,9.4,291,Chennai
9285,2024-01-17 01:56:00,2024-01-17 02:33:00,8.38,191,Hyderabad
9286,2024-01-28 04:26:00,2024-01-28 04:58:00,2.56,168,Chennai
9287,2024-01-31 14:47:00,2024-01-31 15:45:00,9.64,364,Chennai
9288,2024-01-29 17:19:00,2024-01-29 17:47:00,1.6,212,Mumbai
9289,2024-01-04 23:39:00,2024-01-05 00:15:00,3.33,403,Bangalore
9290,2024-01-19 12:57:00,2024-01-19 13:38:00,3.8,482,Bangalore
9291,2024-01-26 07:49:00,2024-01-26 08:35:00,6.56,197,Chennai
9292,2024-01-20 06:01:00,2024-01-20 06:42:00,6.84,468,Mumbai
9293,2024-01-15 10:21:00,2024-01-15 10:51:00,2.5,447,Bangalore
9294,2024-01-21 03:58:00,2024-01-21 04:27:00,4.38,130,Mumbai
9295,2024-01-01 05:33:00,2024-01-01 06:11:00,5.88,377,Hyderabad
9296,2024-01-04 21:31:00,2024-01-04 22:35:00,2.9,134,Chennai
9297,2024-01-19 07:37:00,2024-01-19 08:26:00,8.53,205,Bangalore
9298,2024-01-17 00:11:00,2024-01-17 00:54:00,9.43,367,Bangalore
9299,2024-01-28 13:24:00,2024-01-28 14:12:00,4.36,208,Bangalore
9300,2024-01-25 03:22:00,2024-01-25 03:55:00,5.86,206,Mumbai
9301,2024-01-15 04:32:00,2024-01-15 05:13:00,4.72,195,Chennai
9302,2024-01-13 00:45:00,2024-01-13 01:30:00,9.37,126,Delhi
9303,2024-01-22 21:33:00,2024-01-22 22:47:00,7.51,404,Hyderabad
9304,2024-01-20 07:58:00,2024-01-20 08:48:00,9.69,211,Delhi
9305,2024-01-16 00:47:00,2024-01-16 01:25:00,2.85,354,Delhi
9306,2024-01-23 06:59:00,2024-01-23 07:43:00,6.27,445,Hyderabad
9307,2024-01-26 19:01:00,2024-01-26 19:58:00,8.64,294,Chennai
9308,2024-01-04 21:42:00,2024-01-04 22:47:00,4.7,297,Hyderabad
9309,2024-01-29 17:56:00,2024-01-29 18:43:00,9.22,310,Mumbai
9310,2024-01-19 06:10:00,2024-01-19 06:49:00,6.02,225,Chennai
9311,2024-01-08 21:16:00,2024-01-08 22:35:00,10.0,215,Hyderabad
9312,2024-01-06 09:19:00,2024-01-06 09:50:00,1.32,290,Mumbai
9313,2024-01-18 13:39:00,2024-01-18 14:29:00,7.17,327,Chennai
9314,2024-01-14 08:30:00,2024-01-14 09:14:00,9.02,230,Mumbai
9315,2024-01-16 23:30:00,2024-01-17 00:19:00,8.1,440,Hyderabad
9316,2024-01-01 09:41:00,2024-01-01 10:24:00,6.59,164,Mumbai
9317,2024-01-31 09:24:00,2024-01-31 09:48:00,2.08,351,Bangalore
9318,2024-01-08 17:10:00,2024-01-08 17:50:00,3.03,246,Bangalore
9319,2024-01-22 22:04:00,2024-01-22 22:57:00,3.01,117,Hyderabad
9320,2024-01-13 22:34:00,2024-01-13 23:26:00,3.26,243,Delhi
9321,2024-01-17 09:26:00,2024-01-17 10:11:00,8.75,454,Bangalore
9322,2024-01-14 20:44:00,2024-01-14 21:37:00,6.63,295,Hyderabad
9323,2024-01-30 02:34:00,2024-01-30 03:14:00,4.41,314,Delhi
9324,2024-01-14 17:11:00,2024-01-14 17:49:00,9.17,290,Bangalore
9325,2024-01-12 16:49:00,2024-01-12 17:28:00,3.34,402,Bangalore
9326,2024-01-18 07:57:00,2024-01-18 08:47:00,8.83,206,Hyderabad
9327,2024-01-06 06:26:00,2024-01-06 07:01:00,4.04,358,Delhi
9328,2024-01-08 02:55:00,2024-01-08 03:32:00,8.1,421,Mumbai
9329,2024-01-16 16:18:00,2024-01-16 16:41:00,1.2,189,Chennai
9330,2024-01-16 20:25:00,2024-01-16 21:24:00,7.72,131,Chennai
9331,2024-01-24 20:11:00,2024-01-24 21:13:00,6.98,185,Chennai
9332,2024-01-27 04:27:00,2024-01-27 05:15:00,9.73,235,Bangalore
9333,2024-01-19 02:13:00,2024-01-19 02:47:00,2.78,198,Chennai
9334,2024-01-24 12:10:00,2024-01-24 13:10:00,5.64,242,Bangalore
9335,2024-01-14 04:12:00,2024-01-14 04:43:00,4.48,425,Chennai
9336,2024-01-04 00:50:00,2024-01-04 01:19:00,3.41,284,Delhi
9337,2024-01-17 17:32:00,2024-01-17 18:09:00,6.42,377,Chennai
9338,2024-01-18 17:55:00,2024-01-18 18:30:00,4.23,334,Delhi
9339,2024-01-29 17:32:00,2024-01-29 18:20:00,9.61,290,Delhi
9340,2024-01-05 03:33:00,2024-01-05 03:59:00,2.34,117,Delhi
9341,2024-01-25 02:07:00,2024-01-25 02:34:00,2.94,364,Chennai
9342,2024-01-04 00:02:00,2024-01-04 00:38:00,4.31,443,Hyderabad
9343,2024-01-11 16:42:00,2024-01-11 17:17:00,1.21,350,Hyderabad
9344,2024-01-31 06:27:00,2024-01-31 07:07:00,9.55,290,Hyderabad
9345,2024-01-12 06:31:00,2024-01-12 07:10:00,2.56,268,Mumbai
9346,2024-01-17 08:07:00,2024-01-17 08:35:00,2.61,469,Hyderabad
9347,2024-01-31 21:49:00,2024-01-31 22:50:00,6.16,378,Delhi
9348,2024-01-31 03:30:00,2024-01-31 04:08:00,6.83,496,Bangalore
9349,2024-01-31 06:21:00,2024-01-31 07:00:00,9.57,424,Hyderabad
9350,2024-01-28 13:24:00,2024-01-28 14:17:00,3.52,251,Mumbai
9351,2024-01-11 23:39:00,2024-01-12 00:10:00,5.9,359,Hyderabad
9352,2024-01-05 03:45:00,2024-01-05 04:15:00,4.42,474,Hyderabad
9353,2024-01-04 20:21:00,2024-01-04 21:24:00,3.56,169,Mumbai
9354,2024-01-19 23:16:00,2024-01-19 23:53:00,8.04,478,Chennai
9355,2024-01-06 14:50:00,2024-01-06 15:53:00,7.97,219,Mumbai
9356,2024-01-29 10:00:00,2024-01-29 10:36:00,5.13,114,Mumbai
9357,2024-01-08 16:57:00,2024-01-08 17:28:00,4.91,376,Delhi
9358,2024-01-29 23:31:00,2024-01-30 00:12:00,5.64,151,Delhi
9359,2024-01-03 09:27:00,2024-01-03 10:07:00,7.5,414,Mumbai
9360,2024-01-28 01:41:00,2024-01-28 02:08:00,2.97,432,Delhi
9361,2024-01-14 11:34:00,2024-01-14 12:17:00,5.2,141,Hyderabad
9362,2024-01-20 20:26:00,2024-01-20 21:26:00,7.69,108,Delhi
9363,2024-01-04 07:14:00,2024-01-04 07:38:00,1.77,339,Delhi
9364,2024-01-12 20:38:00,2024-01-12 21:28:00,4.83,163,Delhi
9365,2024-01-12 19:52:00,2024-01-12 20:50:00,7.48,307,Mumbai
9366,2024-01-04 16:16:00,2024-01-04 16:40:00,1.55,362,Delhi
9367,2024-01-20 20:14:00,2024-01-20 21:04:00,3.87,284,Delhi
9368,2024-01-16 02:16:00,2024-01-16 02:44:00,2.29,208,Delhi
9369,2024-01-22 18:24:00,2024-01-22 18:55:00,1.96,446,Chennai
9370,2024-01-25 20:36:00,2024-01-25 21:23:00,2.95,117,Mumbai
9371,2024-01-15 00:53:00,2024-01-15 01:26:00,1.54,397,Chennai
9372,2024-01-06 02:22:00,2024-01-06 03:04:00,5.48,466,Bangalore
9373,2024-01-04 05:19:00,2024-01-04 06:04:00,5.97,252,Bangalore
9374,2024-01-28 14:09:00,2024-01-28 14:57:00,4.51,290,Delhi
9375,2024-01-13 09:21:00,2024-01-13 10:02:00,5.89,221,Delhi
9376,2024-01-19 08:56:00,2024-01-19 09:45:00,8.64,260,Chennai
9377,2024-01-10 11:46:00,2024-01-10 12:34:00,9.87,431,Mumbai
9378,2024-01-01 20:13:00,2024-01-01 21:10:00,1.36,315,Hyderabad
9379,2024-01-19 02:03:00,2024-01-19 02:42:00,3.29,377,Bangalore
9380,2024-01-06 17:35:00,2024-01-06 18:18:00,5.09,408,Hyderabad
9381,2024-01-13 17:12:00,2024-01-13 17:49:00,4.19,355,Bangalore
9382,2024-01-14 20:56:00,2024-01-14 21:45:00,1.68,124,Delhi
9383,2024-01-30 04:25:00,2024-01-30 05:08:00,9.99,293,Hyderabad
9384,2024-01-24 13:04:00,2024-01-24 13:43:00,2.11,411,Chennai
9385,2024-01-10 06:40:00,2024-01-10 07:16:00,4.63,355,Hyderabad
9386,2024-01-26 22:44:00,2024-01-26 23:45:00,8.52,109,Chennai
9387,2024-01-12 08:21:00,2024-01-12 08:58:00,6.33,316,Chennai
9388,2024-01-17 22:01:00,2024-01-17 23:01:00,4.01,113,Delhi
9389,2024-01-17 11:51:00,2024-01-17 12:28:00,7.49,134,Bangalore
9390,2024-01-15 11:40:00,2024-01-15 12:22:00,8.62,154,Hyderabad
9391,2024-01-02 21:55:00,2024-01-02 22:52:00,6.26,490,Delhi
9392,2024-01-01 07:36:00,2024-01-01 08:05:00,3.24,175,Bangalore
9393,2024-01-14 15:41:00,2024-01-14 16:23:00,9.24,411,Delhi
9394,2024-01-20 18:06:00,2024-01-20 18:43:00,6.98,206,Mumbai
9395,2024-01-10 04:56:00,2024-01-10 05:47:00,9.66,298,Hyderabad
9396,2024-01-30 06:30:00,2024-01-30 07:15:00,8.43,299,Mumbai
9397,2024-01-27 12:16:00,2024-01-27 13:10:00,3.5,254,Delhi
9398,2024-01-15 20:51:00,2024-01-15 21:52:00,9.44,130,Chennai
9399,2024-01-08 04:05:00,2024-01-08 04:33:00,2.19,269,Hyderabad
9400,2024-01-01 22:01:00,2024-01-01 22:52:00,1.29,343,Chennai
9401,2024-01-24 04:08:00,2024-01-24 04:44:00,2.43,194,Bangalore
9402,2024-01-06 10:14:00,2024-01-06 11:04:00,8.48,177,Mumbai
9403,2024-01-03 20:07:00,2024-01-03 21:05:00,9.06,191,Delhi
9404,2024-01-14 19:33:00,2024-01-14 20:22:00,1.05,231,Delhi
9405,2024-01-05 07:30:00,2024-01-05 08:13:00,8.06,292,Hyderabad
9406,2024-01-16 17:24:00,2024-01-16 18:03:00,6.41,171,Delhi
9407,2024-01-22 23:35:00,2024-01-23 00:14:00,5.81,251,Hyderabad
9408,2024-01-07 12:41:00,2024-01-07 13:22:00,4.12,415,Chennai
9409,2024-01-17 17:01:00,2024-01-17 17:43:00,5.05,410,Hyderabad
9410,2024-01-06 13:18:00,2024-01-06 14:07:00,5.97,154,Chennai
9411,2024-01-05 13:11:00,2024-01-05 13:43:00,1.47,391,Hyderabad
9412,2024-01-02 06:01:00,2024-01-02 06:52:00,8.68,279,Mumbai
9413,2024-01-25 13:04:00,2024-01-25 13:55:00,1.86,485,Delhi
9414,2024-01-25 20:29:00,2024-01-25 21:17:00,2.27,252,Chennai
9415,2024-01-19 18:34:00,2024-01-19 19:23:00,8.11,447,Delhi
9416,2024-01-24 08:41:00,2024-01-24 09:12:00,5.81,110,Chennai
9417,2024-01-13 05:05:00,2024-01-13 05:42:00,7.1,461,Mumbai
9418,2024-01-03 10:35:00,2024-01-03 11:02:00,3.46,221,Mumbai
9419,2024-01-03 11:59:00,2024-01-03 12:36:00,6.76,387,Hyderabad
9420,2024-01-09 03:39:00,2024-01-09 04:20:00,6.63,245,Delhi
9421,2024-01-15 10:09:00,2024-01-15 10:52:00,8.93,413,Hyderabad
9422,2024-01-16 18:06:00,2024-01-16 18:56:00,9.7,452,Chennai
9423,2024-01-07 01:15:00,2024-01-07 01:51:00,7.88,113,Delhi
9424,2024-01-17 16:04:00,2024-01-17 16:40:00,6.86,383,Hyderabad
9425,2024-01-31 07:39:00,2024-01-31 08:22:00,4.61,172,Chennai
9426,2024-01-21 04:16:00,2024-01-21 04:44:00,1.22,338,Delhi
9427,2024-01-18 11:11:00,2024-01-18 11:44:00,3.59,417,Hyderabad
9428,2024-01-08 08:37:00,2024-01-08 09:18:00,6.26,472,Mumbai
9429,2024-01-26 16:57:00,2024-01-26 17:39:00,4.57,292,Delhi
9430,2024-01-25 18:24:00,2024-01-25 19:01:00,7.89,478,Bangalore
9431,2024-01-30 09:48:00,2024-01-30 10:13:00,1.78,194,Mumbai
9432,2024-01-09 13:59:00,2024-01-09 14:58:00,7.82,480,Mumbai
9433,2024-01-27 11:28:00,2024-01-27 12:00:00,5.98,242,Bangalore
9434,2024-01-12 13:53:00,2024-01-12 14:33:00,4.05,334,Delhi
9435,2024-01-06 06:11:00,2024-01-06 07:01:00,8.38,362,Bangalore
9436,2024-01-17 01:53:00,2024-01-17 02:19:00,2.72,431,Bangalore
9437,2024-01-30 05:52:00,2024-01-30 06:36:00,5.77,288,Mumbai
9438,2024-01-06 04:14:00,2024-01-06 04:52:00,4.91,328,Mumbai
9439,2024-01-17 23:01:00,2024-01-17 23:39:00,2.73,397,Hyderabad
9440,2024-01-29 00:01:00,2024-01-29 00:50:00,8.82,158,Chennai
9441,2024-01-18 10:23:00,2024-01-18 10:56:00,3.94,198,Delhi
9442,2024-01-26 19:29:00,2024-01-26 20:24:00,7.12,203,Chennai
9443,2024-01-09 02:34:00,2024-01-09 03:21:00,9.42,116,Mumbai
9444,2024-01-01 17:53:00,2024-01-01 18:17:00,1.61,431,Hyderabad
9445,2024-01-15 13:23:00,2024-01-15 14:20:00,5.4,203,Hyderabad
9446,2024-01-28 06:10:00,2024-01-28 06:57:00,8.07,117,Bangalore
9447,2024-01-09 20:07:00,2024-01-09 21:11:00,4.34,157,Mumbai
9448,2024-01-15 19:22:00,2024-01-15 20:12:00,3.34,277,Mumbai
9449,2024-01-14 09:16:00,2024-01-14 09:58:00,4.11,489,Bangalore
9450,2024-01-18 21:44:00,2024-01-18 22:34:00,1.39,443,Hyderabad
9451,2024-01-05 22:52:00,2024-01-05 23:47:00,4.62,179,Chennai
9452,2024-01-01 22:44:00,2024-01-01 23:32:00,1.54,270,Bangalore
9453,2024-01-06 20:03:00,2024-01-06 20:58:00,2.55,499,Mumbai
9454,2024-01-05 10:50:00,2024-01-05 11:20:00,2.08,138,Bangalore
9455,2024-01-02 01:09:00,2024-01-02 01:35:00,3.05,200,Delhi
9456,2024-01-11 08:44:00,2024-01-11 09:36:00,9.67,186,Delhi
9457,2024-01-01 06:06:00,2024-01-01 06:38:00,1.21,216,Delhi
9458,2024-01-08 05:45:00,2024-01-08 06:08:00,1.09,315,Chennai
9459,2024-01-08 12:08:00,2024-01-08 12:55:00,3.94,275,Bangalore
9460,2024-01-11 13:09:00,2024-01-11 14:05:00,4.86,332,Hyderabad
9461,2024-01-03 19:03:00,2024-01-03 20:04:00,2.46,495,Delhi
9462,2024-01-13 04:58:00,2024-01-13 05:22:00,1.65,357,Mumbai
9463,2024-01-10 00:55:00,2024-01-10 01:29:00,3.88,474,Hyderabad
9464,2024-01-23 13:40:00,2024-01-23 14:26:00,8.41,468,Bangalore
9465,2024-01-14 14:43:00,2024-01-14 15:24:00,4.26,347,Chennai
9466,2024-01-29 01:21:00,2024-01-29 01:46:00,2.96,361,Delhi
9467,2024-01-30 21:27:00,2024-01-30 22:17:00,5.49,151,Mumbai
9468,2024-01-23 02:09:00,2024-01-23 02:46:00,4.8,121,Bangalore
9469,2024-01-18 09:56:00,2024-01-18 10:28:00,1.58,151,Delhi
9470,2024-01-22 10:25:00,2024-01-22 10:57:00,2.1,244,Chennai
9471,2024-01-12 21:50:00,2024-01-12 23:02:00,9.33,285,Delhi
9472,2024-01-19 20:18:00,2024-01-19 21:17:00,5.61,166,Hyderabad
9473,2024-01-22 17:25:00,2024-01-22 18:05:00,8.58,117,Delhi
9474,2024-01-26 18:04:00,2024-01-26 18:56:00,9.45,359,Hyderabad
9475,2024-01-06 17:02:00,2024-01-06 17:35:00,4.97,217,Delhi
9476,2024-01-01 15:38:00,2024-01-01 16:15:00,7.12,120,Delhi
9477,2024-01-19 03:06:00,2024-01-19 03:48:00,6.73,236,Mumbai
9478,2024-01-09 04:47:00,2024-01-09 05:14:00,2.63,189,Chennai
9479,2024-01-16 01:00:00,2024-01-16 01:36:00,7.18,217,Chennai
9480,2024-01-29 14:30:00,2024-01-29 15:14:00,6.64,194,Mumbai
9481,2024-01-08 12:22:00,2024-01-08 13:06:00,2.06,220,Hyderabad
9482,2024-01-05 19:20:00,2024-01-05 20:24:00,6.66,480,Chennai
9483,2024-01-04 23:24:00,2024-01-05 00:08:00,7.1,269,Bangalore
9484,2024-01-16 00:43:00,2024-01-16 01:16:00,2.41,160,Hyderabad
9485,2024-01-01 19:43:00,2024-01-01 20:46:00,7.31,173,Bangalore
9486,2024-01-17 21:11:00,2024-01-17 22:12:00,9.67,260,Bangalore
9487,2024-01-14 15:41:00,2024-01-14 16:15:00,2.83,254,Bangalore
9488,2024-01-06 22:47:00,2024-01-06 23:40:00,5.58,266,Chennai
9489,2024-01-02 15:06:00,2024-01-02 15:30:00,1.24,462,Mumbai
9490,2024-01-13 12:17:00,2024-01-13 12:55:00,1.04,374,Chennai
9491,2024-01-12 21:05:00,2024-01-12 21:53:00,1.57,486,Chennai
9492,2024-01-30 02:17:00,2024-01-30 03:02:00,6.97,281,Delhi
9493,2024-01-03 21:37:00,2024-01-03 22:45:00,9.84,466,Delhi
9494,2024-01-29 01:04:00,2024-01-29 01:32:00,2.48,304,Chennai
9495,2024-01-07 03:41:00,2024-01-07 04:18:00,2.78,332,Bangalore
9496,2024-01-02 18:29:00,2024-01-02 19:13:00,5.22,494,Chennai
9497,2024-01-19 07:24:00,2024-01-19 07:55:00,5.34,358,Chennai
9498,2024-01-20 03:35:00,2024-01-20 04:05:00,1.67,316,Hyderabad
9499,2024-01-08 13:37:00,2024-01-08 14:34:00,5.56,371,Delhi
9500,2024-01-20 08:18:00,2024-01-20 08:49:00,1.05,446,Hyderabad
9501,2024-01-17 03:59:00,2024-01-17 04:37:00,3.61,165,Bangalore
9502,2024-01-01 18:53:00,2024-01-01 19:38:00,7.5,108,Bangalore
9503,2024-01-14 23:45:00,2024-01-15 00:33:00,8.98,112,Bangalore
9504,2024-01-12 08:48:00,2024-01-12 09:23:00,5.99,354,Mumbai
9505,2024-01-14 10:35:00,2024-01-14 11:20:00,9.22,423,Bangalore
9506,2024-01-05 02:18:00,2024-01-05 03:05:00,7.87,355,Hyderabad
9507,2024-01-07 12:18:00,2024-01-07 13:20:00,9.64,260,Delhi
9508,2024-01-17 20:18:00,2024-01-17 21:26:00,4.99,171,Mumbai
9509,2024-01-20 20:58:00,2024-01-20 22:04:00,7.07,288,Chennai
9510,2024-01-20 22:15:00,2024-01-20 23:22:00,7.77,392,Chennai
9511,2024-01-24 07:50:00,2024-01-24 08:40:00,8.2,462,Mumbai
9512,2024-01-04 22:19:00,2024-01-04 23:28:00,8.18,409,Mumbai
9513,2024-01-17 05:02:00,2024-01-17 05:41:00,4.8,492,Mumbai
9514,2024-01-13 20:16:00,2024-01-13 21:19:00,8.4,128,Bangalore
9515,2024-01-02 07:44:00,2024-01-02 08:14:00,3.09,344,Delhi
9516,2024-01-14 15:00:00,2024-01-14 15:43:00,7.85,115,Mumbai
9517,2024-01-27 01:58:00,2024-01-27 02:22:00,1.13,397,Bangalore
9518,2024-01-13 05:16:00,2024-01-13 05:51:00,7.19,119,Hyderabad
9519,2024-01-22 02:19:00,2024-01-22 02:50:00,4.4,180,Hyderabad
9520,2024-01-28 02:47:00,2024-01-28 03:31:00,7.83,163,Mumbai
9521,2024-01-21 06:22:00,2024-01-21 07:03:00,4.72,245,Mumbai
9522,2024-01-30 08:14:00,2024-01-30 08:59:00,7.38,179,Delhi
9523,2024-01-30 03:29:00,2024-01-30 04:01:00,3.97,266,Chennai
9524,2024-01-27 13:31:00,2024-01-27 14:12:00,1.64,194,Chennai
9525,2024-01-10 07:03:00,2024-01-10 07:52:00,8.99,321,Hyderabad
9526,2024-01-29 09:54:00,2024-01-29 10:28:00,4.21,332,Mumbai
9527,2024-01-16 02:35:00,2024-01-16 03:02:00,3.93,315,Hyderabad
9528,2024-01-27 06:20:00,2024-01-27 07:06:00,8.59,392,Hyderabad
9529,2024-01-28 18:29:00,2024-01-28 18:56:00,1.76,190,Delhi
9530,2024-01-25 20:13:00,2024-01-25 21:10:00,6.51,286,Chennai
9531,2024-01-24 15:41:00,2024-01-24 16:27:00,9.34,437,Hyderabad
9532,2024-01-10 04:48:00,2024-01-10 05:23:00,5.83,112,Mumbai
9533,2024-01-15 02:48:00,2024-01-15 03:30:00,8.61,454,Delhi
9534,2024-01-01 13:43:00,2024-01-01 14:23:00,4.03,243,Hyderabad
9535,2024-01-11 22:14:00,2024-01-11 22:59:00,2.87,182,Delhi
9536,2024-01-04 12:02:00,2024-01-04 12:57:00,6.96,235,Hyderabad
9537,2024-01-21 19:11:00,2024-01-21 20:11:00,9.72,215,Hyderabad
9538,2024-01-31 11:46:00,2024-01-31 12:27:00,9.48,262,Chennai
9539,2024-01-06 11:31:00,2024-01-06 12:09:00,3.64,444,Bangalore
9540,2024-01-09 23:37:00,2024-01-10 00:20:00,6.26,108,Mumbai
9541,2024-01-07 03:43:00,2024-01-07 04:29:00,6.07,128,Chennai
9542,2024-01-31 15:14:00,2024-01-31 15:54:00,7.91,213,Chennai
9543,2024-01-27 10:25:00,2024-01-27 11:16:00,9.07,176,Delhi
9544,2024-01-16 20:21:00,2024-01-16 21:09:00,1.69,393,Bangalore
9545,2024-01-04 07:57:00,2024-01-04 08:27:00,3.29,453,Chennai
9546,2024-01-09 02:26:00,2024-01-09 03:00:00,1.47,427,Hyderabad
9547,2024-01-28 11:42:00,2024-01-28 12:24:00,9.18,230,Mumbai
9548,2024-01-26 14:59:00,2024-01-26 15:58:00,6.62,484,Chennai
9549,2024-01-23 16:03:00,2024-01-23 16:44:00,9.41,308,Delhi
9550,2024-01-04 14:56:00,2024-01-04 15:46:00,5.67,453,Hyderabad
9551,2024-01-03 23:38:00,2024-01-04 00:15:00,1.56,150,Mumbai
9552,2024-01-12 09:15:00,2024-01-12 10:08:00,9.97,291,Mumbai
9553,2024-01-05 14:07:00,2024-01-05 15:04:00,9.32,189,Delhi
9554,2024-01-23 22:20:00,2024-01-23 23:26:00,4.13,364,Delhi
9555,2024-01-12 02:01:00,2024-01-12 02:26:00,1.87,299,Bangalore
9556,2024-01-19 01:30:00,2024-01-19 02:15:00,6.2,223,Hyderabad
9557,2024-01-09 03:03:00,2024-01-09 03:45:00,5.72,173,Bangalore
9558,2024-01-06 00:22:00,2024-01-06 00:51:00,3.14,408,Mumbai
9559,2024-01-21 14:11:00,2024-01-21 14:52:00,4.52,110,Hyderabad
9560,2024-01-25 23:05:00,2024-01-25 23:42:00,8.26,489,Chennai
9561,2024-01-25 19:02:00,2024-01-25 19:52:00,3.14,297,Delhi
9562,2024-01-16 23:33:00,2024-01-17 00:01:00,2.54,296,Hyderabad
9563,2024-01-16 11:55:00,2024-01-16 12:26:00,5.84,370,Delhi
9564,2024-01-12 18:50:00,2024-01-12 19:31:00,6.6,146,Chennai
9565,2024-01-06 13:42:00,2024-01-06 14:43:00,9.96,479,Hyderabad
9566,2024-01-18 16:12:00,2024-01-18 16:46:00,2.3,344,Mumbai
9567,2024-01-11 15:44:00,2024-01-11 16:25:00,7.66,288,Chennai
9568,2024-01-14 21:27:00,2024-01-14 22:42:00,9.59,333,Chennai
9569,2024-01-23 21:50:00,2024-01-23 22:52:00,2.07,377,Chennai
9570,2024-01-28 23:37:00,2024-01-29 00:09:00,5.07,295,Chennai
9571,2024-01-04 21:05:00,2024-01-04 22:13:00,9.84,422,Bangalore
9572,2024-01-19 05:44:00,2024-01-19 06:30:00,7.26,129,Chennai
9573,2024-01-15 16:27:00,2024-01-15 17:01:00,6.3,263,Mumbai
9574,2024-01-07 08:24:00,2024-01-07 09:06:00,8.59,184,Delhi
9575,2024-01-18 18:27:00,2024-01-18 19:06:00,8.48,340,Hyderabad
9576,2024-01-19 02:44:00,2024-01-19 03:26:00,7.8,266,Hyderabad
9577,2024-01-06 11:59:00,2024-01-06 12:30:00,3.8,210,Mumbai
9578,2024-01-13 21:36:00,2024-01-13 22:39:00,9.17,138,Chennai
9579,2024-01-25 18:42:00,2024-01-25 19:17:00,6.77,293,Hyderabad
9580,2024-01-12 17:31:00,2024-01-12 17:57:00,1.54,441,Bangalore
9581,2024-01-06 03:20:00,2024-01-06 03:59:00,3.36,315,Delhi
9582,2024-01-23 15:02:00,2024-01-23 15:39:00,5.35,433,Bangalore
9583,2024-01-11 12:15:00,2024-01-11 13:08:00,9.42,123,Bangalore
9584,2024-01-05 13:32:00,2024-01-05 14:18:00,4.19,447,Bangalore
9585,2024-01-24 05:16:00,2024-01-24 05:45:00,3.16,252,Delhi
9586,2024-01-18 08:38:00,2024-01-18 09:27:00,7.73,250,Chennai
9587,2024-01-31 23:30:00,2024-02-01 00:04:00,4.56,350,Mumbai
9588,2024-01-30 03:50:00,2024-01-30 04:19:00,2.35,137,Bangalore
9589,2024-01-19 11:13:00,2024-01-19 11:46:00,1.53,150,Mumbai
9590,2024-01-05 00:55:00,2024-01-05 01:30:00,4.05,380,Mumbai
9591,2024-01-11 18:54:00,2024-01-11 19:29:00,6.71,221,Chennai
9592,2024-01-20 18:17:00,2024-01-20 19:06:00,7.5,416,Bangalore
9593,2024-01-02 01:40:00,2024-01-02 02:26:00,7.33,237,Bangalore
9594,2024-01-22 08:04:00,2024-01-22 08:35:00,3.12,332,Delhi
9595,2024-01-13 13:27:00,2024-01-13 14:21:00,8.36,471,Bangalore
9596,2024-01-27 09:22:00,2024-01-27 10:02:00,7.71,418,Bangalore
9597,2024-01-08 09:22:00,2024-01-08 09:56:00,4.69,133,Mumbai
9598,2024-01-25 12:55:00,2024-01-25 13:53:00,9.15,370,Mumbai
9599,2024-01-17 05:38:00,2024-01-17 06:27:00,8.89,379,Mumbai
9600,2024-01-02 02:24:00,2024-01-02 03:09:00,7.51,294,Chennai
9601,2024-01-05 22:04:00,2024-01-05 23:08:00,4.14,378,Delhi
9602,2024-01-04 16:17:00,2024-01-04 16:44:00,1.92,268,Chennai
9603,2024-01-30 05:33:00,2024-01-30 06:22:00,8.81,361,Delhi
9604,2024-01-24 04:44:00,2024-01-24 05:29:00,7.59,171,Mumbai
9605,2024-01-31 04:45:00,2024-01-31 05:16:00,2.77,169,Bangalore
9606,2024-01-03 18:12:00,2024-01-03 18:58:00,9.75,186,Delhi
9607,2024-01-06 03:20:00,2024-01-06 04:07:00,9.51,118,Mumbai
9608,2024-01-05 10:36:00,2024-01-05 11:11:00,4.15,282,Chennai
9609,2024-01-10 10:44:00,2024-01-10 11:17:00,2.35,423,Chennai
9610,2024-01-24 00:06:00,2024-01-24 00:54:00,7.87,152,Chennai
9611,2024-01-10 09:11:00,2024-01-10 09:47:00,1.67,168,Bangalore
9612,2024-01-19 13:28:00,2024-01-19 14:16:00,7.34,341,Chennai
9613,2024-01-30 20:55:00,2024-01-30 21:57:00,3.06,193,Chennai
9614,2024-01-31 10:36:00,2024-01-31 11:17:00,8.09,355,Bangalore
9615,2024-01-02 01:36:00,2024-01-02 02:13:00,4.96,276,Hyderabad
9616,2024-01-20 02:32:00,2024-01-20 03:19:00,6.86,486,Hyderabad
9617,2024-01-12 06:10:00,2024-01-12 06:42:00,6.0,481,Hyderabad
9618,2024-01-31 20:38:00,2024-01-31 21:32:00,5.89,484,Mumbai
9619,2024-01-03 06:49:00,2024-01-03 07:26:00,5.33,201,Mumbai
9620,2024-01-29 03:08:00,2024-01-29 03:39:00,5.41,409,Bangalore
9621,2024-01-18 09:35:00,2024-01-18 10:14:00,7.42,251,Bangalore
9622,2024-01-16 22:48:00,2024-01-16 23:42:00,3.82,210,Hyderabad
9623,2024-01-26 11:44:00,2024-01-26 12:27:00,8.4,354,Chennai
9624,2024-01-21 18:46:00,2024-01-21 19:31:00,8.72,382,Bangalore
9625,2024-01-10 18:03:00,2024-01-10 18:49:00,8.66,364,Delhi
9626,2024-01-27 06:09:00,2024-01-27 06:49:00,7.19,197,Mumbai
9627,2024-01-13 17:59:00,2024-01-13 18:44:00,9.75,263,Delhi
9628,2024-01-05 20:07:00,2024-01-05 21:10:00,4.99,140,Hyderabad
9629,2024-01-05 05:49:00,2024-01-05 06:24:00,2.93,394,Mumbai
9630,2024-01-02 08:16:00,2024-01-02 08:40:00,1.86,316,Hyderabad
9631,2024-01-15 04:51:00,2024-01-15 05:42:00,8.73,329,Mumbai
9632,2024-01-02 15:48:00,2024-01-02 16:14:00,2.03,421,Delhi
9633,2024-01-02 18:24:00,2024-01-02 19:10:00,6.46,289,Hyderabad
9634,2024-01-15 03:43:00,2024-01-15 04:19:00,2.89,255,Bangalore
9635,2024-01-08 18:44:00,2024-01-08 19:13:00,3.82,159,Chennai
9636,2024-01-27 12:36:00,2024-01-27 13:22:00,6.57,362,Mumbai
9637,2024-01-09 09:56:00,2024-01-09 10:37:00,9.64,254,Bangalore
9638,2024-01-23 09:41:00,2024-01-23 10:21:00,4.3,498,Chennai
9639,2024-01-07 20:04:00,2024-01-07 20:55:00,1.14,442,Chennai
9640,2024-01-30 06:36:00,2024-01-30 07:18:00,5.74,380,Mumbai
9641,2024-01-08 13:32:00,2024-01-08 14:21:00,7.46,282,Mumbai
9642,2024-01-12 05:13:00,2024-01-12 05:52:00,5.27,263,Mumbai
9643,2024-01-08 04:02:00,2024-01-08 04:42:00,7.63,177,Delhi
9644,2024-01-18 23:11:00,2024-01-18 23:50:00,3.16,300,Delhi
9645,2024-01-23 22:14:00,2024-01-23 23:18:00,6.99,465,Bangalore
9646,2024-01-29 13:45:00,2024-01-29 14:45:00,9.31,221,Mumbai
9647,2024-01-29 19:02:00,2024-01-29 19:57:00,2.29,229,Bangalore
9648,2024-01-24 04:06:00,2024-01-24 04:50:00,6.86,226,Chennai
9649,2024-01-28 00:13:00,2024-01-28 00:44:00,2.85,177,Delhi
9650,2024-01-19 13:37:00,2024-01-19 14:14:00,3.58,400,Delhi
9651,2024-01-04 08:33:00,2024-01-04 09:02:00,3.06,290,Mumbai
9652,2024-01-14 14:14:00,2024-01-14 15:04:00,4.52,372,Mumbai
9653,2024-01-28 02:34:00,2024-01-28 03:23:00,9.2,289,Chennai
9654,2024-01-13 23:16:00,2024-01-13 23:46:00,1.19,363,Mumbai
9655,2024-01-07 12:08:00,2024-01-07 12:55:00,7.42,333,Bangalore
9656,2024-01-06 14:26:00,2024-01-06 15:05:00,4.5,303,Hyderabad
9657,2024-01-28 21:37:00,2024-01-28 22:37:00,9.83,117,Bangalore
9658,2024-01-17 05:16:00,2024-01-17 05:59:00,7.94,155,Delhi
9659,2024-01-23 11:29:00,2024-01-23 12:04:00,4.38,264,Bangalore
9660,2024-01-26 13:46:00,2024-01-26 14:46:00,6.15,157,Chennai
9661,2024-01-23 17:56:00,2024-01-23 18:28:00,5.93,214,Bangalore
9662,2024-01-25 22:44:00,2024-01-25 23:35:00,4.15,324,Bangalore
9663,2024-01-06 13:51:00,2024-01-06 14:41:00,2.76,379,Hyderabad
9664,2024-01-31 20:30:00,2024-01-31 21:23:00,1.32,139,Chennai
9665,2024-01-19 04:08:00,2024-01-19 04:42:00,5.9,233,Bangalore
9666,2024-01-21 23:36:00,2024-01-22 00:00:00,1.61,418,Chennai
9667,2024-01-20 11:38:00,2024-01-20 12:20:00,4.37,411,Bangalore
9668,2024-01-08 16:18:00,2024-01-08 16:46:00,1.58,256,Hyderabad
9669,2024-01-23 16:19:00,2024-01-23 16:47:00,3.97,125,Hyderabad
9670,2024-01-14 17:48:00,2024-01-14 18:16:00,1.58,473,Mumbai
9671,2024-01-20 04:32:00,2024-01-20 05:02:00,2.78,221,Chennai
9672,2024-01-01 00:57:00,2024-01-01 01:38:00,8.27,189,Bangalore
9673,2024-01-25 03:35:00,2024-01-25 03:59:00,2.22,416,Chennai
9674,2024-01-08 09:59:00,2024-01-08 10:38:00,7.81,429,Chennai
9675,2024-01-16 17:55:00,2024-01-16 18:34:00,4.08,443,Chennai
9676,2024-01-14 13:52:00,2024-01-14 14:53:00,9.03,137,Delhi
9677,2024-01-14 02:42:00,2024-01-14 03:28:00,6.14,165,Chennai
9678,2024-01-13 21:29:00,2024-01-13 22:30:00,4.44,258,Chennai
9679,2024-01-14 03:11:00,2024-01-14 03:55:00,8.53,347,Delhi
9680,2024-01-31 22:29:00,2024-01-31 23:34:00,5.46,472,Hyderabad
9681,2024-01-01 22:28:00,2024-01-01 23:38:00,6.21,327,Mumbai
9682,2024-01-20 22:04:00,2024-01-20 22:57:00,2.62,303,Bangalore
9683,2024-01-08 02:44:00,2024-01-08 03:22:00,6.26,160,Bangalore
9684,2024-01-20 22:08:00,2024-01-20 23:07:00,9.87,137,Hyderabad
9685,2024-01-24 01:16:00,2024-01-24 02:08:00,9.96,383,Hyderabad
9686,2024-01-27 07:10:00,2024-01-27 07:55:00,8.0,332,Hyderabad
9687,2024-01-20 21:31:00,2024-01-20 22:32:00,6.65,124,Chennai
9688,2024-01-17 23:03:00,2024-01-17 23:45:00,4.27,227,Mumbai
9689,2024-01-11 05:46:00,2024-01-11 06:27:00,7.46,169,Mumbai
9690,2024-01-30 13:18:00,2024-01-30 14:10:00,9.81,270,Bangalore
9691,2024-01-17 23:58:00,2024-01-18 00:40:00,6.33,449,Hyderabad
9692,2024-01-06 08:26:00,2024-01-06 09:16:00,8.52,217,Chennai
9693,2024-01-28 05:33:00,2024-01-28 06:03:00,3.6,256,Delhi
9694,2024-01-22 16:59:00,2024-01-22 17:41:00,7.16,407,Mumbai
9695,2024-01-27 10:57:00,2024-01-27 11:23:00,2.53,290,Chennai
9696,2024-01-01 13:02:00,2024-01-01 13:52:00,1.62,251,Chennai
9697,2024-01-02 23:27:00,2024-01-02 23:59:00,4.65,168,Bangalore
9698,2024-01-27 17:36:00,2024-01-27 18:19:00,6.39,210,Bangalore
9699,2024-01-09 05:26:00,2024-01-09 06:02:00,5.91,361,Mumbai
9700,2024-01-09 03:50:00,2024-01-09 04:28:00,3.94,281,Hyderabad
9701,2024-01-31 18:38:00,2024-01-31 19:28:00,9.63,286,Bangalore
9702,2024-01-04 05:49:00,2024-01-04 06:33:00,8.85,329,Bangalore
9703,2024-01-06 22:29:00,2024-01-06 23:41:00,7.14,168,Delhi
9704,2024-01-01 14:28:00,2024-01-01 15:10:00,5.41,261,Bangalore
9705,2024-01-09 08:45:00,2024-01-09 09:32:00,7.27,479,Bangalore
9706,2024-01-21 17:10:00,2024-01-21 17:38:00,3.47,346,Delhi
9707,2024-01-02 13:21:00,2024-01-02 14:02:00,3.8,346,Bangalore
9708,2024-01-07 13:21:00,2024-01-07 14:08:00,4.81,330,Bangalore
9709,2024-01-26 20:08:00,2024-01-26 20:52:00,2.41,414,Mumbai
9710,2024-01-29 19:07:00,2024-01-29 20:05:00,5.05,259,Mumbai
9711,2024-01-07 16:13:00,2024-01-07 16:50:00,6.76,213,Bangalore
9712,2024-01-31 11:01:00,2024-01-31 11:37:00,1.92,217,Hyderabad
9713,2024-01-07 21:02:00,2024-01-07 22:02:00,1.55,140,Delhi
9714,2024-01-19 01:04:00,2024-01-19 01:43:00,9.07,223,Chennai
9715,2024-01-27 16:11:00,2024-01-27 16:47:00,3.87,446,Bangalore
9716,2024-01-31 02:43:00,2024-01-31 03:36:00,9.68,191,Delhi
9717,2024-01-03 15:56:00,2024-01-03 16:36:00,9.2,447,Chennai
9718,2024-01-25 01:52:00,2024-01-25 02:28:00,7.9,313,Mumbai
9719,2024-01-13 10:42:00,2024-01-13 11:11:00,4.25,354,Hyderabad
9720,2024-01-10 00:26:00,2024-01-10 00:52:00,2.59,304,Delhi
9721,2024-01-30 10:26:00,2024-01-30 11:06:00,4.72,220,Mumbai
9722,2024-01-30 05:18:00,2024-01-30 06:00:00,6.22,334,Hyderabad
9723,2024-01-25 18:52:00,2024-01-25 19:26:00,5.86,266,Mumbai
9724,2024-01-24 08:47:00,2024-01-24 09:15:00,2.22,155,Hyderabad
9725,2024-01-21 05:36:00,2024-01-21 06:15:00,9.31,440,Delhi
9726,2024-01-07 01:39:00,2024-01-07 02:19:00,3.61,153,Hyderabad
9727,2024-01-03 03:01:00,2024-01-03 03:32:00,2.98,291,Delhi
9728,2024-01-16 12:58:00,2024-01-16 13:53:00,6.36,416,Chennai
9729,2024-01-13 22:50:00,2024-01-14 00:06:00,9.62,371,Chennai
9730,2024-01-14 16:04:00,2024-01-14 16:36:00,1.79,366,Chennai
9731,2024-01-01 16:10:00,2024-01-01 16:53:00,5.87,328,Bangalore
9732,2024-01-28 12:07:00,2024-01-28 12:59:00,4.39,127,Hyderabad
9733,2024-01-18 17:57:00,2024-01-18 18:40:00,5.54,189,Chennai
9734,2024-01-19 10:30:00,2024-01-19 11:15:00,8.16,110,Hyderabad
9735,2024-01-17 16:23:00,2024-01-17 17:00:00,5.18,316,Hyderabad
9736,2024-01-28 04:32:00,2024-01-28 05:08:00,4.2,121,Bangalore
9737,2024-01-23 11:11:00,2024-01-23 11:49:00,5.71,174,Bangalore
9738,2024-01-31 17:14:00,2024-01-31 17:50:00,5.78,265,Hyderabad
9739,2024-01-11 21:38:00,2024-01-11 22:40:00,3.61,493,Mumbai
9740,2024-01-14 02:17:00,2024-01-14 02:51:00,2.59,356,Chennai
9741,2024-01-12 09:34:00,2024-01-12 10:06:00,2.04,497,Hyderabad
9742,2024-01-04 15:33:00,2024-01-04 16:12:00,4.04,498,Delhi
9743,2024-01-02 11:48:00,2024-01-02 12:24:00,4.84,173,Delhi
9744,2024-01-13 19:03:00,2024-01-13 20:10:00,9.12,198,Mumbai
9745,2024-01-11 02:37:00,2024-01-11 03:06:00,4.57,341,Bangalore
9746,2024-01-16 20:48:00,2024-01-16 21:42:00,4.03,493,Bangalore
9747,2024-01-25 06:37:00,2024-01-25 07:10:00,6.39,220,Chennai
9748,2024-01-07 20:20:00,2024-01-07 21:16:00,7.41,161,Hyderabad
9749,2024-01-07 22:02:00,2024-01-07 23:10:00,5.75,216,Delhi
9750,2024-01-26 03:49:00,2024-01-26 04:27:00,7.7,460,Mumbai
9751,2024-01-05 08:15:00,2024-01-05 09:01:00,7.64,330,Delhi
9752,2024-01-11 18:30:00,2024-01-11 18:58:00,3.28,375,Delhi
9753,2024-01-01 02:02:00,2024-01-01 02:31:00,1.72,203,Bangalore
9754,2024-01-26 06:35:00,2024-01-26 07:14:00,3.79,499,Mumbai
9755,2024-01-21 08:17:00,2024-01-21 08:50:00,2.53,148,Bangalore
9756,2024-01-17 22:18:00,2024-01-17 23:29:00,9.2,459,Mumbai
9757,2024-01-20 00:41:00,2024-01-20 01:10:00,3.16,328,Chennai
9758,2024-01-06 07:01:00,2024-01-06 07:38:00,7.47,216,Mumbai
9759,2024-01-28 17:59:00,2024-01-28 18:36:00,6.18,246,Mumbai
9760,2024-01-15 04:46:00,2024-01-15 05:20:00,5.84,173,Bangalore
9761,2024-01-18 20:17:00,2024-01-18 21:20:00,5.35,159,Mumbai
9762,2024-01-14 15:05:00,2024-01-14 15:33:00,4.18,422,Delhi
9763,2024-01-13 03:53:00,2024-01-13 04:34:00,5.94,139,Delhi
9764,2024-01-13 18:36:00,2024-01-13 19:04:00,3.6,174,Hyderabad
9765,2024-01-23 18:52:00,2024-01-23 19:42:00,9.05,333,Bangalore
9766,2024-01-29 16:26:00,2024-01-29 17:07:00,5.87,205,Hyderabad
9767,2024-01-16 11:42:00,2024-01-16 12:24:00,5.23,241,Mumbai
9768,2024-01-23 13:14:00,2024-01-23 13:56:00,5.98,271,Chennai
9769,2024-01-01 17:36:00,2024-01-01 18:17:00,4.6,426,Mumbai
9770,2024-01-25 19:55:00,2024-01-25 20:59:00,4.55,217,Hyderabad
9771,2024-01-03 06:48:00,2024-01-03 07:30:00,9.3,410,Hyderabad
9772,2024-01-17 02:25:00,2024-01-17 03:11:00,9.98,254,Delhi
9773,2024-01-31 23:16:00,2024-02-01 00:01:00,6.42,270,Bangalore
9774,2024-01-14 00:17:00,2024-01-14 00:46:00,3.87,433,Chennai
9775,2024-01-02 05:52:00,2024-01-02 06:30:00,3.94,447,Delhi
9776,2024-01-13 16:51:00,2024-01-13 17:20:00,4.08,155,Mumbai
9777,2024-01-03 08:58:00,2024-01-03 09:40:00,9.93,391,Mumbai
9778,2024-01-01 23:17:00,2024-01-01 23:56:00,4.93,197,Bangalore
9779,2024-01-19 12:51:00,2024-01-19 13:40:00,3.93,467,Mumbai
9780,2024-01-28 04:43:00,2024-01-28 05:12:00,3.68,400,Chennai
9781,2024-01-12 17:55:00,2024-01-12 18:25:00,2.44,477,Delhi
9782,2024-01-04 06:26:00,2024-01-04 07:05:00,5.65,468,Chennai
9783,2024-01-23 11:29:00,2024-01-23 12:20:00,9.48,352,Mumbai
9784,2024-01-05 19:24:00,2024-01-05 20:33:00,9.12,311,Delhi
9785,2024-01-27 14:50:00,2024-01-27 15:40:00,1.24,329,Hyderabad
9786,2024-01-28 11:43:00,2024-01-28 12:27:00,7.52,205,Chennai
9787,2024-01-04 02:08:00,2024-01-04 02:45:00,8.87,148,Delhi
9788,2024-01-16 01:02:00,2024-01-16 01:42:00,3.22,189,Mumbai
9789,2024-01-13 08:09:00,2024-01-13 08:39:00,4.33,204,Delhi
9790,2024-01-07 22:45:00,2024-01-07 23:41:00,6.27,306,Mumbai
9791,2024-01-09 18:31:00,2024-01-09 19:05:00,5.22,108,Bangalore
9792,2024-01-19 09:00:00,2024-01-19 09:34:00,5.9,106,Bangalore
9793,2024-01-21 08:32:00,2024-01-21 09:21:00,8.87,140,Chennai
9794,2024-01-06 16:35:00,2024-01-06 17:25:00,8.28,278,Mumbai
9795,2024-01-09 03:21:00,2024-01-09 03:53:00,1.8,195,Mumbai
9796,2024-01-19 20:12:00,2024-01-19 21:14:00,4.51,352,Delhi
9797,2024-01-04 19:00:00,2024-01-04 20:15:00,8.48,443,Bangalore
9798,2024-01-11 22:00:00,2024-01-11 22:56:00,5.88,340,Bangalore
9799,2024-01-24 20:32:00,2024-01-24 21:41:00,7.82,191,Chennai
9800,2024-01-07 12:26:00,2024-01-07 13:10:00,1.61,236,Chennai
9801,2024-01-12 01:16:00,2024-01-12 01:44:00,2.31,250,Hyderabad
9802,2024-01-07 13:02:00,2024-01-07 13:50:00,7.11,394,Mumbai
9803,2024-01-19 13:51:00,2024-01-19 14:42:00,2.69,466,Bangalore
9804,2024-01-14 08:55:00,2024-01-14 09:27:00,5.12,297,Chennai
9805,2024-01-15 03:21:00,2024-01-15 04:00:00,5.36,336,Chennai
9806,2024-01-05 10:07:00,2024-01-05 10:47:00,6.69,206,Bangalore
9807,2024-01-18 01:53:00,2024-01-18 02:36:00,9.59,476,Mumbai
9808,2024-01-18 06:56:00,2024-01-18 07:39:00,5.86,222,Chennai
9809,2024-01-13 12:34:00,2024-01-13 13:30:00,5.8,180,Chennai
9810,2024-01-28 17:46:00,2024-01-28 18:23:00,3.42,138,Bangalore
9811,2024-01-08 22:40:00,2024-01-08 23:34:00,4.66,211,Delhi
9812,2024-01-09 17:45:00,2024-01-09 18:22:00,3.96,437,Bangalore
9813,2024-01-24 01:23:00,2024-01-24 02:12:00,8.22,387,Mumbai
9814,2024-01-11 18:12:00,2024-01-11 18:44:00,3.46,277,Chennai
9815,2024-01-24 20:53:00,2024-01-24 21:48:00,1.14,430,Chennai
9816,2024-01-13 12:16:00,2024-01-13 12:59:00,2.82,304,Delhi
9817,2024-01-05 23:11:00,2024-01-05 23:39:00,1.88,272,Mumbai
9818,2024-01-18 23:59:00,2024-01-19 00:39:00,4.8,128,Bangalore
9819,2024-01-12 05:11:00,2024-01-12 05:52:00,7.19,369,Hyderabad
9820,2024-01-12 11:42:00,2024-01-12 12:11:00,3.88,343,Chennai
9821,2024-01-10 12:23:00,2024-01-10 13:01:00,2.4,266,Bangalore
9822,2024-01-01 18:41:00,2024-01-01 19:17:00,5.3,277,Chennai
9823,2024-01-21 02:21:00,2024-01-21 02:49:00,1.16,471,Delhi
9824,2024-01-31 15:28:00,2024-01-31 16:10:00,5.75,375,Mumbai
9825,2024-01-05 16:09:00,2024-01-05 16:53:00,9.23,489,Hyderabad
9826,2024-01-04 07:16:00,2024-01-04 07:51:00,4.25,408,Mumbai
9827,2024-01-15 21:58:00,2024-01-15 22:52:00,2.5,429,Delhi
9828,2024-01-10 19:55:00,2024-01-10 20:52:00,1.77,293,Delhi
9829,2024-01-31 02:03:00,2024-01-31 02:26:00,1.26,107,Bangalore
9830,2024-01-08 12:56:00,2024-01-08 13:35:00,3.3,462,Delhi
9831,2024-01-31 21:42:00,2024-01-31 22:33:00,4.84,152,Mumbai
9832,2024-01-15 00:03:00,2024-01-15 00:42:00,3.5,421,Delhi
9833,2024-01-12 16:31:00,2024-01-12 17:16:00,5.56,172,Delhi
9834,2024-01-13 02:13:00,2024-01-13 02:47:00,4.15,326,Delhi
9835,2024-01-17 16:53:00,2024-01-17 17:38:00,5.7,438,Chennai
9836,2024-01-09 11:00:00,2024-01-09 11:28:00,1.41,143,Bangalore
9837,2024-01-13 05:57:00,2024-01-13 06:35:00,6.08,195,Delhi
9838,2024-01-09 17:05:00,2024-01-09 17:39:00,1.76,425,Delhi
9839,2024-01-17 17:52:00,2024-01-17 18:25:00,3.51,235,Delhi
9840,2024-01-12 16:28:00,2024-01-12 17:00:00,3.78,448,Mumbai
9841,2024-01-15 13:37:00,2024-01-15 14:11:00,1.02,329,Mumbai
9842,2024-01-06 05:40:00,2024-01-06 06:16:00,1.84,277,Hyderabad
9843,2024-01-18 05:08:00,2024-01-18 05:54:00,8.93,454,Hyderabad
9844,2024-01-13 17:55:00,2024-01-13 18:22:00,1.22,328,Delhi
9845,2024-01-15 22:55:00,2024-01-15 23:48:00,3.66,472,Delhi
9846,2024-01-29 06:10:00,2024-01-29 06:46:00,5.26,359,Mumbai
9847,2024-01-25 18:28:00,2024-01-25 19:04:00,2.3,275,Mumbai
9848,2024-01-08 23:41:00,2024-01-09 00:20:00,3.98,201,Bangalore
9849,2024-01-21 21:04:00,2024-01-21 22:10:00,6.39,153,Hyderabad
9850,2024-01-15 02:35:00,2024-01-15 03:18:00,9.83,187,Chennai
9851,2024-01-05 02:58:00,2024-01-05 03:37:00,8.87,258,Chennai
9852,2024-01-29 02:02:00,2024-01-29 02:51:00,9.5,497,Hyderabad
9853,2024-01-12 21:23:00,2024-01-12 22:28:00,4.3,242,Bangalore
9854,2024-01-05 01:35:00,2024-01-05 02:07:00,2.91,184,Chennai
9855,2024-01-01 04:15:00,2024-01-01 04:46:00,2.77,324,Mumbai
9856,2024-01-02 16:38:00,2024-01-02 17:11:00,3.49,267,Bangalore
9857,2024-01-20 23:01:00,2024-01-20 23:42:00,5.2,331,Bangalore
9858,2024-01-26 02:01:00,2024-01-26 02:49:00,8.31,369,Chennai
9859,2024-01-16 22:43:00,2024-01-16 23:30:00,1.69,395,Bangalore
9860,2024-01-08 14:30:00,2024-01-08 15:21:00,7.9,260,Mumbai
9861,2024-01-13 14:43:00,2024-01-13 15:40:00,9.46,296,Chennai
9862,2024-01-13 13:34:00,2024-01-13 14:16:00,2.72,294,Bangalore
9863,2024-01-03 16:17:00,2024-01-03 16:54:00,3.23,327,Chennai
9864,2024-01-30 01:21:00,2024-01-30 02:00:00,4.21,275,Chennai
9865,2024-01-06 14:10:00,2024-01-06 14:55:00,5.61,183,Hyderabad
9866,2024-01-08 17:32:00,2024-01-08 17:59:00,3.96,225,Bangalore
9867,2024-01-22 11:38:00,2024-01-22 12:24:00,9.99,119,Chennai
9868,2024-01-03 00:14:00,2024-01-03 00:52:00,2.01,495,Hyderabad
9869,2024-01-19 23:43:00,2024-01-20 00:14:00,4.97,415,Delhi
9870,2024-01-13 21:35:00,2024-01-13 22:24:00,1.72,112,Chennai
9871,2024-01-11 09:55:00,2024-01-11 10:29:00,2.53,293,Bangalore
9872,2024-01-27 09:29:00,2024-01-27 10:07:00,3.23,218,Bangalore
9873,2024-01-01 04:40:00,2024-01-01 05:12:00,3.43,497,Bangalore
9874,2024-01-20 18:16:00,2024-01-20 19:02:00,7.61,215,Hyderabad
9875,2024-01-18 16:38:00,2024-01-18 17:16:00,3.93,322,Bangalore
9876,2024-01-14 22:07:00,2024-01-14 23:08:00,6.42,218,Bangalore
9877,2024-01-02 19:31:00,2024-01-02 20:36:00,7.43,394,Chennai
9878,2024-01-02 21:50:00,2024-01-02 22:41:00,4.52,389,Delhi
9879,2024-01-17 02:30:00,2024-01-17 02:58:00,2.19,234,Chennai
9880,2024-01-27 14:45:00,2024-01-27 15:29:00,2.68,116,Delhi
9881,2024-01-19 06:04:00,2024-01-19 06:41:00,3.19,360,Mumbai
9882,2024-01-11 20:30:00,2024-01-11 21:30:00,8.05,461,Bangalore
9883,2024-01-08 17:50:00,2024-01-08 18:30:00,6.03,280,Mumbai
9884,2024-01-07 02:29:00,2024-01-07 03:09:00,9.62,319,Mumbai
9885,2024-01-12 20:47:00,2024-01-12 21:45:00,8.07,351,Hyderabad
9886,2024-01-04 04:36:00,2024-01-04 05:01:00,2.83,462,Delhi
9887,2024-01-12 12:15:00,2024-01-12 12:53:00,1.25,254,Mumbai
9888,2024-01-11 03:57:00,2024-01-11 04:28:00,4.66,456,Chennai
9889,2024-01-22 06:36:00,2024-01-22 07:05:00,1.09,232,Mumbai
9890,2024-01-25 18:50:00,2024-01-25 19:26:00,2.99,392,Bangalore
9891,2024-01-24 00:23:00,2024-01-24 00:54:00,5.11,367,Mumbai
9892,2024-01-21 20:19:00,2024-01-21 21:30:00,9.84,484,Hyderabad
9893,2024-01-28 19:53:00,2024-01-28 20:51:00,6.68,218,Bangalore
9894,2024-01-02 12:53:00,2024-01-02 13:42:00,6.64,465,Delhi
9895,2024-01-02 13:47:00,2024-01-02 14:42:00,9.88,165,Hyderabad
9896,2024-01-25 17:39:00,2024-01-25 18:02:00,1.38,462,Mumbai
9897,2024-01-26 20:22:00,2024-01-26 21:20:00,8.99,299,Bangalore
9898,2024-01-03 11:20:00,2024-01-03 11:54:00,4.74,141,Mumbai
9899,2024-01-01 05:03:00,2024-01-01 05:35:00,4.05,443,Mumbai
9900,2024-01-24 20:16:00,2024-01-24 21:19:00,5.14,194,Hyderabad
9901,2024-01-05 22:25:00,2024-01-05 23:32:00,8.87,270,Mumbai
9902,2024-01-03 23:57:00,2024-01-04 00:26:00,1.07,315,Mumbai
9903,2024-01-13 02:04:00,2024-01-13 02:46:00,7.01,264,Mumbai
9904,2024-01-13 20:01:00,2024-01-13 21:02:00,3.42,108,Mumbai
9905,2024-01-14 14:23:00,2024-01-14 15:17:00,5.42,313,Delhi
9906,2024-01-13 02:26:00,2024-01-13 03:05:00,9.89,133,Hyderabad
9907,2024-01-06 19:30:00,2024-01-06 20:33:00,2.14,383,Chennai
9908,2024-01-13 17:55:00,2024-01-13 18:35:00,9.58,200,Mumbai
9909,2024-01-22 13:55:00,2024-01-22 14:46:00,1.63,469,Mumbai
9910,2024-01-05 10:49:00,2024-01-05 11:28:00,7.73,369,Delhi
9911,2024-01-23 01:49:00,2024-01-23 02:27:00,3.42,229,Mumbai
9912,2024-01-17 12:15:00,2024-01-17 13:14:00,6.38,432,Chennai
9913,2024-01-01 07:05:00,2024-01-01 07:48:00,8.89,334,Hyderabad
9914,2024-01-14 05:45:00,2024-01-14 06:30:00,7.75,157,Mumbai
9915,2024-01-05 15:16:00,2024-01-05 16:04:00,9.19,191,Hyderabad
9916,2024-01-16 09:46:00,2024-01-16 10:27:00,3.73,456,Hyderabad
9917,2024-01-11 01:13:00,2024-01-11 02:02:00,9.56,181,Bangalore
9918,2024-01-08 05:54:00,2024-01-08 06:20:00,3.03,369,Bangalore
9919,2024-01-19 21:03:00,2024-01-19 22:10:00,8.04,238,Bangalore
9920,2024-01-15 22:59:00,2024-01-15 23:59:00,8.9,481,Bangalore
9921,2024-01-05 20:31:00,2024-01-05 21:43:00,6.7,426,Delhi
9922,2024-01-07 10:37:00,2024-01-07 11:27:00,8.59,201,Hyderabad
9923,2024-01-12 13:35:00,2024-01-12 14:24:00,2.02,138,Hyderabad
9924,2024-01-04 01:29:00,2024-01-04 02:07:00,4.44,439,Delhi
9925,2024-01-18 13:48:00,2024-01-18 14:37:00,3.18,252,Chennai
9926,2024-01-20 11:59:00,2024-01-20 12:41:00,4.97,203,Hyderabad
9927,2024-01-17 05:15:00,2024-01-17 05:50:00,1.73,196,Chennai
9928,2024-01-25 17:51:00,2024-01-25 18:34:00,6.72,267,Mumbai
9929,2024-01-04 04:05:00,2024-01-04 04:36:00,2.7,254,Hyderabad
9930,2024-01-25 09:33:00,2024-01-25 10:08:00,3.18,401,Bangalore
9931,2024-01-29 14:51:00,2024-01-29 15:47:00,5.45,111,Hyderabad
9932,2024-01-20 10:59:00,2024-01-20 11:33:00,1.95,346,Delhi
9933,2024-01-23 22:07:00,2024-01-23 23:11:00,2.7,181,Bangalore
9934,2024-01-02 10:11:00,2024-01-02 10:49:00,7.73,411,Hyderabad
9935,2024-01-20 20:35:00,2024-01-20 21:22:00,3.35,404,Bangalore
9936,2024-01-04 18:57:00,2024-01-04 19:36:00,7.48,373,Delhi
9937,2024-01-20 15:08:00,2024-01-20 15:42:00,6.37,368,Mumbai
9938,2024-01-05 07:38:00,2024-01-05 08:11:00,2.77,156,Mumbai
9939,2024-01-17 04:55:00,2024-01-17 05:31:00,6.7,217,Chennai
9940,2024-01-10 08:39:00,2024-01-10 09:19:00,7.6,478,Mumbai
9941,2024-01-10 03:30:00,2024-01-10 04:12:00,9.48,256,Hyderabad
9942,2024-01-12 21:28:00,2024-01-12 22:22:00,6.76,317,Bangalore
9943,2024-01-03 10:56:00,2024-01-03 11:36:00,7.77,499,Hyderabad
9944,2024-01-09 01:23:00,2024-01-09 02:02:00,7.33,458,Delhi
9945,2024-01-23 02:07:00,2024-01-23 02:57:00,8.42,244,Bangalore
9946,2024-01-29 23:39:00,2024-01-30 00:21:00,5.87,302,Mumbai
9947,2024-01-17 12:39:00,2024-01-17 13:43:00,9.61,128,Hyderabad
9948,2024-01-01 04:04:00,2024-01-01 04:47:00,6.38,155,Delhi
9949,2024-01-22 06:19:00,2024-01-22 07:10:00,9.59,320,Delhi
9950,2024-01-31 15:15:00,2024-01-31 15:54:00,4.85,347,Bangalore
9951,2024-01-21 21:06:00,2024-01-21 22:17:00,6.09,423,Chennai
9952,2024-01-14 01:32:00,2024-01-14 01:57:00,2.83,229,Bangalore
9953,2024-01-23 18:14:00,2024-01-23 18:52:00,9.41,218,Hyderabad
9954,2024-01-01 01:57:00,2024-01-01 02:34:00,7.74,409,Chennai
9955,2024-01-06 05:12:00,2024-01-06 05:37:00,1.08,108,Mumbai
9956,2024-01-07 15:54:00,2024-01-07 16:44:00,9.05,297,Mumbai
9957,2024-01-30 08:39:00,2024-01-30 09:22:00,5.13,438,Delhi
9958,2024-01-06 17:37:00,2024-01-06 18:13:00,5.29,193,Chennai
9959,2024-01-29 05:45:00,2024-01-29 06:24:00,6.17,324,Mumbai
9960,2024-01-19 07:11:00,2024-01-19 07:57:00,9.74,117,Bangalore
9961,2024-01-20 18:55:00,2024-01-20 19:45:00,8.15,379,Chennai
9962,2024-01-11 03:19:00,2024-01-11 03:57:00,7.86,151,Bangalore
9963,2024-01-07 16:04:00,2024-01-07 16:45:00,4.92,175,Delhi
9964,2024-01-29 00:51:00,2024-01-29 01:21:00,3.14,287,Bangalore
9965,2024-01-11 20:11:00,2024-01-11 21:16:00,7.62,166,Mumbai
9966,2024-01-29 21:43:00,2024-01-29 22:34:00,1.91,394,Mumbai
9967,2024-01-15 17:51:00,2024-01-15 18:36:00,8.5,260,Bangalore
9968,2024-01-07 13:25:00,2024-01-07 14:04:00,3.1,403,Chennai
9969,2024-01-08 20:00:00,2024-01-08 20:54:00,3.98,130,Chennai
9970,2024-01-06 04:50:00,2024-01-06 05:18:00,3.08,385,Chennai
9971,2024-01-01 00:40:00,2024-01-01 01:12:00,5.41,207,Chennai
9972,2024-01-18 13:34:00,2024-01-18 14:17:00,3.83,334,Delhi
9973,2024-01-09 00:08:00,2024-01-09 00:40:00,3.54,143,Chennai
9974,2024-01-01 06:36:00,2024-01-01 07:14:00,4.13,301,Mumbai
9975,2024-01-24 22:16:00,2024-01-24 23:17:00,2.09,337,Hyderabad
9976,2024-01-01 12:21:00,2024-01-01 13:04:00,4.97,367,Mumbai
9977,2024-01-09 18:38:00,2024-01-09 19:17:00,4.38,241,Hyderabad
9978,2024-01-31 00:30:00,2024-01-31 01:05:00,2.05,422,Hyderabad
9979,2024-01-05 12:53:00,2024-01-05 13:35:00,6.15,413,Chennai
9980,2024-01-19 05:57:00,2024-01-19 06:38:00,4.88,351,Bangalore
9981,2024-01-18 11:42:00,2024-01-18 12:30:00,8.26,406,Hyderabad
9982,2024-01-31 09:20:00,2024-01-31 10:07:00,7.51,289,Delhi
9983,2024-01-26 11:28:00,2024-01-26 12:11:00,7.88,425,Chennai
9984,2024-01-23 18:26:00,2024-01-23 19:02:00,8.09,163,Chennai
9985,2024-01-26 04:01:00,2024-01-26 04:45:00,8.8,469,Mumbai
9986,2024-01-24 00:30:00,2024-01-24 01:02:00,6.4,335,Delhi
9987,2024-01-26 13:41:00,2024-01-26 14:32:00,1.61,255,Hyderabad
9988,2024-01-01 00:29:00,2024-01-01 00:54:00,2.09,435,Bangalore
9989,2024-01-23 01:35:00,2024-01-23 02:13:00,9.42,252,Hyderabad
9990,2024-01-02 11:21:00,2024-01-02 11:57:00,5.81,317,Chennai
9991,2024-01-01 03:09:00,2024-01-01 03:52:00,4.78,382,Chennai
9992,2024-01-06 06:23:00,2024-01-06 07:01:00,5.42,209,Chennai
9993,2024-01-03 05:52:00,2024-01-03 06:44:00,9.4,423,Bangalore
9994,2024-01-27 13:09:00,2024-01-27 14:01:00,4.01,405,Mumbai
9995,2024-01-26 12:52:00,2024-01-26 13:45:00,5.8,313,Delhi
9996,2024-01-24 03:21:00,2024-01-24 03:50:00,2.67,328,Delhi
9997,2024-01-31 18:24:00,2024-01-31 19:01:00,2.54,487,Bangalore
9998,2024-01-31 05:01:00,2024-01-31 05:32:00,5.75,407,Mumbai
9999,2024-01-12 09:48:00,2024-01-12 10:24:00,6.93,393,Delhi
10000,2024-01-04 23:23:00,2024-01-04 23:48:00,2.98,219,Chennai
